archetype,n_reference,destination,destination_n,intersection,retention,precision,Jaccard,within_pair_coassignment,n_destinations,mode,seed,louvain_seed,gamma
A,141,1,141,141,1.0,1.0,1.0,1.0,1,optimizer_only,0,0,0.5
B,98,3,98,98,1.0,1.0,1.0,1.0,1,optimizer_only,0,0,0.5
C,29,7,29,29,1.0,1.0,1.0,1.0,1,optimizer_only,0,0,0.5
D,153,8,153,153,1.0,1.0,1.0,1.0,1,optimizer_only,0,0,0.5
E,186,9,186,186,1.0,1.0,1.0,1.0,1,optimizer_only,0,0,0.5
F,327,10,327,327,1.0,1.0,1.0,1.0,1,optimizer_only,0,0,0.5
G,965,11,965,965,1.0,1.0,1.0,1.0,1,optimizer_only,0,0,0.5
A,141,4,129,121,0.8581560283687943,0.937984496124031,0.8120805369127517,0.7463019250253293,3,optimizer_only,1,1,0.5
B,98,0,114,98,1.0,0.8596491228070176,0.8596491228070176,1.0,1,optimizer_only,1,1,0.5
C,29,1,20,19,0.6551724137931034,0.95,0.6333333333333333,0.49261083743842365,3,optimizer_only,1,1,0.5
D,153,6,610,150,0.9803921568627451,0.2459016393442623,0.24469820554649266,0.9613003095975232,2,optimizer_only,1,1,0.5
E,186,8,171,166,0.8924731182795699,0.9707602339181286,0.8691099476439791,0.8033129904097646,3,optimizer_only,1,1,0.5
F,327,6,610,314,0.9602446483180428,0.5147540983606558,0.5040128410914928,0.9225530477852197,4,optimizer_only,1,1,0.5
G,965,7,837,835,0.8652849740932642,0.997610513739546,0.8634953464322648,0.7655343667361812,4,optimizer_only,1,1,0.5
A,141,1,158,126,0.8936170212765957,0.7974683544303798,0.7283236994219653,0.8058763931104357,3,optimizer_only,2,2,0.5
B,98,7,287,98,1.0,0.34146341463414637,0.34146341463414637,1.0,1,optimizer_only,2,2,0.5
C,29,3,17,17,0.5862068965517241,1.0,0.5862068965517241,0.3817733990147783,5,optimizer_only,2,2,0.5
D,153,4,318,153,1.0,0.4811320754716981,0.4811320754716981,1.0,1,optimizer_only,2,2,0.5
E,186,7,287,186,1.0,0.6480836236933798,0.6480836236933798,1.0,1,optimizer_only,2,2,0.5
F,327,4,318,150,0.45871559633027525,0.4716981132075472,0.30303030303030304,0.42590195305904205,3,optimizer_only,2,2,0.5
G,965,9,1118,962,0.9968911917098445,0.8604651162790697,0.8581623550401427,0.9937909831659966,3,optimizer_only,2,2,0.5
A,141,1,154,138,0.9787234042553191,0.8961038961038961,0.8789808917197452,0.9578520770010132,3,optimizer_only,3,3,0.5
B,98,4,59,58,0.5918367346938775,0.9830508474576272,0.5858585858585859,0.5118872291184515,2,optimizer_only,3,3,0.5
C,29,11,18,18,0.6206896551724138,1.0,0.6206896551724138,0.43596059113300495,4,optimizer_only,3,3,0.5
D,153,5,422,153,1.0,0.36255924170616116,0.36255924170616116,1.0,1,optimizer_only,3,3,0.5
E,186,2,230,185,0.9946236559139785,0.8043478260869565,0.8008658008658008,0.989247311827957,2,optimizer_only,3,3,0.5
F,327,5,422,252,0.7706422018348624,0.5971563981042654,0.5070422535211268,0.627643008573948,5,optimizer_only,3,3,0.5
G,965,8,1007,940,0.9740932642487047,0.9334657398212513,0.9108527131782945,0.9491196009717713,4,optimizer_only,3,3,0.5
A,141,7,149,137,0.9716312056737588,0.9194630872483222,0.8954248366013072,0.9439716312056737,4,optimizer_only,4,4,0.5
B,98,4,115,98,1.0,0.8521739130434782,0.8521739130434782,1.0,1,optimizer_only,4,4,0.5
C,29,5,29,28,0.9655172413793104,0.9655172413793104,0.9333333333333333,0.9310344827586207,2,optimizer_only,4,4,0.5
D,153,8,153,149,0.9738562091503268,0.9738562091503268,0.9490445859872612,0.9484864121087031,3,optimizer_only,4,4,0.5
E,186,1,187,169,0.9086021505376344,0.9037433155080213,0.8284313725490197,0.8330136588201105,2,optimizer_only,4,4,0.5
F,327,10,259,248,0.7584097859327217,0.9575289575289575,0.7337278106508875,0.6028029492880058,5,optimizer_only,4,4,0.5
G,965,11,1010,956,0.9906735751295337,0.9465346534653465,0.9381746810598626,0.981469696643949,4,optimizer_only,4,4,0.5
A,141,6,128,92,0.6524822695035462,0.71875,0.519774011299435,0.5432624113475177,2,optimizer_only,5,5,0.5
B,98,4,114,98,1.0,0.8596491228070176,0.8596491228070176,1.0,1,optimizer_only,5,5,0.5
C,29,10,18,18,0.6206896551724138,1.0,0.6206896551724138,0.46798029556650245,3,optimizer_only,5,5,0.5
D,153,11,326,150,0.9803921568627451,0.4601226993865031,0.45592705167173253,0.9613003095975232,2,optimizer_only,5,5,0.5
E,186,9,166,162,0.8709677419354839,0.9759036144578314,0.8526315789473684,0.766579482708515,3,optimizer_only,5,5,0.5
F,327,7,1147,173,0.5290519877675841,0.15082824760244115,0.13297463489623368,0.4204611545749611,3,optimizer_only,5,5,0.5
G,965,7,1147,964,0.9989637305699481,0.8404533565823888,0.8397212543554007,0.9979274611398964,2,optimizer_only,5,5,0.5
A,141,0,142,139,0.9858156028368794,0.9788732394366197,0.9652777777777778,0.9718338399189463,2,optimizer_only,6,6,0.5
B,98,7,115,98,1.0,0.8521739130434782,0.8521739130434782,1.0,1,optimizer_only,6,6,0.5
C,29,1,18,18,0.6206896551724138,1.0,0.6206896551724138,0.4482758620689655,4,optimizer_only,6,6,0.5
D,153,9,510,150,0.9803921568627451,0.29411764705882354,0.29239766081871343,0.9613003095975232,2,optimizer_only,6,6,0.5
E,186,2,175,168,0.9032258064516129,0.96,0.8704663212435233,0.82324905550712,3,optimizer_only,6,6,0.5
F,327,9,510,319,0.9755351681957186,0.6254901960784314,0.6158301158301158,0.951895836851091,3,optimizer_only,6,6,0.5
G,965,10,852,844,0.8746113989637305,0.9906103286384976,0.8674203494347379,0.7733020875884161,4,optimizer_only,6,6,0.5
A,141,8,139,134,0.950354609929078,0.9640287769784173,0.9178082191780822,0.9035460992907801,4,optimizer_only,7,7,0.5
B,98,6,150,98,1.0,0.6533333333333333,0.6533333333333333,1.0,1,optimizer_only,7,7,0.5
C,29,5,32,27,0.9310344827586207,0.84375,0.7941176470588235,0.8669950738916257,2,optimizer_only,7,7,0.5
D,153,7,474,153,1.0,0.3227848101265823,0.3227848101265823,1.0,1,optimizer_only,7,7,0.5
E,186,7,474,102,0.5483870967741935,0.21518987341772153,0.1827956989247312,0.4052891601278698,3,optimizer_only,7,7,0.5
F,327,7,474,215,0.6574923547400612,0.45358649789029537,0.36689419795221845,0.5362000712932216,4,optimizer_only,7,7,0.5
G,965,9,1072,963,0.9979274611398964,0.898320895522388,0.8966480446927374,0.9958570722163697,3,optimizer_only,7,7,0.5
A,141,7,122,122,0.8652482269503546,1.0,0.8652482269503546,0.7556231003039514,4,optimizer_only,8,8,0.5
B,98,10,289,98,1.0,0.3391003460207612,0.3391003460207612,1.0,1,optimizer_only,8,8,0.5
C,29,6,18,18,0.6206896551724138,1.0,0.6206896551724138,0.4482758620689655,4,optimizer_only,8,8,0.5
D,153,8,480,150,0.9803921568627451,0.3125,0.3105590062111801,0.9613003095975232,2,optimizer_only,8,8,0.5
E,186,10,289,186,1.0,0.643598615916955,0.643598615916955,1.0,1,optimizer_only,8,8,0.5
F,327,8,480,301,0.9204892966360856,0.6270833333333333,0.5948616600790514,0.8531734864261459,2,optimizer_only,8,8,0.5
G,965,9,973,946,0.9803108808290155,0.9722507708119219,0.9536290322580645,0.9612495431384774,4,optimizer_only,8,8,0.5
A,141,4,174,128,0.9078014184397163,0.735632183908046,0.6844919786096256,0.8266464032421479,4,optimizer_only,9,9,0.5
B,98,2,99,98,1.0,0.98989898989899,0.98989898989899,1.0,1,optimizer_only,9,9,0.5
C,29,10,30,21,0.7241379310344828,0.7,0.5526315789473685,0.5689655172413793,3,optimizer_only,9,9,0.5
D,153,8,334,151,0.9869281045751634,0.45209580838323354,0.4494047619047619,0.9740282077743379,2,optimizer_only,9,9,0.5
E,186,6,187,183,0.9838709677419355,0.9786096256684492,0.9631578947368421,0.9679744260389421,3,optimizer_only,9,9,0.5
F,327,8,334,158,0.4831804281345566,0.47305389221556887,0.31411530815109345,0.38753494305922964,4,optimizer_only,9,9,0.5
G,965,11,1076,947,0.9813471502590674,0.8801115241635687,0.8656307129798904,0.9632489841549674,5,optimizer_only,9,9,0.5
A,141,11,200,134,0.950354609929078,0.67,0.6473429951690821,0.903951367781155,3,optimizer_only,10,10,0.5
B,98,2,98,98,1.0,1.0,1.0,1.0,1,optimizer_only,10,10,0.5
C,29,3,33,26,0.896551724137931,0.7878787878787878,0.7222222222222222,0.8029556650246306,3,optimizer_only,10,10,0.5
D,153,7,414,148,0.9673202614379085,0.357487922705314,0.3532219570405728,0.936360509115927,2,optimizer_only,10,10,0.5
E,186,6,194,186,1.0,0.9587628865979382,0.9587628865979382,1.0,1,optimizer_only,10,10,0.5
F,327,7,414,239,0.7308868501529052,0.5772946859903382,0.4760956175298805,0.5746984109116152,4,optimizer_only,10,10,0.5
G,965,8,959,933,0.966839378238342,0.97288842544317,0.941473259334006,0.9355062025670243,5,optimizer_only,10,10,0.5
A,141,1,148,137,0.9716312056737588,0.9256756756756757,0.9013157894736842,0.9444782168186423,2,optimizer_only,11,11,0.5
B,98,7,115,97,0.9897959183673469,0.8434782608695652,0.8362068965517241,0.9795918367346939,2,optimizer_only,11,11,0.5
C,29,3,18,18,0.6206896551724138,1.0,0.6206896551724138,0.4236453201970443,4,optimizer_only,11,11,0.5
D,153,9,347,153,1.0,0.4409221902017291,0.4409221902017291,1.0,1,optimizer_only,11,11,0.5
E,186,5,170,168,0.9032258064516129,0.9882352941176471,0.8936170212765957,0.8242371403661726,2,optimizer_only,11,11,0.5
F,327,9,347,175,0.5351681957186545,0.5043227665706052,0.35070140280561124,0.48190465469691,3,optimizer_only,11,11,0.5
G,965,10,1102,950,0.9844559585492227,0.8620689655172413,0.8504923903312444,0.9693333046675123,3,optimizer_only,11,11,0.5
A,141,2,129,127,0.900709219858156,0.9844961240310077,0.8881118881118881,0.8165146909827761,3,optimizer_only,12,12,0.5
B,98,5,115,98,1.0,0.8521739130434782,0.8521739130434782,1.0,1,optimizer_only,12,12,0.5
C,29,6,18,18,0.6206896551724138,1.0,0.6206896551724138,0.4236453201970443,4,optimizer_only,12,12,0.5
D,153,9,178,137,0.8954248366013072,0.7696629213483146,0.7061855670103093,0.8114895080839353,2,optimizer_only,12,12,0.5
E,186,7,133,131,0.7043010752688172,0.9849624060150376,0.6968085106382979,0.5436791630340018,3,optimizer_only,12,12,0.5
F,327,8,386,318,0.9724770642201835,0.8238341968911918,0.8050632911392405,0.9460422881371832,3,optimizer_only,12,12,0.5
G,965,10,939,926,0.9595854922279793,0.9861554845580405,0.9468302658486708,0.9222754928729603,3,optimizer_only,12,12,0.5
A,141,2,187,138,0.9787234042553191,0.7379679144385026,0.7263157894736842,0.9578520770010132,3,optimizer_only,13,13,0.5
B,98,8,115,98,1.0,0.8521739130434782,0.8521739130434782,1.0,1,optimizer_only,13,13,0.5
C,29,3,27,26,0.896551724137931,0.9629629629629629,0.8666666666666667,0.8029556650246306,3,optimizer_only,13,13,0.5
D,153,7,437,153,1.0,0.3501144164759725,0.3501144164759725,1.0,1,optimizer_only,13,13,0.5
E,186,4,178,168,0.9032258064516129,0.9438202247191011,0.8571428571428571,0.82324905550712,3,optimizer_only,13,13,0.5
F,327,7,437,261,0.7981651376146789,0.597254004576659,0.5188866799204771,0.65841166207013,4,optimizer_only,13,13,0.5
G,965,9,953,940,0.9740932642487047,0.9863588667366212,0.9611451942740287,0.9492442972932299,5,optimizer_only,13,13,0.5
A,141,1,126,122,0.8652482269503546,0.9682539682539683,0.8413793103448276,0.7651469098277609,2,optimizer_only,14,14,0.5
B,98,9,275,98,1.0,0.3563636363636364,0.3563636363636364,1.0,1,optimizer_only,14,14,0.5
C,29,2,18,18,0.6206896551724138,1.0,0.6206896551724138,0.45320197044334976,3,optimizer_only,14,14,0.5
D,153,10,318,153,1.0,0.4811320754716981,0.4811320754716981,1.0,1,optimizer_only,14,14,0.5
E,186,9,275,177,0.9516129032258065,0.6436363636363637,0.6232394366197183,0.9074106364428945,2,optimizer_only,14,14,0.5
F,327,7,720,187,0.5718654434250765,0.25972222222222224,0.21744186046511627,0.49862103900489674,3,optimizer_only,14,14,0.5
G,965,7,720,524,0.5430051813471503,0.7277777777777777,0.45133505598621876,0.5031840560703459,2,optimizer_only,14,14,0.5
A,141,3,134,133,0.9432624113475178,0.9925373134328358,0.9366197183098591,0.8906788247213779,3,optimizer_only,15,15,0.5
B,98,8,115,98,1.0,0.8521739130434782,0.8521739130434782,1.0,1,optimizer_only,15,15,0.5
C,29,1,18,18,0.6206896551724138,1.0,0.6206896551724138,0.4482758620689655,4,optimizer_only,15,15,0.5
D,153,4,227,152,0.9934640522875817,0.6696035242290749,0.6666666666666666,0.9869281045751634,2,optimizer_only,15,15,0.5
E,186,6,100,100,0.5376344086021505,1.0,0.5376344086021505,0.43196745132229003,3,optimizer_only,15,15,0.5
F,327,7,431,323,0.9877675840978594,0.7494199535962877,0.7425287356321839,0.9756664978142999,4,optimizer_only,15,15,0.5
G,965,11,876,873,0.9046632124352332,0.9965753424657534,0.9018595041322314,0.8273256938920301,2,optimizer_only,15,15,0.5
A,141,9,139,133,0.9432624113475178,0.9568345323741008,0.9047619047619048,0.8904761904761904,4,optimizer_only,16,16,0.5
B,98,2,114,98,1.0,0.8596491228070176,0.8596491228070176,1.0,1,optimizer_only,16,16,0.5
C,29,4,35,28,0.9655172413793104,0.8,0.7777777777777778,0.9310344827586207,2,optimizer_only,16,16,0.5
D,153,3,325,152,0.9934640522875817,0.4676923076923077,0.4662576687116564,0.9869281045751634,2,optimizer_only,16,16,0.5
E,186,3,325,168,0.9032258064516129,0.5169230769230769,0.4897959183673469,0.8223190932868352,4,optimizer_only,16,16,0.5
F,327,8,402,316,0.9663608562691132,0.7860696517412935,0.7651331719128329,0.9339787246017899,5,optimizer_only,16,16,0.5
G,965,10,775,771,0.7989637305699482,0.9948387096774194,0.7956656346749226,0.6584417259690839,4,optimizer_only,16,16,0.5
A,141,0,141,135,0.9574468085106383,0.9574468085106383,0.9183673469387755,0.9174265450861195,3,optimizer_only,17,17,0.5
B,98,5,98,98,1.0,1.0,1.0,1.0,1,optimizer_only,17,17,0.5
C,29,6,34,26,0.896551724137931,0.7647058823529411,0.7027027027027027,0.8078817733990148,2,optimizer_only,17,17,0.5
D,153,8,333,149,0.9738562091503268,0.44744744744744747,0.4421364985163205,0.9484864121087031,3,optimizer_only,17,17,0.5
E,186,9,189,185,0.9946236559139785,0.9788359788359788,0.9736842105263158,0.989247311827957,2,optimizer_only,17,17,0.5
F,327,8,333,168,0.5137614678899083,0.5045045045045045,0.34146341463414637,0.4843248719536219,4,optimizer_only,17,17,0.5
G,965,10,636,481,0.49844559585492226,0.7562893081761006,0.4294642857142857,0.48332724184636555,4,optimizer_only,17,17,0.5
A,141,3,119,114,0.8085106382978723,0.957983193277311,0.7808219178082192,0.6728470111448834,5,optimizer_only,18,18,0.5
B,98,2,98,98,1.0,1.0,1.0,1.0,1,optimizer_only,18,18,0.5
C,29,7,34,27,0.9310344827586207,0.7941176470588235,0.75,0.8669950738916257,2,optimizer_only,18,18,0.5
D,153,9,160,151,0.9869281045751634,0.94375,0.9320987654320988,0.9740282077743379,2,optimizer_only,18,18,0.5
E,186,6,185,183,0.9838709677419355,0.9891891891891892,0.973404255319149,0.9679744260389421,3,optimizer_only,18,18,0.5
F,327,10,399,312,0.9541284403669725,0.7819548872180451,0.7536231884057971,0.910752143486989,5,optimizer_only,18,18,0.5
G,965,8,907,902,0.9347150259067357,0.9944873208379272,0.9298969072164949,0.8776944080149636,3,optimizer_only,18,18,0.5
A,141,2,152,133,0.9432624113475178,0.875,0.83125,0.8909827760891591,3,optimizer_only,19,19,0.5
B,98,5,208,98,1.0,0.47115384615384615,0.47115384615384615,1.0,1,optimizer_only,19,19,0.5
C,29,3,18,18,0.6206896551724138,1.0,0.6206896551724138,0.4876847290640394,3,optimizer_only,19,19,0.5
D,153,9,498,150,0.9803921568627451,0.30120481927710846,0.2994011976047904,0.9613003095975232,2,optimizer_only,19,19,0.5
E,186,5,208,110,0.5913978494623656,0.5288461538461539,0.3873239436619718,0.5140947399011915,2,optimizer_only,19,19,0.5
F,327,9,498,301,0.9204892966360856,0.6044176706827309,0.5744274809160306,0.8500778597024446,5,optimizer_only,19,19,0.5
G,965,8,862,859,0.8901554404145078,0.9965197215777262,0.887396694214876,0.7991765742910584,4,optimizer_only,19,19,0.5
A,141,1,141,139,0.9858156028368794,0.9858156028368794,0.972027972027972,0.9718338399189463,2,graph_only,0,0,0.5
B,98,5,98,98,1.0,1.0,1.0,1.0,1,graph_only,0,0,0.5
C,29,9,20,19,0.6551724137931034,0.95,0.6333333333333333,0.49261083743842365,3,graph_only,0,0,0.5
D,153,10,156,136,0.8888888888888888,0.8717948717948718,0.7861271676300579,0.7951496388028896,3,graph_only,0,0,0.5
E,186,6,199,186,1.0,0.9346733668341709,0.9346733668341709,1.0,1,graph_only,0,0,0.5
F,327,8,492,301,0.9204892966360856,0.6117886178861789,0.581081081081081,0.850772030543517,4,graph_only,0,0,0.5
G,965,11,787,785,0.8134715025906736,0.9974587039390089,0.811789038262668,0.6954464343301873,4,graph_only,0,0,0.5
A,141,12,139,128,0.9078014184397163,0.920863309352518,0.8421052631578947,0.8281661600810537,4,graph_only,1,0,0.5
B,98,9,288,98,1.0,0.3402777777777778,0.3402777777777778,1.0,1,graph_only,1,0,0.5
C,29,11,18,18,0.6206896551724138,1.0,0.6206896551724138,0.4482758620689655,4,graph_only,1,0,0.5
D,153,8,452,151,0.9869281045751634,0.334070796460177,0.33259911894273125,0.9740282077743379,2,graph_only,1,0,0.5
E,186,9,288,186,1.0,0.6458333333333334,0.6458333333333334,1.0,1,graph_only,1,0,0.5
F,327,8,452,287,0.8776758409785933,0.6349557522123894,0.5833333333333334,0.7831935610964147,3,graph_only,1,0,0.5
G,965,6,1000,960,0.9948186528497409,0.96,0.9552238805970149,0.9896717046847118,3,graph_only,1,0,0.5
A,141,5,147,121,0.8581560283687943,0.8231292517006803,0.7245508982035929,0.7443768996960486,4,graph_only,2,0,0.5
B,98,2,225,98,1.0,0.43555555555555553,0.43555555555555553,1.0,1,graph_only,2,0,0.5
C,29,10,37,28,0.9655172413793104,0.7567567567567568,0.7368421052631579,0.9310344827586207,2,graph_only,2,0,0.5
D,153,11,215,152,0.9934640522875817,0.7069767441860465,0.7037037037037037,0.9869281045751634,2,graph_only,2,0,0.5
E,186,2,225,127,0.6827956989247311,0.5644444444444444,0.4471830985915493,0.5644870677128742,2,graph_only,2,0,0.5
F,327,4,406,300,0.9174311926605505,0.7389162561576355,0.6928406466512702,0.845837789159678,5,graph_only,2,0,0.5
G,965,3,795,793,0.8217616580310881,0.9974842767295597,0.8200620475698035,0.6900801926343173,5,graph_only,2,0,0.5
A,141,12,641,138,0.9787234042553191,0.21528861154446177,0.21428571428571427,0.9578520770010132,3,graph_only,3,0,0.5
B,98,14,288,98,1.0,0.3402777777777778,0.3402777777777778,1.0,1,graph_only,3,0,0.5
C,29,11,17,17,0.5862068965517241,1.0,0.5862068965517241,0.4482758620689655,3,graph_only,3,0,0.5
D,153,12,641,151,0.9869281045751634,0.23556942277691106,0.23483670295489892,0.9740282077743379,2,graph_only,3,0,0.5
E,186,14,288,186,1.0,0.6458333333333334,0.6458333333333334,1.0,1,graph_only,3,0,0.5
F,327,12,641,303,0.926605504587156,0.47269890795631825,0.4556390977443609,0.8627417872084951,3,graph_only,3,0,0.5
G,965,13,949,917,0.950259067357513,0.9662802950474183,0.9197592778335005,0.9052673446133339,3,graph_only,3,0,0.5
A,141,12,581,134,0.950354609929078,0.2306368330464716,0.22789115646258504,0.903951367781155,3,graph_only,4,0,0.5
B,98,12,581,98,1.0,0.1686746987951807,0.1686746987951807,1.0,1,graph_only,4,0,0.5
C,29,11,1301,24,0.8275862068965517,0.018447348193697154,0.018376722817764167,0.7044334975369458,2,graph_only,4,0,0.5
D,153,12,581,152,0.9934640522875817,0.26161790017211706,0.2611683848797251,0.9869281045751634,2,graph_only,4,0,0.5
E,186,12,581,186,1.0,0.32013769363166955,0.32013769363166955,1.0,1,graph_only,4,0,0.5
F,327,11,1301,313,0.9571865443425076,0.24058416602613375,0.23802281368821293,0.9171310106752218,4,graph_only,4,0,0.5
G,965,11,1301,962,0.9968911917098445,0.7394312067640276,0.7377300613496932,0.9937888332294197,4,graph_only,4,0,0.5
A,141,7,139,126,0.8936170212765957,0.9064748201438849,0.8181818181818182,0.804660587639311,4,graph_only,5,0,0.5
B,98,5,289,98,1.0,0.3391003460207612,0.3391003460207612,1.0,1,graph_only,5,0,0.5
C,29,9,19,18,0.6206896551724138,0.9473684210526315,0.6,0.45320197044334976,3,graph_only,5,0,0.5
D,153,10,152,149,0.9738562091503268,0.9802631578947368,0.9551282051282052,0.9484864121087031,3,graph_only,5,0,0.5
E,186,5,289,186,1.0,0.643598615916955,0.643598615916955,1.0,1,graph_only,5,0,0.5
F,327,8,638,317,0.9694189602446484,0.49686520376175547,0.48919753086419754,0.9399448415601959,4,graph_only,5,0,0.5
G,965,6,662,659,0.6829015544041451,0.9954682779456193,0.6807851239669421,0.5658009588717133,3,graph_only,5,0,0.5
A,141,3,118,116,0.8226950354609929,0.9830508474576272,0.8111888111888111,0.686322188449848,4,graph_only,6,0,0.5
B,98,5,97,97,0.9897959183673469,1.0,0.9897959183673469,0.9795918367346939,2,graph_only,6,0,0.5
C,29,9,17,17,0.5862068965517241,1.0,0.5862068965517241,0.4088669950738916,4,graph_only,6,0,0.5
D,153,6,479,145,0.9477124183006536,0.302713987473904,0.29774127310061604,0.9002407980736155,2,graph_only,6,0,0.5
E,186,2,210,186,1.0,0.8857142857142857,0.8857142857142857,1.0,1,graph_only,6,0,0.5
F,327,6,479,311,0.9510703363914373,0.6492693110647182,0.6282828282828283,0.9049361175212473,5,graph_only,6,0,0.5
G,965,7,964,955,0.9896373056994818,0.9906639004149378,0.9804928131416838,0.9794681056908822,2,graph_only,6,0,0.5
A,141,6,153,138,0.9787234042553191,0.9019607843137255,0.8846153846153846,0.9578520770010132,3,graph_only,7,0,0.5
B,98,13,114,98,1.0,0.8596491228070176,0.8596491228070176,1.0,1,graph_only,7,0,0.5
C,29,5,18,18,0.6206896551724138,1.0,0.6206896551724138,0.4482758620689655,4,graph_only,7,0,0.5
D,153,8,532,153,1.0,0.287593984962406,0.287593984962406,1.0,1,graph_only,7,0,0.5
E,186,9,174,168,0.9032258064516129,0.9655172413793104,0.875,0.822377215925603,3,graph_only,7,0,0.5
F,327,8,532,308,0.9418960244648318,0.5789473684210527,0.558983666061706,0.8880321194724302,4,graph_only,7,0,0.5
G,965,12,907,898,0.9305699481865285,0.9900771775082691,0.9219712525667351,0.870505020101907,3,graph_only,7,0,0.5
A,141,0,148,138,0.9787234042553191,0.9324324324324325,0.9139072847682119,0.9578520770010132,3,graph_only,8,0,0.5
B,98,4,115,98,1.0,0.8521739130434782,0.8521739130434782,1.0,1,graph_only,8,0,0.5
C,29,1,18,18,0.6206896551724138,1.0,0.6206896551724138,0.46798029556650245,3,graph_only,8,0,0.5
D,153,6,313,153,1.0,0.48881789137380194,0.48881789137380194,1.0,1,graph_only,8,0,0.5
E,186,7,167,166,0.8924731182795699,0.9940119760479041,0.8877005347593583,0.8039523394362104,4,graph_only,8,0,0.5
F,327,10,1137,164,0.5015290519877675,0.1442392260334213,0.12615384615384614,0.47246768353314195,3,graph_only,8,0,0.5
G,965,10,1137,962,0.9968911917098445,0.8460861917326298,0.843859649122807,0.9937909831659966,3,graph_only,8,0,0.5
A,141,6,136,132,0.9361702127659575,0.9705882352941176,0.9103448275862069,0.8772036474164133,4,graph_only,9,0,0.5
B,98,10,99,98,1.0,0.98989898989899,0.98989898989899,1.0,1,graph_only,9,0,0.5
C,29,1,36,29,1.0,0.8055555555555556,0.8055555555555556,1.0,1,graph_only,9,0,0.5
D,153,9,521,153,1.0,0.29366602687140114,0.29366602687140114,1.0,1,graph_only,9,0,0.5
E,186,3,187,185,0.9946236559139785,0.9893048128342246,0.9840425531914894,0.989247311827957,2,graph_only,9,0,0.5
F,327,9,521,322,0.9847094801223242,0.6180422264875239,0.6121673003802282,0.9697191422299769,3,graph_only,9,0,0.5
G,965,11,920,918,0.9512953367875647,0.9978260869565218,0.9493278179937953,0.9069507449530239,4,graph_only,9,0,0.5
A,141,8,136,132,0.9361702127659575,0.9705882352941176,0.9103448275862069,0.8781155015197568,4,graph_only,10,0,0.5
B,98,2,114,98,1.0,0.8596491228070176,0.8596491228070176,1.0,1,graph_only,10,0,0.5
C,29,9,18,18,0.6206896551724138,1.0,0.6206896551724138,0.4876847290640394,3,graph_only,10,0,0.5
D,153,1,148,145,0.9477124183006536,0.9797297297297297,0.9294871794871795,0.8988648090815273,3,graph_only,10,0,0.5
E,186,7,174,169,0.9086021505376344,0.9712643678160919,0.8848167539267016,0.8320836965998256,3,graph_only,10,0,0.5
F,327,10,507,322,0.9847094801223242,0.6351084812623274,0.62890625,0.9697191422299769,3,graph_only,10,0,0.5
G,965,11,805,804,0.8331606217616581,0.9987577639751553,0.8322981366459627,0.7217036097435126,2,graph_only,10,0,0.5
A,141,11,188,137,0.9716312056737588,0.7287234042553191,0.7135416666666666,0.9441742654508612,3,graph_only,11,0,0.5
B,98,12,218,98,1.0,0.44954128440366975,0.44954128440366975,1.0,1,graph_only,11,0,0.5
C,29,9,18,18,0.6206896551724138,1.0,0.6206896551724138,0.4876847290640394,3,graph_only,11,0,0.5
D,153,6,408,153,1.0,0.375,0.375,1.0,1,graph_only,11,0,0.5
E,186,12,218,120,0.6451612903225806,0.5504587155963303,0.4225352112676056,0.5358907294391165,3,graph_only,11,0,0.5
F,327,6,408,172,0.5259938837920489,0.4215686274509804,0.30550621669627,0.4013245530102625,3,graph_only,11,0,0.5
G,965,8,1066,950,0.9844559585492227,0.8911819887429644,0.8788159111933395,0.9693333046675123,3,graph_only,11,0,0.5
A,141,13,112,83,0.5886524822695035,0.7410714285714286,0.48823529411764705,0.506484295845998,3,graph_only,12,0,0.5
B,98,16,237,98,1.0,0.41350210970464135,0.41350210970464135,1.0,1,graph_only,12,0,0.5
C,29,13,112,20,0.6896551724137931,0.17857142857142858,0.1652892561983471,0.5073891625615764,4,graph_only,12,0,0.5
D,153,15,417,153,1.0,0.3669064748201439,0.3669064748201439,1.0,1,graph_only,12,0,0.5
E,186,16,237,139,0.7473118279569892,0.5864978902953587,0.4894366197183099,0.6202848009299622,2,graph_only,12,0,0.5
F,327,14,1128,159,0.48623853211009177,0.14095744680851063,0.12268518518518519,0.4717359899439035,4,graph_only,12,0,0.5
G,965,14,1128,962,0.9968911917098445,0.8528368794326241,0.8505747126436781,0.9937909831659966,3,graph_only,12,0,0.5
A,141,7,171,135,0.9574468085106383,0.7894736842105263,0.7627118644067796,0.9168186423505572,4,graph_only,13,0,0.5
B,98,5,116,98,1.0,0.8448275862068966,0.8448275862068966,1.0,1,graph_only,13,0,0.5
C,29,0,17,17,0.5862068965517241,1.0,0.5862068965517241,0.41133004926108374,4,graph_only,13,0,0.5
D,153,1,328,153,1.0,0.46646341463414637,0.46646341463414637,1.0,1,graph_only,13,0,0.5
E,186,9,171,167,0.8978494623655914,0.9766081871345029,0.8789473684210526,0.81453065969195,3,graph_only,13,0,0.5
F,327,1,328,171,0.5229357798165137,0.5213414634146342,0.35330578512396693,0.43563910620813867,4,graph_only,13,0,0.5
G,965,8,1095,962,0.9968911917098445,0.8785388127853881,0.8761384335154827,0.9937909831659966,3,graph_only,13,0,0.5
A,141,6,184,134,0.950354609929078,0.7282608695652174,0.7015706806282722,0.903951367781155,3,graph_only,14,0,0.5
B,98,5,297,98,1.0,0.32996632996632996,0.32996632996632996,1.0,1,graph_only,14,0,0.5
C,29,2,37,29,1.0,0.7837837837837838,0.7837837837837838,1.0,1,graph_only,14,0,0.5
D,153,7,398,150,0.9803921568627451,0.3768844221105528,0.3740648379052369,0.9613003095975232,2,graph_only,14,0,0.5
E,186,5,297,185,0.9946236559139785,0.622895622895623,0.6208053691275168,0.989247311827957,2,graph_only,14,0,0.5
F,327,7,398,232,0.709480122324159,0.5829145728643216,0.47058823529411764,0.537438321982702,5,graph_only,14,0,0.5
G,965,9,984,944,0.9782383419689119,0.959349593495935,0.9393034825870646,0.957190462881345,5,graph_only,14,0,0.5
A,141,1,145,128,0.9078014184397163,0.8827586206896552,0.810126582278481,0.8291793313069908,3,graph_only,15,0,0.5
B,98,4,99,98,1.0,0.98989898989899,0.98989898989899,1.0,1,graph_only,15,0,0.5
C,29,7,18,18,0.6206896551724138,1.0,0.6206896551724138,0.4876847290640394,3,graph_only,15,0,0.5
D,153,11,363,151,0.9869281045751634,0.41597796143250687,0.4136986301369863,0.9740282077743379,2,graph_only,15,0,0.5
E,186,9,190,185,0.9946236559139785,0.9736842105263158,0.9685863874345549,0.989247311827957,2,graph_only,15,0,0.5
F,327,11,363,185,0.5657492354740061,0.509641873278237,0.36633663366336633,0.4843436333277049,4,graph_only,15,0,0.5
G,965,10,872,868,0.8994818652849741,0.9954128440366973,0.8957688338493293,0.8159933781953432,5,graph_only,15,0,0.5
A,141,2,134,130,0.9219858156028369,0.9701492537313433,0.896551724137931,0.8512664640324215,4,graph_only,16,0,0.5
B,98,6,115,98,1.0,0.8521739130434782,0.8521739130434782,1.0,1,graph_only,16,0,0.5
C,29,9,37,28,0.9655172413793104,0.7567567567567568,0.7368421052631579,0.9310344827586207,2,graph_only,16,0,0.5
D,153,8,565,153,1.0,0.27079646017699116,0.27079646017699116,1.0,1,graph_only,16,0,0.5
E,186,4,173,168,0.9032258064516129,0.9710982658959537,0.8795811518324608,0.82324905550712,3,graph_only,16,0,0.5
F,327,8,565,314,0.9602446483180428,0.5557522123893806,0.5432525951557093,0.9222341044258081,5,graph_only,16,0,0.5
G,965,5,875,871,0.9025906735751296,0.9954285714285714,0.8988648090815273,0.8233848601466257,4,graph_only,16,0,0.5
A,141,7,117,92,0.6524822695035462,0.7863247863247863,0.5542168674698795,0.5124620060790274,4,graph_only,17,0,0.5
B,98,5,217,98,1.0,0.45161290322580644,0.45161290322580644,1.0,1,graph_only,17,0,0.5
C,29,9,38,26,0.896551724137931,0.6842105263157895,0.6341463414634146,0.8029556650246306,3,graph_only,17,0,0.5
D,153,10,347,148,0.9673202614379085,0.4265129682997118,0.42045454545454547,0.936360509115927,2,graph_only,17,0,0.5
E,186,5,217,119,0.6397849462365591,0.5483870967741935,0.41901408450704225,0.5365882011043301,2,graph_only,17,0,0.5
F,327,10,347,156,0.47706422018348627,0.4495677233429395,0.30115830115830117,0.421924541753438,4,graph_only,17,0,0.5
G,965,12,1106,961,0.9958549222797928,0.8688969258589512,0.8657657657657658,0.9917291939887773,3,graph_only,17,0,0.5
A,141,2,135,134,0.950354609929078,0.9925925925925926,0.9436619718309859,0.903951367781155,3,graph_only,18,0,0.5
B,98,0,114,98,1.0,0.8596491228070176,0.8596491228070176,1.0,1,graph_only,18,0,0.5
C,29,8,17,17,0.5862068965517241,1.0,0.5862068965517241,0.3866995073891626,4,graph_only,18,0,0.5
D,153,9,507,150,0.9803921568627451,0.2958579881656805,0.29411764705882354,0.9613003095975232,2,graph_only,18,0,0.5
E,186,7,187,170,0.9139784946236559,0.9090909090909091,0.8374384236453202,0.8419064225515839,2,graph_only,18,0,0.5
F,327,9,507,302,0.9235474006116208,0.5956607495069034,0.5676691729323309,0.855199714827114,4,graph_only,18,0,0.5
G,965,10,933,919,0.9523316062176166,0.984994640943194,0.9387129724208376,0.9088362393309397,3,graph_only,18,0,0.5
A,141,9,690,140,0.9929078014184397,0.2028985507246377,0.20260492040520983,0.9858156028368794,2,graph_only,19,0,0.5
B,98,8,219,98,1.0,0.4474885844748858,0.4474885844748858,1.0,1,graph_only,19,0,0.5
C,29,9,690,26,0.896551724137931,0.03768115942028986,0.03751803751803752,0.8078817733990148,2,graph_only,19,0,0.5
D,153,9,690,153,1.0,0.2217391304347826,0.2217391304347826,1.0,1,graph_only,19,0,0.5
E,186,8,219,121,0.6505376344086021,0.5525114155251142,0.426056338028169,0.5428654460912525,2,graph_only,19,0,0.5
F,327,9,690,282,0.8623853211009175,0.40869565217391307,0.3836734693877551,0.7603046847151085,3,graph_only,19,0,0.5
G,965,10,988,942,0.9761658031088083,0.9534412955465587,0.9317507418397626,0.9533721755208221,3,graph_only,19,0,0.5
A,141,2,1868,132,0.9361702127659575,0.07066381156316917,0.07032498668087374,0.8788247213779129,3,collapse_fixed,24,0,0.5
B,98,2,1868,97,0.9897959183673469,0.05192719486081371,0.051899411449973246,0.9795918367346939,2,collapse_fixed,24,0,0.5
C,29,2,1868,20,0.6896551724137931,0.010706638115631691,0.010655301012253596,0.49261083743842365,4,collapse_fixed,24,0,0.5
D,153,2,1868,152,0.9934640522875817,0.08137044967880086,0.08132691278758694,0.9869281045751634,2,collapse_fixed,24,0,0.5
E,186,2,1868,186,1.0,0.09957173447537473,0.09957173447537473,1.0,1,collapse_fixed,24,0,0.5
F,327,2,1868,320,0.9785932721712538,0.17130620985010706,0.17066666666666666,0.9577681469390819,4,collapse_fixed,24,0,0.5
G,965,2,1868,961,0.9958549222797928,0.5144539614561028,0.5133547008547008,0.9917248941156236,4,collapse_fixed,24,0,0.5
A,141,7,1874,132,0.9361702127659575,0.07043756670224119,0.07010090281465746,0.8796352583586626,2,collapse_fixed,39,0,0.5
B,98,7,1874,96,0.9795918367346939,0.051227321237993596,0.0511727078891258,0.9596044603408374,2,collapse_fixed,39,0,0.5
C,29,7,1874,22,0.7586206896551724,0.011739594450373533,0.011695906432748537,0.5960591133004927,3,collapse_fixed,39,0,0.5
D,153,7,1874,152,0.9934640522875817,0.08110992529348986,0.08106666666666666,0.9869281045751634,2,collapse_fixed,39,0,0.5
E,186,7,1874,186,1.0,0.09925293489861259,0.09925293489861259,1.0,1,collapse_fixed,39,0,0.5
F,327,7,1874,324,0.9908256880733946,0.1728922091782284,0.17261587639850826,0.9817076602690381,4,collapse_fixed,39,0,0.5
G,965,7,1874,962,0.9968911917098445,0.5133404482390609,0.512519978689398,0.9937909831659966,3,collapse_fixed,39,0,0.5
A,141,1,141,139,0.9858156028368794,0.9858156028368794,0.972027972027972,0.9718338399189463,2,combined,0,0,0.5
B,98,5,98,98,1.0,1.0,1.0,1.0,1,combined,0,0,0.5
C,29,9,20,19,0.6551724137931034,0.95,0.6333333333333333,0.49261083743842365,3,combined,0,0,0.5
D,153,10,156,136,0.8888888888888888,0.8717948717948718,0.7861271676300579,0.7951496388028896,3,combined,0,0,0.5
E,186,6,199,186,1.0,0.9346733668341709,0.9346733668341709,1.0,1,combined,0,0,0.5
F,327,8,492,301,0.9204892966360856,0.6117886178861789,0.581081081081081,0.850772030543517,4,combined,0,0,0.5
G,965,11,787,785,0.8134715025906736,0.9974587039390089,0.811789038262668,0.6954464343301873,4,combined,0,0,0.5
A,141,10,189,138,0.9787234042553191,0.7301587301587301,0.71875,0.9578520770010132,3,combined,1,1,0.5
B,98,12,290,98,1.0,0.33793103448275863,0.33793103448275863,1.0,1,combined,1,1,0.5
C,29,9,19,17,0.5862068965517241,0.8947368421052632,0.5483870967741935,0.4088669950738916,4,combined,1,1,0.5
D,153,6,395,149,0.9738562091503268,0.37721518987341773,0.37343358395989973,0.9487444100447197,2,combined,1,1,0.5
E,186,12,290,185,0.9946236559139785,0.6379310344827587,0.6357388316151202,0.989247311827957,2,combined,1,1,0.5
F,327,6,395,225,0.6880733944954128,0.569620253164557,0.45271629778672035,0.5228982570683477,3,combined,1,1,0.5
G,965,8,1007,942,0.9761658031088083,0.9354518371400199,0.9145631067961165,0.9532130802141336,4,combined,1,1,0.5
A,141,0,141,136,0.9645390070921985,0.9645390070921985,0.9315068493150684,0.9306990881458966,3,combined,2,2,0.5
B,98,11,153,98,1.0,0.6405228758169934,0.6405228758169934,1.0,1,combined,2,2,0.5
C,29,7,19,19,0.6551724137931034,1.0,0.6551724137931034,0.49261083743842365,3,combined,2,2,0.5
D,153,8,258,126,0.8235294117647058,0.4883720930232558,0.4421052631578947,0.7074303405572755,2,combined,2,2,0.5
E,186,8,258,130,0.6989247311827957,0.5038759689922481,0.4140127388535032,0.5736704446381866,3,combined,2,2,0.5
F,327,9,638,319,0.9755351681957186,0.5,0.4938080495356037,0.9518395527288419,3,combined,2,2,0.5
G,965,12,575,575,0.5958549222797928,1.0,0.5958549222797928,0.45490723023670804,4,combined,2,2,0.5
A,141,8,457,138,0.9787234042553191,0.30196936542669583,0.3,0.9578520770010132,3,combined,3,3,0.5
B,98,9,289,98,1.0,0.3391003460207612,0.3391003460207612,1.0,1,combined,3,3,0.5
C,29,6,18,18,0.6206896551724138,1.0,0.6206896551724138,0.4876847290640394,3,combined,3,3,0.5
D,153,8,457,150,0.9803921568627451,0.3282275711159737,0.32608695652173914,0.9613003095975232,2,combined,3,3,0.5
E,186,9,289,186,1.0,0.643598615916955,0.643598615916955,1.0,1,combined,3,3,0.5
F,327,8,457,168,0.5137614678899083,0.3676148796498906,0.2727272727272727,0.4929551040318193,3,combined,3,3,0.5
G,965,11,1132,964,0.9989637305699481,0.8515901060070671,0.8508384819064431,0.9979274611398964,2,combined,3,3,0.5
A,141,14,447,133,0.9432624113475178,0.2975391498881432,0.2923076923076923,0.8904761904761904,4,combined,4,4,0.5
B,98,13,288,98,1.0,0.3402777777777778,0.3402777777777778,1.0,1,combined,4,4,0.5
C,29,9,37,26,0.896551724137931,0.7027027027027027,0.65,0.8004926108374384,4,combined,4,4,0.5
D,153,14,447,151,0.9869281045751634,0.3378076062639821,0.3363028953229399,0.9740282077743379,2,combined,4,4,0.5
E,186,13,288,186,1.0,0.6458333333333334,0.6458333333333334,1.0,1,combined,4,4,0.5
F,327,14,447,161,0.4923547400611621,0.36017897091722595,0.2626427406199021,0.48042250614435,4,combined,4,4,0.5
G,965,12,1123,961,0.9958549222797928,0.8557435440783615,0.8527062999112689,0.9917248941156236,4,combined,4,4,0.5
A,141,12,153,138,0.9787234042553191,0.9019607843137255,0.8846153846153846,0.9578520770010132,3,combined,5,5,0.5
B,98,10,214,98,1.0,0.45794392523364486,0.45794392523364486,1.0,1,combined,5,5,0.5
C,29,14,20,20,0.6896551724137931,1.0,0.6896551724137931,0.5369458128078818,3,combined,5,5,0.5
D,153,9,214,141,0.9215686274509803,0.6588785046728972,0.6238938053097345,0.8544891640866873,2,combined,5,5,0.5
E,186,10,214,116,0.6236559139784946,0.5420560747663551,0.4084507042253521,0.5240337111304854,3,combined,5,5,0.5
F,327,13,362,297,0.908256880733945,0.8204419889502762,0.7576530612244898,0.8300407121817602,4,combined,5,5,0.5
G,965,11,938,913,0.9461139896373058,0.9733475479744137,0.9222222222222223,0.8978199643110528,3,combined,5,5,0.5
A,141,0,178,138,0.9787234042553191,0.7752808988764045,0.7624309392265194,0.9578520770010132,3,combined,6,6,0.5
B,98,6,54,54,0.5510204081632653,1.0,0.5510204081632653,0.5001051967178624,2,combined,6,6,0.5
C,29,8,19,19,0.6551724137931034,1.0,0.6551724137931034,0.49261083743842365,3,combined,6,6,0.5
D,153,5,455,150,0.9803921568627451,0.32967032967032966,0.32751091703056767,0.9611283109735123,3,combined,6,6,0.5
E,186,9,242,185,0.9946236559139785,0.7644628099173554,0.7613168724279835,0.989247311827957,2,combined,6,6,0.5
F,327,5,455,279,0.8532110091743119,0.6131868131868132,0.5546719681908548,0.7405864805538358,4,combined,6,6,0.5
G,965,7,944,937,0.9709844559585492,0.9925847457627118,0.9639917695473251,0.9434287188527939,4,combined,6,6,0.5
A,141,2,135,133,0.9432624113475178,0.9851851851851852,0.9300699300699301,0.890273556231003,4,combined,7,7,0.5
B,98,0,114,98,1.0,0.8596491228070176,0.8596491228070176,1.0,1,combined,7,7,0.5
C,29,7,32,26,0.896551724137931,0.8125,0.7428571428571429,0.8029556650246306,3,combined,7,7,0.5
D,153,9,310,153,1.0,0.4935483870967742,0.4935483870967742,1.0,1,combined,7,7,0.5
E,186,10,169,168,0.9032258064516129,0.9940828402366864,0.8983957219251337,0.822377215925603,3,combined,7,7,0.5
F,327,8,259,161,0.4923547400611621,0.6216216216216216,0.3788235294117647,0.4551884580026641,5,combined,7,7,0.5
G,965,11,880,868,0.8994818652849741,0.9863636363636363,0.8884339815762539,0.8185754520241653,3,combined,7,7,0.5
A,141,4,142,138,0.9787234042553191,0.971830985915493,0.9517241379310345,0.9578520770010132,3,combined,8,8,0.5
B,98,5,97,97,0.9897959183673469,1.0,0.9897959183673469,0.9795918367346939,2,combined,8,8,0.5
C,29,2,18,18,0.6206896551724138,1.0,0.6206896551724138,0.4482758620689655,4,combined,8,8,0.5
D,153,6,334,149,0.9738562091503268,0.44610778443113774,0.4408284023668639,0.9487444100447197,2,combined,8,8,0.5
E,186,7,192,184,0.989247311827957,0.9583333333333334,0.9484536082474226,0.9785527462946818,3,combined,8,8,0.5
F,327,6,334,167,0.5107033639143731,0.5,0.33805668016194335,0.48119172248175457,4,combined,8,8,0.5
G,965,9,1007,851,0.8818652849740932,0.8450844091360477,0.7591436217662801,0.7882032980027089,4,combined,8,8,0.5
A,141,6,138,133,0.9432624113475178,0.9637681159420289,0.910958904109589,0.8904761904761904,4,combined,9,9,0.5
B,98,4,115,98,1.0,0.8521739130434782,0.8521739130434782,1.0,1,combined,9,9,0.5
C,29,10,33,25,0.8620689655172413,0.7575757575757576,0.6756756756756757,0.7438423645320197,3,combined,9,9,0.5
D,153,8,503,150,0.9803921568627451,0.2982107355864811,0.2964426877470356,0.9613003095975232,2,combined,9,9,0.5
E,186,1,176,169,0.9086021505376344,0.9602272727272727,0.8756476683937824,0.8330136588201105,2,combined,9,9,0.5
F,327,8,503,314,0.9602446483180428,0.6242544731610338,0.6085271317829457,0.9224404795407216,4,combined,9,9,0.5
G,965,9,936,928,0.9616580310880829,0.9914529914529915,0.9537512846865365,0.9261023799797906,3,combined,9,9,0.5
A,141,7,139,137,0.9716312056737588,0.9856115107913669,0.958041958041958,0.9439716312056737,4,combined,10,10,0.5
B,98,6,98,98,1.0,1.0,1.0,1.0,1,combined,10,10,0.5
C,29,13,18,18,0.6206896551724138,1.0,0.6206896551724138,0.4482758620689655,4,combined,10,10,0.5
D,153,8,175,139,0.9084967320261438,0.7942857142857143,0.7354497354497355,0.8298073615411077,3,combined,10,10,0.5
E,186,3,188,184,0.989247311827957,0.9787234042553191,0.968421052631579,0.9785527462946818,3,combined,10,10,0.5
F,327,5,178,158,0.4831804281345566,0.8876404494382022,0.4553314121037464,0.3661469766045665,5,combined,10,10,0.5
G,965,12,1060,946,0.9803108808290155,0.8924528301886793,0.8767377201112141,0.9612538430116312,3,combined,10,10,0.5
A,141,11,161,137,0.9716312056737588,0.8509316770186336,0.8303030303030303,0.9439716312056737,4,combined,11,11,0.5
B,98,10,287,98,1.0,0.34146341463414637,0.34146341463414637,1.0,1,combined,11,11,0.5
C,29,5,18,18,0.6206896551724138,1.0,0.6206896551724138,0.4482758620689655,4,combined,11,11,0.5
D,153,8,269,150,0.9803921568627451,0.5576208178438662,0.5514705882352942,0.9613003095975232,2,combined,11,11,0.5
E,186,10,287,182,0.978494623655914,0.6341463414634146,0.6254295532646048,0.9575123510607382,3,combined,11,11,0.5
F,327,12,1160,195,0.5963302752293578,0.16810344827586207,0.15092879256965944,0.47745820903923003,5,combined,11,11,0.5
G,965,12,1160,963,0.9979274611398964,0.8301724137931035,0.8287435456110155,0.9958570722163697,3,combined,11,11,0.5
A,141,9,492,135,0.9574468085106383,0.27439024390243905,0.2710843373493976,0.9174265450861195,3,combined,12,12,0.5
B,98,10,214,98,1.0,0.45794392523364486,0.45794392523364486,1.0,1,combined,12,12,0.5
C,29,12,1188,27,0.9310344827586207,0.022727272727272728,0.0226890756302521,0.8669950738916257,2,combined,12,12,0.5
D,153,9,492,153,1.0,0.31097560975609756,0.31097560975609756,1.0,1,combined,12,12,0.5
E,186,10,214,116,0.6236559139784946,0.5420560747663551,0.4084507042253521,0.5280441732054635,2,combined,12,12,0.5
F,327,12,1188,192,0.5871559633027523,0.16161616161616163,0.14512471655328799,0.508714658261571,3,combined,12,12,0.5
G,965,12,1188,964,0.9989637305699481,0.8114478114478114,0.8107653490328006,0.9979274611398964,2,combined,12,12,0.5
A,141,4,173,130,0.9219858156028369,0.7514450867052023,0.7065217391304348,0.8522796352583587,3,combined,13,13,0.5
B,98,2,148,98,1.0,0.6621621621621622,0.6621621621621622,1.0,1,combined,13,13,0.5
C,29,8,36,27,0.9310344827586207,0.75,0.7105263157894737,0.8645320197044335,3,combined,13,13,0.5
D,153,9,331,153,1.0,0.4622356495468278,0.4622356495468278,1.0,1,combined,13,13,0.5
E,186,7,131,129,0.6935483870967742,0.9847328244274809,0.6861702127659575,0.5522813135716361,3,combined,13,13,0.5
F,327,9,331,164,0.5015290519877675,0.4954682779456193,0.3319838056680162,0.3943453218513724,4,combined,13,13,0.5
G,965,3,1083,964,0.9989637305699481,0.8901200369344414,0.8892988929889298,0.9979274611398964,2,combined,13,13,0.5
A,141,6,195,135,0.9574468085106383,0.6923076923076923,0.6716417910447762,0.9174265450861195,3,combined,14,14,0.5
B,98,4,250,68,0.6938775510204082,0.272,0.24285714285714285,0.570797391121397,2,combined,14,14,0.5
C,29,10,40,29,1.0,0.725,0.725,1.0,1,combined,14,14,0.5
D,153,7,388,151,0.9869281045751634,0.38917525773195877,0.3871794871794872,0.9740282077743379,2,combined,14,14,0.5
E,186,4,250,182,0.978494623655914,0.728,0.7165354330708661,0.9575123510607382,3,combined,14,14,0.5
F,327,7,388,214,0.654434250764526,0.5515463917525774,0.42714570858283435,0.482411211797152,4,combined,14,14,0.5
G,965,11,997,942,0.9761658031088083,0.9448345035105316,0.9235294117647059,0.9532087803409799,5,combined,14,14,0.5
A,141,2,140,135,0.9574468085106383,0.9642857142857143,0.9246575342465754,0.9171225937183384,3,combined,15,15,0.5
B,98,6,115,98,1.0,0.8521739130434782,0.8521739130434782,1.0,1,combined,15,15,0.5
C,29,3,18,18,0.6206896551724138,1.0,0.6206896551724138,0.4876847290640394,3,combined,15,15,0.5
D,153,11,186,151,0.9869281045751634,0.8118279569892473,0.8031914893617021,0.9740282077743379,2,combined,15,15,0.5
E,186,8,138,136,0.7311827956989247,0.9855072463768116,0.723404255319149,0.5721592560302238,3,combined,15,15,0.5
F,327,10,344,310,0.9480122324159022,0.9011627906976745,0.8587257617728532,0.9000018761374083,3,combined,15,15,0.5
G,965,4,961,935,0.9689119170984456,0.9729448491155047,0.9434914228052472,0.9396942790187689,2,combined,15,15,0.5
A,141,4,132,124,0.8794326241134752,0.9393939393939394,0.8322147651006712,0.7797365754812563,3,combined,16,16,0.5
B,98,10,246,98,1.0,0.3983739837398374,0.3983739837398374,1.0,1,combined,16,16,0.5
C,29,7,18,18,0.6206896551724138,1.0,0.6206896551724138,0.4482758620689655,4,combined,16,16,0.5
D,153,8,337,153,1.0,0.4540059347181009,0.4540059347181009,1.0,1,combined,16,16,0.5
E,186,10,246,148,0.7956989247311828,0.6016260162601627,0.5211267605633803,0.6635280441732054,3,combined,16,16,0.5
F,327,11,1142,176,0.5382262996941896,0.15411558669001751,0.13611755607115236,0.469503386428022,4,combined,16,16,0.5
G,965,11,1142,964,0.9989637305699481,0.8441330998248686,0.8433945756780402,0.9979274611398964,2,combined,16,16,0.5
A,141,3,125,123,0.8723404255319149,0.984,0.8601398601398601,0.7700101317122594,3,combined,17,17,0.5
B,98,10,116,98,1.0,0.8448275862068966,0.8448275862068966,1.0,1,combined,17,17,0.5
C,29,7,17,17,0.5862068965517241,1.0,0.5862068965517241,0.4088669950738916,4,combined,17,17,0.5
D,153,11,480,153,1.0,0.31875,0.31875,1.0,1,combined,17,17,0.5
E,186,1,169,167,0.8978494623655914,0.9881656804733728,0.8882978723404256,0.81453065969195,3,combined,17,17,0.5
F,327,11,480,293,0.8960244648318043,0.6104166666666667,0.5700389105058365,0.8102287011500723,5,combined,17,17,0.5
G,965,8,977,945,0.9792746113989638,0.9672466734902764,0.9478435305917753,0.9592888009803711,3,combined,17,17,0.5
A,141,5,145,135,0.9574468085106383,0.9310344827586207,0.8940397350993378,0.9174265450861195,3,combined,18,18,0.5
B,98,9,114,98,1.0,0.8596491228070176,0.8596491228070176,1.0,1,combined,18,18,0.5
C,29,11,17,17,0.5862068965517241,1.0,0.5862068965517241,0.41133004926108374,4,combined,18,18,0.5
D,153,7,306,150,0.9803921568627451,0.49019607843137253,0.4854368932038835,0.9613003095975232,2,combined,18,18,0.5
E,186,12,171,167,0.8978494623655914,0.9766081871345029,0.8789473684210526,0.8126707352513804,4,combined,18,18,0.5
F,327,13,1130,163,0.4984709480122324,0.14424778761061946,0.12596599690880989,0.4637436445845294,4,combined,18,18,0.5
G,965,13,1130,963,0.9979274611398964,0.852212389380531,0.8507067137809188,0.9958570722163697,3,combined,18,18,0.5
A,141,12,470,137,0.9716312056737588,0.29148936170212764,0.2890295358649789,0.9440729483282675,3,combined,19,19,0.5
B,98,11,285,98,1.0,0.34385964912280703,0.34385964912280703,1.0,1,combined,19,19,0.5
C,29,2,20,18,0.6206896551724138,0.9,0.5806451612903226,0.46798029556650245,3,combined,19,19,0.5
D,153,12,470,153,1.0,0.32553191489361705,0.32553191489361705,1.0,1,combined,19,19,0.5
E,186,11,285,185,0.9946236559139785,0.6491228070175439,0.6468531468531469,0.989247311827957,2,combined,19,19,0.5
F,327,12,470,179,0.5474006116207951,0.38085106382978723,0.2896440129449838,0.49749535655991445,3,combined,19,19,0.5
G,965,10,1120,964,0.9989637305699481,0.8607142857142858,0.8599464763603925,0.9979274611398964,2,combined,19,19,0.5
A,141,13,145,132,0.9361702127659575,0.9103448275862069,0.8571428571428571,0.8772036474164133,4,combined,20,20,0.5
B,98,6,162,98,1.0,0.6049382716049383,0.6049382716049383,1.0,1,combined,20,20,0.5
C,29,8,17,17,0.5862068965517241,1.0,0.5862068965517241,0.43103448275862066,3,combined,20,20,0.5
D,153,5,152,148,0.9673202614379085,0.9736842105263158,0.9426751592356688,0.936016511867905,3,combined,20,20,0.5
E,186,7,135,121,0.6505376344086021,0.8962962962962963,0.605,0.5391455972101133,3,combined,20,20,0.5
F,327,12,549,302,0.9235474006116208,0.5500910746812386,0.5261324041811847,0.8544117371156263,5,combined,20,20,0.5
G,965,10,607,604,0.6259067357512953,0.9950576606260296,0.6239669421487604,0.469571947627545,3,combined,20,20,0.5
A,141,4,144,134,0.950354609929078,0.9305555555555556,0.8874172185430463,0.9034447821681865,5,combined,21,21,0.5
B,98,2,98,98,1.0,1.0,1.0,1.0,1,combined,21,21,0.5
C,29,10,17,17,0.5862068965517241,1.0,0.5862068965517241,0.4064039408866995,5,combined,21,21,0.5
D,153,11,153,148,0.9673202614379085,0.9673202614379085,0.9367088607594937,0.9358445132438941,3,combined,21,21,0.5
E,186,8,190,185,0.9946236559139785,0.9736842105263158,0.9685863874345549,0.989247311827957,2,combined,21,21,0.5
F,327,7,315,302,0.9235474006116208,0.9587301587301588,0.888235294117647,0.8546931577268719,5,combined,21,21,0.5
G,965,9,846,832,0.8621761658031089,0.983451536643026,0.849846782431052,0.7596972889299766,3,combined,21,21,0.5
A,141,11,571,140,0.9929078014184397,0.24518388791593695,0.24475524475524477,0.9858156028368794,2,combined,22,22,0.5
B,98,12,214,98,1.0,0.45794392523364486,0.45794392523364486,1.0,1,combined,22,22,0.5
C,29,3,19,19,0.6551724137931034,1.0,0.6551724137931034,0.45566502463054187,4,combined,22,22,0.5
D,153,11,571,153,1.0,0.2679509632224168,0.2679509632224168,1.0,1,combined,22,22,0.5
E,186,12,214,116,0.6236559139784946,0.5420560747663551,0.4084507042253521,0.5280441732054635,2,combined,22,22,0.5
F,327,11,571,188,0.5749235474006116,0.329246935201401,0.2647887323943662,0.5045871559633027,3,combined,22,22,0.5
G,965,10,1090,947,0.9813471502590674,0.8688073394495412,0.8546931407942239,0.9633156321888504,3,combined,22,22,0.5
A,141,10,134,130,0.9219858156028369,0.9701492537313433,0.896551724137931,0.8509625126646403,5,combined,23,23,0.5
B,98,6,286,98,1.0,0.34265734265734266,0.34265734265734266,1.0,1,combined,23,23,0.5
C,29,5,51,26,0.896551724137931,0.5098039215686274,0.48148148148148145,0.8029556650246306,3,combined,23,23,0.5
D,153,9,485,153,1.0,0.3154639175257732,0.3154639175257732,1.0,1,combined,23,23,0.5
E,186,6,286,185,0.9946236559139785,0.6468531468531469,0.6445993031358885,0.989247311827957,2,combined,23,23,0.5
F,327,9,485,302,0.9235474006116208,0.622680412371134,0.592156862745098,0.8554998968124425,4,combined,23,23,0.5
G,965,8,943,937,0.9709844559585492,0.9936373276776246,0.964984552008239,0.9434330187259475,3,combined,23,23,0.5
A,141,6,1864,132,0.9361702127659575,0.07081545064377683,0.07047517351841964,0.8788247213779129,3,combined,24,24,0.5
B,98,6,1864,97,0.9897959183673469,0.05203862660944206,0.05201072386058981,0.9795918367346939,2,combined,24,24,0.5
C,29,6,1864,20,0.6896551724137931,0.01072961373390558,0.010678056593699947,0.5123152709359606,3,combined,24,24,0.5
D,153,6,1864,152,0.9934640522875817,0.0815450643776824,0.08150134048257372,0.9869281045751634,2,combined,24,24,0.5
E,186,6,1864,186,1.0,0.09978540772532189,0.09978540772532189,1.0,1,combined,24,24,0.5
F,327,6,1864,318,0.9724770642201835,0.17060085836909872,0.16978109983982914,0.9461548563816814,3,combined,24,24,0.5
G,965,6,1864,959,0.9937823834196892,0.5144849785407726,0.5128342245989305,0.9876185152538001,3,combined,24,24,0.5
A,141,10,147,132,0.9361702127659575,0.8979591836734694,0.8461538461538461,0.8772036474164133,4,combined,25,25,0.5
B,98,0,114,98,1.0,0.8596491228070176,0.8596491228070176,1.0,1,combined,25,25,0.5
C,29,4,17,17,0.5862068965517241,1.0,0.5862068965517241,0.42610837438423643,4,combined,25,25,0.5
D,153,1,167,148,0.9673202614379085,0.8862275449101796,0.8604651162790697,0.936016511867905,3,combined,25,25,0.5
E,186,7,178,170,0.9139784946236559,0.9550561797752809,0.8762886597938144,0.8419064225515839,2,combined,25,25,0.5
F,327,8,329,284,0.8685015290519877,0.8632218844984803,0.7634408602150538,0.7594041387591227,5,combined,25,25,0.5
G,965,9,795,791,0.8196891191709844,0.9949685534591195,0.8163054695562435,0.6922860275621869,4,combined,25,25,0.5
A,141,6,138,130,0.9219858156028369,0.9420289855072463,0.87248322147651,0.8524822695035461,4,combined,26,26,0.5
B,98,1,150,98,1.0,0.6533333333333333,0.6533333333333333,1.0,1,combined,26,26,0.5
C,29,8,17,17,0.5862068965517241,1.0,0.5862068965517241,0.4088669950738916,4,combined,26,26,0.5
D,153,3,147,146,0.954248366013072,0.9931972789115646,0.948051948051948,0.9110767113863089,3,combined,26,26,0.5
E,186,9,143,133,0.7150537634408602,0.9300699300699301,0.6785714285714286,0.5872711421098518,3,combined,26,26,0.5
F,327,5,415,306,0.9357798165137615,0.7373493975903614,0.7018348623853211,0.8770754770079361,4,combined,26,26,0.5
G,965,7,891,877,0.9088082901554404,0.9842873176206509,0.8958120531154239,0.8340764947434051,2,combined,26,26,0.5
A,141,2,172,138,0.9787234042553191,0.8023255813953488,0.7885714285714286,0.9578520770010132,3,combined,27,27,0.5
B,98,1,115,98,1.0,0.8521739130434782,0.8521739130434782,1.0,1,combined,27,27,0.5
C,29,6,18,18,0.6206896551724138,1.0,0.6206896551724138,0.41625615763546797,4,combined,27,27,0.5
D,153,11,260,151,0.9869281045751634,0.5807692307692308,0.5763358778625954,0.9740282077743379,2,combined,27,27,0.5
E,186,4,172,168,0.9032258064516129,0.9767441860465116,0.8842105263157894,0.82324905550712,3,combined,27,27,0.5
F,327,8,644,191,0.5840978593272171,0.296583850931677,0.24487179487179486,0.4529933772349487,3,combined,27,27,0.5
G,965,7,519,516,0.5347150259067357,0.9942196531791907,0.5330578512396694,0.4999699008879238,4,combined,27,27,0.5
A,141,4,137,128,0.9078014184397163,0.9343065693430657,0.8533333333333334,0.8291793313069908,3,combined,28,28,0.5
B,98,6,211,98,1.0,0.46445497630331756,0.46445497630331756,1.0,1,combined,28,28,0.5
C,29,1,21,19,0.6551724137931034,0.9047619047619048,0.6129032258064516,0.49261083743842365,3,combined,28,28,0.5
D,153,9,323,150,0.9803921568627451,0.46439628482972134,0.4601226993865031,0.9613003095975232,2,combined,28,28,0.5
E,186,6,211,113,0.6075268817204301,0.5355450236966824,0.397887323943662,0.5122348154606219,4,combined,28,28,0.5
F,327,9,323,160,0.4892966360856269,0.4953560371517028,0.32653061224489793,0.47483161666760476,3,combined,28,28,0.5
G,965,10,692,525,0.5440414507772021,0.7586705202312138,0.4637809187279152,0.49960656160643263,4,combined,28,28,0.5
A,141,10,128,125,0.8865248226950354,0.9765625,0.8680555555555556,0.7899696048632219,4,combined,29,29,0.5
B,98,7,98,98,1.0,1.0,1.0,1.0,1,combined,29,29,0.5
C,29,8,18,18,0.6206896551724138,1.0,0.6206896551724138,0.4876847290640394,3,combined,29,29,0.5
D,153,9,397,151,0.9869281045751634,0.380352644836272,0.37844611528822053,0.9740282077743379,2,combined,29,29,0.5
E,186,3,191,186,1.0,0.9738219895287958,0.9738219895287958,1.0,1,combined,29,29,0.5
F,327,9,397,224,0.6850152905198776,0.5642317380352645,0.448,0.5596517888970188,4,combined,29,29,0.5
G,965,5,1053,953,0.9875647668393782,0.9050332383665717,0.8948356807511737,0.9753896760045578,3,combined,29,29,0.5
A,141,12,457,125,0.8865248226950354,0.2735229759299781,0.2642706131078224,0.7917933130699089,3,combined,30,30,0.5
B,98,11,219,98,1.0,0.4474885844748858,0.4474885844748858,1.0,1,combined,30,30,0.5
C,29,2,17,17,0.5862068965517241,1.0,0.5862068965517241,0.4482758620689655,3,combined,30,30,0.5
D,153,12,457,152,0.9934640522875817,0.33260393873085337,0.3318777292576419,0.9869281045751634,2,combined,30,30,0.5
E,186,11,219,120,0.6451612903225806,0.547945205479452,0.42105263157894735,0.5396687009590235,2,combined,30,30,0.5
F,327,10,1187,207,0.6330275229357798,0.17438921651221567,0.15837796480489671,0.5189396071368267,4,combined,30,30,0.5
G,965,10,1187,964,0.9989637305699481,0.8121314237573716,0.8114478114478114,0.9979274611398964,2,combined,30,30,0.5
A,141,0,164,139,0.9858156028368794,0.8475609756097561,0.8373493975903614,0.9717325227963526,3,combined,31,31,0.5
B,98,5,113,97,0.9897959183673469,0.8584070796460177,0.8508771929824561,0.9795918367346939,2,combined,31,31,0.5
C,29,3,28,27,0.9310344827586207,0.9642857142857143,0.9,0.8669950738916257,2,combined,31,31,0.5
D,153,1,160,152,0.9934640522875817,0.95,0.9440993788819876,0.9869281045751634,2,combined,31,31,0.5
E,186,7,173,169,0.9086021505376344,0.976878612716763,0.8894736842105263,0.8320836965998256,3,combined,31,31,0.5
F,327,8,1226,259,0.7920489296636085,0.21125611745513867,0.20015455950540958,0.6446783362413463,4,combined,31,31,0.5
G,965,8,1226,963,0.9979274611398964,0.7854812398042414,0.7842019543973942,0.9958570722163697,3,combined,31,31,0.5
A,141,11,157,137,0.9716312056737588,0.8726114649681529,0.8509316770186336,0.9440729483282675,3,combined,32,32,0.5
B,98,7,285,98,1.0,0.34385964912280703,0.34385964912280703,1.0,1,combined,32,32,0.5
C,29,14,18,18,0.6206896551724138,1.0,0.6206896551724138,0.46551724137931033,4,combined,32,32,0.5
D,153,9,519,152,0.9934640522875817,0.2928709055876686,0.2923076923076923,0.9869281045751634,2,combined,32,32,0.5
E,186,7,285,184,0.989247311827957,0.6456140350877193,0.6411149825783972,0.9786108689334496,2,combined,32,32,0.5
F,327,9,519,309,0.944954128440367,0.5953757225433526,0.5754189944134078,0.8941295660494175,3,combined,32,32,0.5
G,965,10,921,911,0.944041450777202,0.98914223669924,0.9343589743589743,0.8940124266334143,3,combined,32,32,0.5
A,141,1,128,124,0.8794326241134752,0.96875,0.8551724137931035,0.7811550151975684,3,combined,33,33,0.5
B,98,4,99,98,1.0,0.98989898989899,0.98989898989899,1.0,1,combined,33,33,0.5
C,29,12,33,26,0.896551724137931,0.7878787878787878,0.7222222222222222,0.8078817733990148,2,combined,33,33,0.5
D,153,10,391,153,1.0,0.391304347826087,0.391304347826087,1.0,1,combined,33,33,0.5
E,186,9,121,121,0.6505376344086021,1.0,0.6505376344086021,0.5391455972101133,3,combined,33,33,0.5
F,327,8,654,161,0.4923547400611621,0.24617737003058104,0.19634146341463415,0.48042250614435,4,combined,33,33,0.5
G,965,8,654,492,0.5098445595854922,0.7522935779816514,0.43655723158828746,0.4986605895126094,3,combined,33,33,0.5
A,141,5,432,127,0.900709219858156,0.29398148148148145,0.28475336322869954,0.8134751773049645,5,combined,34,34,0.5
B,98,9,299,98,1.0,0.3277591973244147,0.3277591973244147,1.0,1,combined,34,34,0.5
C,29,12,18,18,0.6206896551724138,1.0,0.6206896551724138,0.4482758620689655,4,combined,34,34,0.5
D,153,4,145,138,0.9019607843137255,0.9517241379310345,0.8625,0.8197454420364637,3,combined,34,34,0.5
E,186,9,299,186,1.0,0.6220735785953178,0.6220735785953178,1.0,1,combined,34,34,0.5
F,327,5,432,295,0.9021406727828746,0.6828703703703703,0.6357758620689655,0.8176206825387892,4,combined,34,34,0.5
G,965,10,865,845,0.8756476683937824,0.976878612716763,0.8578680203045685,0.7800550383763679,4,combined,34,34,0.5
A,141,3,172,132,0.9361702127659575,0.7674418604651163,0.7292817679558011,0.8776089159067882,4,combined,35,35,0.5
B,98,13,114,98,1.0,0.8596491228070176,0.8596491228070176,1.0,1,combined,35,35,0.5
C,29,10,40,28,0.9655172413793104,0.7,0.6829268292682927,0.9310344827586207,2,combined,35,35,0.5
D,153,11,319,150,0.9803921568627451,0.4702194357366771,0.4658385093167702,0.9613003095975232,2,combined,35,35,0.5
E,186,6,173,169,0.9086021505376344,0.976878612716763,0.8894736842105263,0.8320836965998256,3,combined,35,35,0.5
F,327,11,319,165,0.5045871559633027,0.5172413793103449,0.34303534303534305,0.3959775613965967,4,combined,35,35,0.5
G,965,12,1081,963,0.9979274611398964,0.8908418131359852,0.889196675900277,0.9958570722163697,3,combined,35,35,0.5
A,141,1,136,134,0.950354609929078,0.9852941176470589,0.9370629370629371,0.903951367781155,3,combined,36,36,0.5
B,98,11,288,98,1.0,0.3402777777777778,0.3402777777777778,1.0,1,combined,36,36,0.5
C,29,14,33,26,0.896551724137931,0.7878787878787878,0.7222222222222222,0.8078817733990148,2,combined,36,36,0.5
D,153,2,150,141,0.9215686274509803,0.94,0.8703703703703703,0.8521671826625387,3,combined,36,36,0.5
E,186,11,288,185,0.9946236559139785,0.6423611111111112,0.6401384083044983,0.989247311827957,2,combined,36,36,0.5
F,327,13,1156,191,0.5840978593272171,0.1652249134948097,0.14783281733746131,0.486369861728673,5,combined,36,36,0.5
G,965,13,1156,962,0.9968911917098445,0.8321799307958477,0.8300258843830889,0.9937888332294197,4,combined,36,36,0.5
A,141,13,448,140,0.9929078014184397,0.3125,0.311804008908686,0.9858156028368794,2,combined,37,37,0.5
B,98,11,282,98,1.0,0.3475177304964539,0.3475177304964539,1.0,1,combined,37,37,0.5
C,29,3,18,18,0.6206896551724138,1.0,0.6206896551724138,0.4236453201970443,4,combined,37,37,0.5
D,153,13,448,153,1.0,0.34151785714285715,0.34151785714285715,1.0,1,combined,37,37,0.5
E,186,11,282,184,0.989247311827957,0.6524822695035462,0.647887323943662,0.9786108689334496,2,combined,37,37,0.5
F,327,12,1147,177,0.5412844036697247,0.15431560592850915,0.13646877409406322,0.4963321513667661,3,combined,37,37,0.5
G,965,12,1147,963,0.9979274611398964,0.8395815170008718,0.8381201044386423,0.9958570722163697,3,combined,37,37,0.5
A,141,10,319,137,0.9716312056737588,0.42946708463949845,0.4241486068111455,0.9439716312056737,4,combined,38,38,0.5
B,98,1,114,98,1.0,0.8596491228070176,0.8596491228070176,1.0,1,combined,38,38,0.5
C,29,7,29,27,0.9310344827586207,0.9310344827586207,0.8709677419354839,0.8669950738916257,2,combined,38,38,0.5
D,153,8,200,150,0.9803921568627451,0.75,0.7389162561576355,0.9611283109735123,3,combined,38,38,0.5
E,186,5,177,169,0.9086021505376344,0.9548022598870056,0.8711340206185567,0.8320836965998256,3,combined,38,38,0.5
F,327,10,319,179,0.5474006116207951,0.5611285266457681,0.38329764453961457,0.4074595223354158,4,combined,38,38,0.5
G,965,9,1059,961,0.9958549222797928,0.9074598677998111,0.9040451552210724,0.9917248941156236,4,combined,38,38,0.5
A,141,11,1877,132,0.9361702127659575,0.07032498668087374,0.06998939554612937,0.8788247213779129,3,combined,39,39,0.5
B,98,11,1877,96,0.9795918367346939,0.05114544485881726,0.05109100585417775,0.9596044603408374,2,combined,39,39,0.5
C,29,11,1877,25,0.8620689655172413,0.013319126265316995,0.013290802764486975,0.7463054187192119,3,combined,39,39,0.5
D,153,11,1877,152,0.9934640522875817,0.08098028769312733,0.08093716719914804,0.9869281045751634,2,combined,39,39,0.5
E,186,11,1877,186,1.0,0.09909429941395845,0.09909429941395845,1.0,1,combined,39,39,0.5
F,327,11,1877,323,0.9877675840978594,0.17208311134789558,0.1717171717171717,0.975685259188383,3,combined,39,39,0.5
G,965,11,1877,962,0.9968911917098445,0.512519978689398,0.5117021276595745,0.9937909831659966,3,combined,39,39,0.5
A,141,8,135,126,0.8936170212765957,0.9333333333333333,0.84,0.8085106382978723,2,combined,40,40,0.5
B,98,7,114,98,1.0,0.8596491228070176,0.8596491228070176,1.0,1,combined,40,40,0.5
C,29,5,22,21,0.7241379310344828,0.9545454545454546,0.7,0.5541871921182266,4,combined,40,40,0.5
D,153,10,469,152,0.9934640522875817,0.32409381663113007,0.32340425531914896,0.9869281045751634,2,combined,40,40,0.5
E,186,2,168,165,0.8870967741935484,0.9821428571428571,0.873015873015873,0.7937227550130775,4,combined,40,40,0.5
F,327,10,469,268,0.8195718654434251,0.5714285714285714,0.5075757575757576,0.6956905123731262,3,combined,40,40,0.5
G,965,9,994,935,0.9689119170984456,0.9406438631790744,0.9130859375,0.9395717326338873,4,combined,40,40,0.5
A,141,14,479,140,0.9929078014184397,0.29227557411273486,0.2916666666666667,0.9858156028368794,2,combined,41,41,0.5
B,98,13,278,98,1.0,0.35251798561151076,0.35251798561151076,1.0,1,combined,41,41,0.5
C,29,14,479,17,0.5862068965517241,0.03549060542797495,0.034623217922606926,0.47044334975369456,3,combined,41,41,0.5
D,153,14,479,150,0.9803921568627451,0.31315240083507306,0.3112033195020747,0.9613003095975232,2,combined,41,41,0.5
E,186,13,278,177,0.9516129032258065,0.6366906474820144,0.6167247386759582,0.9074106364428945,2,combined,41,41,0.5
F,327,14,479,163,0.4984709480122324,0.34029227557411273,0.2534992223950233,0.48053507438884824,4,combined,41,41,0.5
G,965,12,1134,964,0.9989637305699481,0.8500881834215167,0.8493392070484581,0.9979274611398964,2,combined,41,41,0.5
A,141,4,124,120,0.851063829787234,0.967741935483871,0.8275862068965517,0.739209726443769,3,combined,42,42,0.5
B,98,1,204,98,1.0,0.4803921568627451,0.4803921568627451,1.0,1,combined,42,42,0.5
C,29,8,18,18,0.6206896551724138,1.0,0.6206896551724138,0.4482758620689655,4,combined,42,42,0.5
D,153,7,240,151,0.9869281045751634,0.6291666666666667,0.6239669421487604,0.9739422084623323,3,combined,42,42,0.5
E,186,1,204,105,0.5645161290322581,0.5147058823529411,0.3684210526315789,0.5010171461784365,3,combined,42,42,0.5
F,327,6,330,288,0.8807339449541285,0.8727272727272727,0.7804878048780488,0.7843192435413969,4,combined,42,42,0.5
G,965,9,878,845,0.8756476683937824,0.9624145785876993,0.8466933867735471,0.7776965579515405,3,combined,42,42,0.5
A,141,2,148,140,0.9929078014184397,0.9459459459459459,0.9395973154362416,0.9858156028368794,2,combined,43,43,0.5
B,98,5,114,98,1.0,0.8596491228070176,0.8596491228070176,1.0,1,combined,43,43,0.5
C,29,6,33,28,0.9655172413793104,0.8484848484848485,0.8235294117647058,0.9310344827586207,2,combined,43,43,0.5
D,153,9,345,150,0.9803921568627451,0.43478260869565216,0.43103448275862066,0.9611283109735123,3,combined,43,43,0.5
E,186,10,170,167,0.8978494623655914,0.9823529411764705,0.8835978835978836,0.8126707352513804,4,combined,43,43,0.5
F,327,9,345,176,0.5382262996941896,0.5101449275362319,0.3548387096774194,0.47970957392919455,4,combined,43,43,0.5
G,965,8,1091,946,0.9803108808290155,0.8670944087992667,0.8522522522522522,0.9612215939629781,4,combined,43,43,0.5
A,141,7,152,140,0.9929078014184397,0.9210526315789473,0.9150326797385621,0.9858156028368794,2,combined,44,44,0.5
B,98,3,114,98,1.0,0.8596491228070176,0.8596491228070176,1.0,1,combined,44,44,0.5
C,29,12,19,19,0.6551724137931034,1.0,0.6551724137931034,0.49261083743842365,3,combined,44,44,0.5
D,153,9,289,152,0.9934640522875817,0.5259515570934256,0.5241379310344828,0.9869281045751634,2,combined,44,44,0.5
E,186,8,182,168,0.9032258064516129,0.9230769230769231,0.84,0.822377215925603,3,combined,44,44,0.5
F,327,10,674,171,0.5229357798165137,0.25370919881305637,0.20602409638554217,0.4396540402619088,4,combined,44,44,0.5
G,965,10,674,494,0.5119170984455959,0.7329376854599406,0.4314410480349345,0.4987551867219917,3,combined,44,44,0.5
A,141,4,137,92,0.6524822695035462,0.6715328467153284,0.4946236559139785,0.5124620060790274,4,combined,45,45,0.5
B,98,6,96,81,0.826530612244898,0.84375,0.7168141592920354,0.7102882390069429,2,combined,45,45,0.5
C,29,10,17,17,0.5862068965517241,1.0,0.5862068965517241,0.42610837438423643,4,combined,45,45,0.5
D,153,9,211,151,0.9869281045751634,0.7156398104265402,0.7089201877934272,0.9740282077743379,2,combined,45,45,0.5
E,186,8,181,163,0.8763440860215054,0.9005524861878453,0.7990196078431373,0.7747166521360069,4,combined,45,45,0.5
F,327,12,957,116,0.3547400611620795,0.12121212121212122,0.09931506849315068,0.28430986285435544,5,combined,45,45,0.5
G,965,12,957,839,0.8694300518134715,0.8766980146290491,0.7746999076638966,0.7724528626405521,3,combined,45,45,0.5
A,141,12,151,137,0.9716312056737588,0.9072847682119205,0.8838709677419355,0.9440729483282675,3,combined,46,46,0.5
B,98,7,206,98,1.0,0.47572815533980584,0.47572815533980584,1.0,1,combined,46,46,0.5
C,29,8,20,20,0.6896551724137931,1.0,0.6896551724137931,0.5369458128078818,3,combined,46,46,0.5
D,153,10,242,152,0.9934640522875817,0.628099173553719,0.6255144032921811,0.9869281045751634,2,combined,46,46,0.5
E,186,7,206,108,0.5806451612903226,0.5242718446601942,0.38028169014084506,0.5058994478349317,3,combined,46,46,0.5
F,327,11,606,312,0.9541284403669725,0.5148514851485149,0.5024154589371981,0.9113712688317293,3,combined,46,46,0.5
G,965,9,676,675,0.6994818652849741,0.9985207100591716,0.6987577639751553,0.5785285834067895,3,combined,46,46,0.5
A,141,11,664,140,0.9929078014184397,0.21084337349397592,0.21052631578947367,0.9858156028368794,2,combined,47,47,0.5
B,98,12,283,98,1.0,0.3462897526501767,0.3462897526501767,1.0,1,combined,47,47,0.5
C,29,11,664,27,0.9310344827586207,0.04066265060240964,0.04054054054054054,0.8669950738916257,2,combined,47,47,0.5
D,153,11,664,151,0.9869281045751634,0.22740963855421686,0.22672672672672672,0.9740282077743379,2,combined,47,47,0.5
E,186,12,283,183,0.9838709677419355,0.6466431095406361,0.6398601398601399,0.9680906713164777,2,combined,47,47,0.5
F,327,11,664,317,0.9694189602446484,0.47740963855421686,0.47032640949554894,0.9402262621714415,3,combined,47,47,0.5
G,965,14,949,938,0.9720207253886011,0.9884088514225501,0.9610655737704918,0.9454948079031669,3,combined,47,47,0.5
A,141,10,170,123,0.8723404255319149,0.7235294117647059,0.6542553191489362,0.7668693009118541,4,combined,48,48,0.5
B,98,8,252,57,0.5816326530612245,0.2261904761904762,0.1945392491467577,0.5083105407111298,2,combined,48,48,0.5
C,29,6,18,18,0.6206896551724138,1.0,0.6206896551724138,0.4236453201970443,4,combined,48,48,0.5
D,153,3,320,149,0.9738562091503268,0.465625,0.45987654320987653,0.9487444100447197,2,combined,48,48,0.5
E,186,8,252,186,1.0,0.7380952380952381,0.7380952380952381,1.0,1,combined,48,48,0.5
F,327,3,320,151,0.4617737003058104,0.471875,0.30443548387096775,0.3796926886925198,5,combined,48,48,0.5
G,965,9,1087,954,0.9886010362694301,0.8776448942042319,0.8688524590163934,0.9773826672113173,4,combined,48,48,0.5
A,141,3,191,138,0.9787234042553191,0.7225130890052356,0.711340206185567,0.9580547112462006,2,combined,49,49,0.5
B,98,1,115,98,1.0,0.8521739130434782,0.8521739130434782,1.0,1,combined,49,49,0.5
C,29,6,26,25,0.8620689655172413,0.9615384615384616,0.8333333333333334,0.7463054187192119,3,combined,49,49,0.5
D,153,4,422,153,1.0,0.36255924170616116,0.36255924170616116,1.0,1,combined,49,49,0.5
E,186,10,168,167,0.8978494623655914,0.9940476190476191,0.893048128342246,0.8136006974716652,3,combined,49,49,0.5
F,327,4,422,250,0.764525993883792,0.5924170616113744,0.501002004008016,0.6134969325153374,4,combined,49,49,0.5
G,965,5,968,940,0.9740932642487047,0.9710743801652892,0.94662638469285,0.9490787521768108,5,combined,49,49,0.5
