pair,cross_coassignment,mode,seed,louvain_seed,gamma
A/B,0.0,optimizer_only,0,0,0.5
A/C,0.0,optimizer_only,0,0,0.5
A/D,0.0,optimizer_only,0,0,0.5
A/E,0.0,optimizer_only,0,0,0.5
A/F,0.0,optimizer_only,0,0,0.5
A/G,0.0,optimizer_only,0,0,0.5
B/C,0.0,optimizer_only,0,0,0.5
B/D,0.0,optimizer_only,0,0,0.5
B/E,0.0,optimizer_only,0,0,0.5
B/F,0.0,optimizer_only,0,0,0.5
B/G,0.0,optimizer_only,0,0,0.5
C/D,0.0,optimizer_only,0,0,0.5
C/E,0.0,optimizer_only,0,0,0.5
C/F,0.0,optimizer_only,0,0,0.5
C/G,0.0,optimizer_only,0,0,0.5
D/E,0.0,optimizer_only,0,0,0.5
D/F,0.0,optimizer_only,0,0,0.5
D/G,0.0,optimizer_only,0,0,0.5
E/F,0.0,optimizer_only,0,0,0.5
E/G,0.0,optimizer_only,0,0,0.5
F/G,0.0,optimizer_only,0,0,0.5
A/B,0.0,optimizer_only,1,1,0.5
A/C,0.01173881144534116,optimizer_only,1,1,0.5
A/D,0.09734390209984703,optimizer_only,1,1,0.5
A/E,0.0021352855944482573,optimizer_only,1,1,0.5
A/F,0.1167284794065977,optimizer_only,1,1,0.5
A/G,0.013096681732995259,optimizer_only,1,1,0.5
B/C,0.0,optimizer_only,1,1,0.5
B/D,0.0,optimizer_only,1,1,0.5
B/E,0.08602150537634409,optimizer_only,1,1,0.5
B/F,0.0,optimizer_only,1,1,0.5
B/G,0.0,optimizer_only,1,1,0.5
C/D,0.0,optimizer_only,1,1,0.5
C/E,0.0,optimizer_only,1,1,0.5
C/F,0.002530844669408415,optimizer_only,1,1,0.5
C/G,0.001536537430766482,optimizer_only,1,1,0.5
D/E,0.038583175205566096,optimizer_only,1,1,0.5
D/F,0.9414163218804341,optimizer_only,1,1,0.5
D/G,0.12800975312404755,optimizer_only,1,1,0.5
E/F,0.02065042254447404,optimizer_only,1,1,0.5
E/G,0.0028079558749791074,optimizer_only,1,1,0.5
F/G,0.13069987799274294,optimizer_only,1,1,0.5
A/B,0.014184397163120567,optimizer_only,2,2,0.5
A/C,0.09562240156517486,optimizer_only,2,2,0.5
A/D,0.09219858156028368,optimizer_only,2,2,0.5
A/E,0.014184397163120567,optimizer_only,2,2,0.5
A/F,0.11607781898627106,optimizer_only,2,2,0.5
A/G,0.0018520560026457943,optimizer_only,2,2,0.5
B/C,0.0,optimizer_only,2,2,0.5
B/D,0.0,optimizer_only,2,2,0.5
B/E,1.0,optimizer_only,2,2,0.5
B/F,0.0,optimizer_only,2,2,0.5
B/G,0.0,optimizer_only,2,2,0.5
C/D,0.034482758620689655,optimizer_only,2,2,0.5
C/E,0.0,optimizer_only,2,2,0.5
C/F,0.11926605504587157,optimizer_only,2,2,0.5
C/G,0.2064677505806682,optimizer_only,2,2,0.5
D/E,0.0,optimizer_only,2,2,0.5
D/F,0.45871559633027525,optimizer_only,2,2,0.5
D/G,0.0,optimizer_only,2,2,0.5
E/F,0.0,optimizer_only,2,2,0.5
E/G,0.0,optimizer_only,2,2,0.5
F/G,0.4574606645434235,optimizer_only,2,2,0.5
A/B,0.005789549862498191,optimizer_only,3,3,0.5
A/C,0.1012472487160675,optimizer_only,3,3,0.5
A/D,0.0070921985815602835,optimizer_only,3,3,0.5
A/E,0.014108136963318843,optimizer_only,3,3,0.5
A/F,0.03851909688333659,optimizer_only,3,3,0.5
A/G,0.0021386837173409767,optimizer_only,3,3,0.5
B/C,0.0,optimizer_only,3,3,0.5
B/D,0.0,optimizer_only,3,3,0.5
B/E,0.40915075707702436,optimizer_only,3,3,0.5
B/F,0.003744617112900206,optimizer_only,3,3,0.5
B/G,0.0,optimizer_only,3,3,0.5
C/D,0.0,optimizer_only,3,3,0.5
C/E,0.0,optimizer_only,3,3,0.5
C/F,0.047769693135083835,optimizer_only,3,3,0.5
C/G,0.23534036090762908,optimizer_only,3,3,0.5
D/E,0.0,optimizer_only,3,3,0.5
D/F,0.7706422018348624,optimizer_only,3,3,0.5
D/G,0.015544041450777202,optimizer_only,3,3,0.5
E/F,0.009124987668935583,optimizer_only,3,3,0.5
E/G,0.0,optimizer_only,3,3,0.5
F/G,0.1908066739554119,optimizer_only,3,3,0.5
A/B,0.0,optimizer_only,4,4,0.5
A/C,0.0,optimizer_only,4,4,0.5
A/D,0.00723126129884578,optimizer_only,4,4,0.5
A/E,0.012887973766491269,optimizer_only,4,4,0.5
A/F,0.038649228967401916,optimizer_only,4,4,0.5
A/G,0.0010583177157975968,optimizer_only,4,4,0.5
B/C,0.0,optimizer_only,4,4,0.5
B/D,0.0,optimizer_only,4,4,0.5
B/E,0.0913978494623656,optimizer_only,4,4,0.5
B/F,0.0,optimizer_only,4,4,0.5
B/G,0.0,optimizer_only,4,4,0.5
C/D,0.0,optimizer_only,4,4,0.5
C/E,0.0,optimizer_only,4,4,0.5
C/F,0.005588948644943584,optimizer_only,4,4,0.5
C/G,0.03516169376451671,optimizer_only,4,4,0.5
D/E,0.0178157284419144,optimizer_only,4,4,0.5
D/F,0.014610941216445803,optimizer_only,4,4,0.5
D/G,4.7411019675573166e-05,optimizer_only,4,4,0.5
E/F,0.03334319818486732,optimizer_only,4,4,0.5
E/G,0.0,optimizer_only,4,4,0.5
F/G,0.16610416567634803,optimizer_only,4,4,0.5
A/B,0.0,optimizer_only,5,5,0.5
A/C,0.0,optimizer_only,5,5,0.5
A/D,0.3407036573494646,optimizer_only,5,5,0.5
A/E,0.014946999161137802,optimizer_only,5,5,0.5
A/F,0.19723686208167956,optimizer_only,5,5,0.5
A/G,0.0,optimizer_only,5,5,0.5
B/C,0.0,optimizer_only,5,5,0.5
B/D,0.0,optimizer_only,5,5,0.5
B/E,0.08602150537634409,optimizer_only,5,5,0.5
B/F,0.0,optimizer_only,5,5,0.5
B/G,0.0,optimizer_only,5,5,0.5
C/D,0.0,optimizer_only,5,5,0.5
C/E,0.0,optimizer_only,5,5,0.5
C/F,0.16418854792787094,optimizer_only,5,5,0.5
C/G,0.3100232267286046,optimizer_only,5,5,0.5
D/E,0.05924520345772718,optimizer_only,5,5,0.5
D/F,0.3537806559932842,optimizer_only,5,5,0.5
D/G,0.0,optimizer_only,5,5,0.5
E/F,0.015520699746802143,optimizer_only,5,5,0.5
E/G,0.0,optimizer_only,5,5,0.5
F/G,0.5285037473657525,optimizer_only,5,5,0.5
A/B,0.0,optimizer_only,6,6,0.5
A/C,0.0,optimizer_only,6,6,0.5
A/D,0.0002781254345709915,optimizer_only,6,6,0.5
A/E,0.018111797452909327,optimizer_only,6,6,0.5
A/F,0.006029453228360119,optimizer_only,6,6,0.5
A/G,0.0,optimizer_only,6,6,0.5
B/C,0.0,optimizer_only,6,6,0.5
B/D,0.0,optimizer_only,6,6,0.5
B/E,0.0913978494623656,optimizer_only,6,6,0.5
B/F,0.0,optimizer_only,6,6,0.5
B/G,0.0,optimizer_only,6,6,0.5
C/D,0.0,optimizer_only,6,6,0.5
C/E,0.0,optimizer_only,6,6,0.5
C/F,0.0006327111673521037,optimizer_only,6,6,0.5
C/G,0.05302840807575487,optimizer_only,6,6,0.5
D/E,0.017710309930423784,optimizer_only,6,6,0.5
D/F,0.9564070276428615,optimizer_only,6,6,0.5
D/G,0.040638016864777,optimizer_only,6,6,0.5
E/F,3.288283844661471e-05,optimizer_only,6,6,0.5
E/G,0.0,optimizer_only,6,6,0.5
F/G,0.05648460648698325,optimizer_only,6,6,0.5
A/B,0.0,optimizer_only,7,7,0.5
A/C,0.02641232575201761,optimizer_only,7,7,0.5
A/D,0.014184397163120567,optimizer_only,7,7,0.5
A/E,0.007778540379775795,optimizer_only,7,7,0.5
A/F,0.02394430346802004,optimizer_only,7,7,0.5
A/G,2.2048285745783266e-05,optimizer_only,7,7,0.5
B/C,0.0,optimizer_only,7,7,0.5
B/D,0.0,optimizer_only,7,7,0.5
B/E,0.27956989247311825,optimizer_only,7,7,0.5
B/F,0.0,optimizer_only,7,7,0.5
B/G,0.0,optimizer_only,7,7,0.5
C/D,0.0,optimizer_only,7,7,0.5
C/E,0.0,optimizer_only,7,7,0.5
C/F,0.0252029948328588,optimizer_only,7,7,0.5
C/G,0.0688225835268894,optimizer_only,7,7,0.5
D/E,0.5483870967741935,optimizer_only,7,7,0.5
D/F,0.6574923547400612,optimizer_only,7,7,0.5
D/G,0.0010362694300518134,optimizer_only,7,7,0.5
E/F,0.3605603235671303,optimizer_only,7,7,0.5
E/G,0.0005682767842219623,optimizer_only,7,7,0.5
F/G,0.32416852846571914,optimizer_only,7,7,0.5
A/B,0.014184397163120567,optimizer_only,8,8,0.5
A/C,0.009782342871117632,optimizer_only,8,8,0.5
A/D,0.08371575580586844,optimizer_only,8,8,0.5
A/E,0.014184397163120567,optimizer_only,8,8,0.5
A/F,0.07833951460732644,optimizer_only,8,8,0.5
A/G,0.0014845845735494065,optimizer_only,8,8,0.5
B/C,0.0,optimizer_only,8,8,0.5
B/D,0.0196078431372549,optimizer_only,8,8,0.5
B/E,1.0,optimizer_only,8,8,0.5
B/F,0.0,optimizer_only,8,8,0.5
B/G,0.0,optimizer_only,8,8,0.5
C/D,0.0,optimizer_only,8,8,0.5
C/E,0.0,optimizer_only,8,8,0.5
C/F,0.0027417483918591164,optimizer_only,8,8,0.5
C/G,0.03444702519206718,optimizer_only,8,8,0.5
D/E,0.0196078431372549,optimizer_only,8,8,0.5
D/F,0.9024404868981232,optimizer_only,8,8,0.5
D/G,0.0162552067459108,optimizer_only,8,8,0.5
E/F,0.0,optimizer_only,8,8,0.5
E/G,0.0,optimizer_only,8,8,0.5
F/G,0.0932072063507154,optimizer_only,8,8,0.5
A/B,0.0,optimizer_only,9,9,0.5
A/C,0.025678650036683785,optimizer_only,9,9,0.5
A/D,0.04908913920178,optimizer_only,9,9,0.5
A/E,0.007511629680469763,optimizer_only,9,9,0.5
A/F,0.14923981174225173,optimizer_only,9,9,0.5
A/G,0.0017491640024988057,optimizer_only,9,9,0.5
B/C,0.0,optimizer_only,9,9,0.5
B/D,0.0,optimizer_only,9,9,0.5
B/E,0.005376344086021506,optimizer_only,9,9,0.5
B/F,0.0,optimizer_only,9,9,0.5
B/G,0.0,optimizer_only,9,9,0.5
C/D,0.0,optimizer_only,9,9,0.5
C/E,0.0,optimizer_only,9,9,0.5
C/F,0.09596119371506907,optimizer_only,9,9,0.5
C/G,0.23762730033946758,optimizer_only,9,9,0.5
D/E,0.02347318855857755,optimizer_only,9,9,0.5
D/F,0.47686434410665385,optimizer_only,9,9,0.5
D/G,0.015340851366453316,optimizer_only,9,9,0.5
E/F,0.005195488474565125,optimizer_only,9,9,0.5
E/G,0.00016714023065351831,optimizer_only,9,9,0.5
F/G,0.3707911457590594,optimizer_only,9,9,0.5
A/B,0.0,optimizer_only,10,10,0.5
A/C,0.031792614331132306,optimizer_only,10,10,0.5
A/D,0.0004635423909516525,optimizer_only,10,10,0.5
A/E,0.014184397163120567,optimizer_only,10,10,0.5
A/F,0.1802980024725096,optimizer_only,10,10,0.5
A/G,0.0029912174328445965,optimizer_only,10,10,0.5
B/C,0.0,optimizer_only,10,10,0.5
B/D,0.0,optimizer_only,10,10,0.5
B/E,0.0,optimizer_only,10,10,0.5
B/F,0.0,optimizer_only,10,10,0.5
B/G,0.0,optimizer_only,10,10,0.5
C/D,0.0,optimizer_only,10,10,0.5
C/E,0.0,optimizer_only,10,10,0.5
C/F,0.005378044922492882,optimizer_only,10,10,0.5
C/G,0.0342683580489548,optimizer_only,10,10,0.5
D/E,0.032679738562091505,optimizer_only,10,10,0.5
D/F,0.7070016589714377,optimizer_only,10,10,0.5
D/G,0.02706491923194148,optimizer_only,10,10,0.5
E/F,0.0,optimizer_only,10,10,0.5
E/G,0.0,optimizer_only,10,10,0.5
F/G,0.09495967422477856,optimizer_only,10,10,0.5
A/B,0.0,optimizer_only,11,11,0.5
A/C,0.10051357300073367,optimizer_only,11,11,0.5
A/D,0.028368794326241134,optimizer_only,11,11,0.5
A/E,0.0,optimizer_only,11,11,0.5
A/F,0.035981521244062724,optimizer_only,11,11,0.5
A/G,0.0014184397163120568,optimizer_only,11,11,0.5
B/C,0.0,optimizer_only,11,11,0.5
B/D,0.0,optimizer_only,11,11,0.5
B/E,0.10500329163923634,optimizer_only,11,11,0.5
B/F,0.0,optimizer_only,11,11,0.5
B/G,0.0,optimizer_only,11,11,0.5
C/D,0.0,optimizer_only,11,11,0.5
C/E,0.0,optimizer_only,11,11,0.5
C/F,0.0939576083517874,optimizer_only,11,11,0.5
C/G,0.20378774343398248,optimizer_only,11,11,0.5
D/E,0.0,optimizer_only,11,11,0.5
D/F,0.5351681957186545,optimizer_only,11,11,0.5
D/G,0.014507772020725389,optimizer_only,11,11,0.5
E/F,0.0,optimizer_only,11,11,0.5
E/G,0.0,optimizer_only,11,11,0.5
F/G,0.4443187399977817,optimizer_only,11,11,0.5
A/B,0.0,optimizer_only,12,12,0.5
A/C,0.0,optimizer_only,12,12,0.5
A/D,0.027209938348862005,optimizer_only,12,12,0.5
A/E,0.004346831388698238,optimizer_only,12,12,0.5
A/F,0.08137592990218405,optimizer_only,12,12,0.5
A/G,0.0030720611472458016,optimizer_only,12,12,0.5
B/C,0.0,optimizer_only,12,12,0.5
B/D,0.0,optimizer_only,12,12,0.5
B/E,0.0913978494623656,optimizer_only,12,12,0.5
B/F,0.0,optimizer_only,12,12,0.5
B/G,0.0,optimizer_only,12,12,0.5
C/D,0.0,optimizer_only,12,12,0.5
C/E,0.0,optimizer_only,12,12,0.5
C/F,0.004428978171464726,optimizer_only,12,12,0.5
C/G,0.1986421297123459,optimizer_only,12,12,0.5
D/E,0.182936256940052,optimizer_only,12,12,0.5
D/F,0.10169694789230677,optimizer_only,12,12,0.5
D/G,0.004117985708964069,optimizer_only,12,12,0.5
E/F,0.0,optimizer_only,12,12,0.5
E/G,0.0,optimizer_only,12,12,0.5
F/G,0.05883601907749838,optimizer_only,12,12,0.5
A/B,0.0,optimizer_only,13,13,0.5
A/C,0.0,optimizer_only,13,13,0.5
A/D,0.0070921985815602835,optimizer_only,13,13,0.5
A/E,0.012849843666590406,optimizer_only,13,13,0.5
A/F,0.1466805474223003,optimizer_only,13,13,0.5
A/G,0.0021754308602506154,optimizer_only,13,13,0.5
B/C,0.0,optimizer_only,13,13,0.5
B/D,0.0,optimizer_only,13,13,0.5
B/E,0.0913978494623656,optimizer_only,13,13,0.5
B/F,0.0,optimizer_only,13,13,0.5
B/G,0.0,optimizer_only,13,13,0.5
C/D,0.0,optimizer_only,13,13,0.5
C/E,0.0,optimizer_only,13,13,0.5
C/F,0.001159970473478857,optimizer_only,13,13,0.5
C/G,0.03451849204931213,optimizer_only,13,13,0.5
D/E,0.005376344086021506,optimizer_only,13,13,0.5
D/F,0.7981651376146789,optimizer_only,13,13,0.5
D/G,0.02072538860103627,optimizer_only,13,13,0.5
E/F,0.026388477853408306,optimizer_only,13,13,0.5
E/G,0.00011142682043567887,optimizer_only,13,13,0.5
F/G,0.04960783381660883,optimizer_only,13,13,0.5
A/B,0.0,optimizer_only,14,14,0.5
A/C,0.0,optimizer_only,14,14,0.5
A/D,0.1347517730496454,optimizer_only,14,14,0.5
A/E,0.006520247083047358,optimizer_only,14,14,0.5
A/F,0.06662762704144706,optimizer_only,14,14,0.5
A/G,0.0,optimizer_only,14,14,0.5
B/C,0.0,optimizer_only,14,14,0.5
B/D,0.0,optimizer_only,14,14,0.5
B/E,0.9516129032258065,optimizer_only,14,14,0.5
B/F,0.0,optimizer_only,14,14,0.5
B/G,0.0,optimizer_only,14,14,0.5
C/D,0.0,optimizer_only,14,14,0.5
C/E,0.0,optimizer_only,14,14,0.5
C/F,0.15775598439312455,optimizer_only,14,14,0.5
C/G,0.19706985885295694,optimizer_only,14,14,0.5
D/E,0.04838709677419355,optimizer_only,14,14,0.5
D/F,0.41590214067278286,optimizer_only,14,14,0.5
D/G,0.0,optimizer_only,14,14,0.5
E/F,0.020124297129328204,optimizer_only,14,14,0.5
E/G,0.0,optimizer_only,14,14,0.5
F/G,0.31052589881320214,optimizer_only,14,14,0.5
A/B,0.0,optimizer_only,15,15,0.5
A/C,0.009782342871117632,optimizer_only,15,15,0.5
A/D,0.021369304222871182,optimizer_only,15,15,0.5
A/E,0.007892930679478381,optimizer_only,15,15,0.5
A/F,0.03797687986639773,optimizer_only,15,15,0.5
A/G,0.0033807371476867673,optimizer_only,15,15,0.5
B/C,0.0,optimizer_only,15,15,0.5
B/D,0.0,optimizer_only,15,15,0.5
B/E,0.0913978494623656,optimizer_only,15,15,0.5
B/F,0.0,optimizer_only,15,15,0.5
B/G,0.0,optimizer_only,15,15,0.5
C/D,0.001803020058598152,optimizer_only,15,15,0.5
C/E,0.0,optimizer_only,15,15,0.5
C/F,0.2726985131287567,optimizer_only,15,15,0.5
C/G,0.05749508665356441,optimizer_only,15,15,0.5
D/E,0.36854311617119967,optimizer_only,15,15,0.5
D/F,0.009494113649537287,optimizer_only,15,15,0.5
D/G,0.0006231162585932473,optimizer_only,15,15,0.5
E/F,0.0011344579264082075,optimizer_only,15,15,0.5
E/G,0.0,optimizer_only,15,15,0.5
F/G,0.09970369666143779,optimizer_only,15,15,0.5
A/B,0.0,optimizer_only,16,16,0.5
A/C,0.03423820004891171,optimizer_only,16,16,0.5
A/D,0.014138042924025401,optimizer_only,16,16,0.5
A/E,0.017921146953405017,optimizer_only,16,16,0.5
A/F,0.018630576702019216,optimizer_only,16,16,0.5
A/G,0.0006394002866277147,optimizer_only,16,16,0.5
B/C,0.0,optimizer_only,16,16,0.5
B/D,0.0,optimizer_only,16,16,0.5
B/E,0.08602150537634409,optimizer_only,16,16,0.5
B/F,0.0,optimizer_only,16,16,0.5
B/G,0.0,optimizer_only,16,16,0.5
C/D,0.0,optimizer_only,16,16,0.5
C/E,0.0,optimizer_only,16,16,0.5
C/F,0.0032690076979858696,optimizer_only,16,16,0.5
C/G,0.028551009469358585,optimizer_only,16,16,0.5
D/E,0.8973575093119686,optimizer_only,16,16,0.5
D/F,0.015430433131458495,optimizer_only,16,16,0.5
D/G,0.0005553862304852856,optimizer_only,16,16,0.5
E/F,0.013547729440005261,optimizer_only,16,16,0.5
E/G,0.00045684996378628337,optimizer_only,16,16,0.5
F/G,0.08944874902948773,optimizer_only,16,16,0.5
A/B,0.0,optimizer_only,17,17,0.5
A/C,0.031792614331132306,optimizer_only,17,17,0.5
A/D,0.013164603903026931,optimizer_only,17,17,0.5
A/E,0.005147563486616335,optimizer_only,17,17,0.5
A/F,0.015464029323096276,optimizer_only,17,17,0.5
A/G,0.00017638628596626613,optimizer_only,17,17,0.5
B/C,0.0,optimizer_only,17,17,0.5
B/D,0.0,optimizer_only,17,17,0.5
B/E,0.0,optimizer_only,17,17,0.5
B/F,0.0,optimizer_only,17,17,0.5
B/G,0.0,optimizer_only,17,17,0.5
C/D,0.0,optimizer_only,17,17,0.5
C/E,0.0,optimizer_only,17,17,0.5
C/F,0.0027417483918591164,optimizer_only,17,17,0.5
C/G,0.052027872074325535,optimizer_only,17,17,0.5
D/E,0.01953756412959449,optimizer_only,17,17,0.5
D/F,0.5004097459575063,optimizer_only,17,17,0.5
D/G,0.014128483863320803,optimizer_only,17,17,0.5
E/F,6.576567689322942e-05,optimizer_only,17,17,0.5
E/G,0.0,optimizer_only,17,17,0.5
F/G,0.24220183486238533,optimizer_only,17,17,0.5
A/B,0.0,optimizer_only,18,18,0.5
A/C,0.03301540719002201,optimizer_only,18,18,0.5
A/D,0.008853659667176564,optimizer_only,18,18,0.5
A/E,0.007816670479676657,optimizer_only,18,18,0.5
A/F,0.14793849090159847,optimizer_only,18,18,0.5
A/G,0.009150038584500055,optimizer_only,18,18,0.5
B/C,0.0,optimizer_only,18,18,0.5
B/D,0.0,optimizer_only,18,18,0.5
B/E,0.0,optimizer_only,18,18,0.5
B/F,0.0,optimizer_only,18,18,0.5
B/G,0.0,optimizer_only,18,18,0.5
C/D,0.0,optimizer_only,18,18,0.5
C/E,0.0,optimizer_only,18,18,0.5
C/F,0.0034799114204365706,optimizer_only,18,18,0.5
C/G,0.06542790780775415,optimizer_only,18,18,0.5
D/E,0.010682409164382598,optimizer_only,18,18,0.5
D/F,0.03058103975535168,optimizer_only,18,18,0.5
D/G,0.0008398523485387247,optimizer_only,18,18,0.5
E/F,0.005327019828351583,optimizer_only,18,18,0.5
E/G,0.0003454231433506045,optimizer_only,18,18,0.5
F/G,0.06988005260572643,optimizer_only,18,18,0.5
A/B,0.0,optimizer_only,19,19,0.5
A/C,0.014673514306676448,optimizer_only,19,19,0.5
A/D,0.04199694062021972,optimizer_only,19,19,0.5
A/E,0.005795775184930984,optimizer_only,19,19,0.5
A/F,0.09122259092979373,optimizer_only,19,19,0.5
A/G,0.002300371146143387,optimizer_only,19,19,0.5
B/C,0.0,optimizer_only,19,19,0.5
B/D,0.0,optimizer_only,19,19,0.5
B/E,0.5913978494623656,optimizer_only,19,19,0.5
B/F,0.0,optimizer_only,19,19,0.5
B/G,0.0,optimizer_only,19,19,0.5
C/D,0.3380662609871535,optimizer_only,19,19,0.5
C/E,0.0,optimizer_only,19,19,0.5
C/F,0.3176210060107561,optimizer_only,19,19,0.5
C/G,0.04141504377345006,optimizer_only,19,19,0.5
D/E,0.00801180687328695,optimizer_only,19,19,0.5
D/F,0.9026203753672722,optimizer_only,19,19,0.5
D/G,0.03047851264858275,optimizer_only,19,19,0.5
E/F,0.003748643582914077,optimizer_only,19,19,0.5
E/G,0.0,optimizer_only,19,19,0.5
F/G,0.03483069512446325,optimizer_only,19,19,0.5
A/B,0.0,graph_only,0,0,0.5
A/C,0.0,graph_only,0,0,0.5
A/D,0.0006489593473323136,graph_only,0,0,0.5
A/E,0.014184397163120567,graph_only,0,0,0.5
A/F,0.006202962673780554,graph_only,0,0,0.5
A/G,0.0,graph_only,0,0,0.5
B/C,0.0,graph_only,0,0,0.5
B/D,0.0,graph_only,0,0,0.5
B/E,0.0,graph_only,0,0,0.5
B/F,0.0,graph_only,0,0,0.5
B/G,0.0,graph_only,0,0,0.5
C/D,0.0,graph_only,0,0,0.5
C/E,0.0,graph_only,0,0,0.5
C/F,0.0,graph_only,0,0,0.5
C/G,0.0570662855100947,graph_only,0,0,0.5
D/E,0.0457516339869281,graph_only,0,0,0.5
D/F,0.11508864504007515,graph_only,0,0,0.5
D/G,0.012055945003217177,graph_only,0,0,0.5
E/F,0.012232415902140673,graph_only,0,0,0.5
E/G,0.0,graph_only,0,0,0.5
F/G,0.16978973554530905,graph_only,0,0,0.5
A/B,0.014184397163120567,graph_only,1,0,0.5
A/C,0.2504279775006114,graph_only,1,0,0.5
A/D,0.07018031799008019,graph_only,1,0,0.5
A/E,0.014184397163120567,graph_only,1,0,0.5
A/F,0.06779881579803501,graph_only,1,0,0.5
A/G,0.0002939771432771102,graph_only,1,0,0.5
B/C,0.0,graph_only,1,0,0.5
B/D,0.013071895424836602,graph_only,1,0,0.5
B/E,1.0,graph_only,1,0,0.5
B/F,0.0,graph_only,1,0,0.5
B/G,0.0,graph_only,1,0,0.5
C/D,0.0,graph_only,1,0,0.5
C/E,0.0,graph_only,1,0,0.5
C/F,0.005694400506168934,graph_only,1,0,0.5
C/G,0.03430409147757727,graph_only,1,0,0.5
D/E,0.013071895424836602,graph_only,1,0,0.5
D/F,0.8662029541684155,graph_only,1,0,0.5
D/G,0.0040908936977208845,graph_only,1,0,0.5
E/F,0.0,graph_only,1,0,0.5
E/G,0.0,graph_only,1,0,0.5
F/G,0.11924387190822519,graph_only,1,0,0.5
A/B,0.0,graph_only,2,0,0.5
A/C,0.02739056003912937,graph_only,2,0,0.5
A/D,0.021740138135632504,graph_only,2,0,0.5
A/E,0.006749027682452528,graph_only,2,0,0.5
A/F,0.1426464528162752,graph_only,2,0,0.5
A/G,0.011421012016315731,graph_only,2,0,0.5
B/C,0.0,graph_only,2,0,0.5
B/D,0.0,graph_only,2,0,0.5
B/E,0.6827956989247311,graph_only,2,0,0.5
B/F,0.0,graph_only,2,0,0.5
B/G,0.0,graph_only,2,0,0.5
C/D,0.0,graph_only,2,0,0.5
C/E,0.0,graph_only,2,0,0.5
C/F,0.008963408204154803,graph_only,2,0,0.5
C/G,0.030337680900482403,graph_only,2,0,0.5
D/E,0.31513107034928667,graph_only,2,0,0.5
D/F,0.00903439867282285,graph_only,2,0,0.5
D/G,0.0006163432557824512,graph_only,2,0,0.5
E/F,0.000970043734175134,graph_only,2,0,0.5
E/G,0.0,graph_only,2,0,0.5
F/G,0.08925543882999794,graph_only,2,0,0.5
A/B,0.014184397163120567,graph_only,3,0,0.5
A/C,0.0,graph_only,3,0,0.5
A/D,0.9661150512214342,graph_only,3,0,0.5
A/E,0.014184397163120567,graph_only,3,0,0.5
A/F,0.9069338712126142,graph_only,3,0,0.5
A/G,0.04766839378238342,graph_only,3,0,0.5
B/C,0.0,graph_only,3,0,0.5
B/D,0.013071895424836602,graph_only,3,0,0.5
B/E,1.0,graph_only,3,0,0.5
B/F,0.0,graph_only,3,0,0.5
B/G,0.0,graph_only,3,0,0.5
C/D,0.0,graph_only,3,0,0.5
C/E,0.0,graph_only,3,0,0.5
C/F,0.02319940946957714,graph_only,3,0,0.5
C/G,0.32767554046810793,graph_only,3,0,0.5
D/E,0.013071895424836602,graph_only,3,0,0.5
D/F,0.9144930143311147,graph_only,3,0,0.5
D/G,0.04806800094822039,graph_only,3,0,0.5
E/F,0.0,graph_only,3,0,0.5
E/G,0.0,graph_only,3,0,0.5
F/G,0.10906181172854178,graph_only,3,0,0.5
A/B,0.950354609929078,graph_only,4,0,0.5
A/C,0.006113964294448521,graph_only,4,0,0.5
A/D,0.9441431418903259,graph_only,4,0,0.5
A/E,0.950354609929078,graph_only,4,0,0.5
A/F,0.03216431344481315,graph_only,4,0,0.5
A/G,3.674714290963877e-05,graph_only,4,0,0.5
B/C,0.0,graph_only,4,0,0.5
B/D,0.9934640522875817,graph_only,4,0,0.5
B/E,1.0,graph_only,4,0,0.5
B/F,0.03363914373088685,graph_only,4,0,0.5
B/G,0.0,graph_only,4,0,0.5
C/D,0.005409060175794456,graph_only,4,0,0.5
C/E,0.0,graph_only,4,0,0.5
C/F,0.7926816408309607,graph_only,4,0,0.5
C/G,0.8251920671788459,graph_only,4,0,0.5
D/E,0.9934640522875817,graph_only,4,0,0.5
D/F,0.03967540125122424,graph_only,4,0,0.5
D/G,0.006515628703985912,graph_only,4,0,0.5
E/F,0.03363914373088685,graph_only,4,0,0.5
E/G,0.0,graph_only,4,0,0.5
F/G,0.9542140038978942,graph_only,4,0,0.5
A/B,0.014184397163120567,graph_only,5,0,0.5
A/C,0.24651504035216434,graph_only,5,0,0.5
A/D,0.0008343763037129745,graph_only,5,0,0.5
A/E,0.014184397163120567,graph_only,5,0,0.5
A/F,0.09621098748563126,graph_only,5,0,0.5
A/G,0.026898908609855585,graph_only,5,0,0.5
B/C,0.0,graph_only,5,0,0.5
B/D,0.0196078431372549,graph_only,5,0,0.5
B/E,1.0,graph_only,5,0,0.5
B/F,0.0,graph_only,5,0,0.5
B/G,0.0,graph_only,5,0,0.5
C/D,0.0,graph_only,5,0,0.5
C/E,0.0,graph_only,5,0,0.5
C/F,0.004218074449014025,graph_only,5,0,0.5
C/G,0.07128819010184027,graph_only,5,0,0.5
D/E,0.0196078431372549,graph_only,5,0,0.5
D/F,0.015270532269992605,graph_only,5,0,0.5
D/G,0.0020657658572928307,graph_only,5,0,0.5
E/F,0.0,graph_only,5,0,0.5
E/G,0.0,graph_only,5,0,0.5
F/G,0.3063966661913137,graph_only,5,0,0.5
A/B,0.000578954986249819,graph_only,6,0,0.5
A/C,0.009782342871117632,graph_only,6,0,0.5
A/D,0.08362304732767811,graph_only,6,0,0.5
A/E,0.05673758865248227,graph_only,6,0,0.5
A/F,0.08716680764309107,graph_only,6,0,0.5
A/G,0.0008819314298313307,graph_only,6,0,0.5
B/C,0.0,graph_only,6,0,0.5
B/D,0.000533546752034147,graph_only,6,0,0.5
B/E,0.01020408163265306,graph_only,6,0,0.5
B/F,0.00015602571303750858,graph_only,6,0,0.5
B/G,0.0,graph_only,6,0,0.5
C/D,0.0,graph_only,6,0,0.5
C/E,0.0,graph_only,6,0,0.5
C/F,0.0037962670041126224,graph_only,6,0,0.5
C/G,0.06825084866892979,graph_only,6,0,0.5
D/E,0.05228758169934641,graph_only,6,0,0.5
D/F,0.9021406727828746,graph_only,6,0,0.5
D/G,0.009820854075654441,graph_only,6,0,0.5
E/F,0.01529051987767584,graph_only,6,0,0.5
E/G,0.0,graph_only,6,0,0.5
F/G,0.0280141338277004,graph_only,6,0,0.5
A/B,0.0,graph_only,7,0,0.5
A/C,0.26999266324284665,graph_only,7,0,0.5
A/D,0.0070921985815602835,graph_only,7,0,0.5
A/E,0.012887973766491269,graph_only,7,0,0.5
A/F,0.02780488862862472,graph_only,7,0,0.5
A/G,0.00048506228640723183,graph_only,7,0,0.5
B/C,0.0,graph_only,7,0,0.5
B/D,0.0,graph_only,7,0,0.5
B/E,0.08602150537634409,graph_only,7,0,0.5
B/F,0.0,graph_only,7,0,0.5
B/G,0.0,graph_only,7,0,0.5
C/D,0.0,graph_only,7,0,0.5
C/E,0.0,graph_only,7,0,0.5
C/F,0.00674891911842244,graph_only,7,0,0.5
C/G,0.03216008576022869,graph_only,7,0,0.5
D/E,0.010752688172043012,graph_only,7,0,0.5
D/F,0.9418960244648318,graph_only,7,0,0.5
D/G,0.06839378238341969,graph_only,7,0,0.5
E/F,0.021176547959619874,graph_only,7,0,0.5
E/G,0.0007354170148754805,graph_only,7,0,0.5
F/G,0.08718606898955808,graph_only,7,0,0.5
A/B,0.0,graph_only,8,0,0.5
A/C,0.0022010271460014674,graph_only,8,0,0.5
A/D,0.014184397163120567,graph_only,8,0,0.5
A/E,0.005414474185922367,graph_only,8,0,0.5
A/F,0.03717439868132821,graph_only,8,0,0.5
A/G,0.0070848491529783555,graph_only,8,0,0.5
B/C,0.0,graph_only,8,0,0.5
B/D,0.0,graph_only,8,0,0.5
B/E,0.0913978494623656,graph_only,8,0,0.5
B/F,0.0,graph_only,8,0,0.5
B/G,0.0,graph_only,8,0,0.5
C/D,0.0,graph_only,8,0,0.5
C/E,0.0,graph_only,8,0,0.5
C/F,0.15564694716861752,graph_only,8,0,0.5
C/G,0.30938002501340006,graph_only,8,0,0.5
D/E,0.010752688172043012,graph_only,8,0,0.5
D/F,0.4709480122324159,graph_only,8,0,0.5
D/G,0.0010362694300518134,graph_only,8,0,0.5
E/F,0.005211929893788432,graph_only,8,0,0.5
E/G,1.1142682043567887e-05,graph_only,8,0,0.5
F/G,0.5004579233414144,graph_only,8,0,0.5
A/B,0.0,graph_only,9,0,0.5
A/C,0.03546099290780142,graph_only,9,0,0.5
A/D,0.014184397163120567,graph_only,9,0,0.5
A/E,0.014108136963318843,graph_only,9,0,0.5
A/F,0.02541913375409374,graph_only,9,0,0.5
A/G,0.00072024400102892,graph_only,9,0,0.5
B/C,0.0,graph_only,9,0,0.5
B/D,0.0,graph_only,9,0,0.5
B/E,0.005376344086021506,graph_only,9,0,0.5
B/F,0.0,graph_only,9,0,0.5
B/G,0.0,graph_only,9,0,0.5
C/D,0.0,graph_only,9,0,0.5
C/E,0.0,graph_only,9,0,0.5
C/F,0.0,graph_only,9,0,0.5
C/G,0.002072538860103627,graph_only,9,0,0.5
D/E,0.0,graph_only,9,0,0.5
D/F,0.9847094801223242,graph_only,9,0,0.5
D/G,0.04559585492227979,graph_only,9,0,0.5
E/F,0.0,graph_only,9,0,0.5
E/G,0.0,graph_only,9,0,0.5
F/G,0.047807830647589165,graph_only,9,0,0.5
A/B,0.0,graph_only,10,0,0.5
A/C,0.017119100024455856,graph_only,10,0,0.5
A/D,0.00820470031984425,graph_only,10,0,0.5
A/E,0.006710897582551666,graph_only,10,0,0.5
A/F,0.060359598325633854,graph_only,10,0,0.5
A/G,0.00828280601183258,graph_only,10,0,0.5
B/C,0.0,graph_only,10,0,0.5
B/D,0.0,graph_only,10,0,0.5
B/E,0.08602150537634409,graph_only,10,0,0.5
B/F,0.0,graph_only,10,0,0.5
B/G,0.0,graph_only,10,0,0.5
C/D,0.00901510029299076,graph_only,10,0,0.5
C/E,0.0018539117538005192,graph_only,10,0,0.5
C/F,0.33955499314562904,graph_only,10,0,0.5
C/G,0.08626049669465785,graph_only,10,0,0.5
D/E,0.023894862604540025,graph_only,10,0,0.5
D/F,0.02864224181007775,graph_only,10,0,0.5
D/G,0.004361813810152731,graph_only,10,0,0.5
E/F,0.005294136989904968,graph_only,10,0,0.5
E/G,0.0008969859045072149,graph_only,10,0,0.5
F/G,0.1642883174090095,graph_only,10,0,0.5
A/B,0.0,graph_only,11,0,0.5
A/C,0.0,graph_only,11,0,0.5
A/D,0.02127659574468085,graph_only,11,0,0.5
A/E,0.012659193167086098,graph_only,11,0,0.5
A/F,0.1597588218708656,graph_only,11,0,0.5
A/G,0.0003086760004409657,graph_only,11,0,0.5
B/C,0.0,graph_only,11,0,0.5
B/D,0.0,graph_only,11,0,0.5
B/E,0.6451612903225806,graph_only,11,0,0.5
B/F,0.0,graph_only,11,0,0.5
B/G,0.0,graph_only,11,0,0.5
C/D,0.0,graph_only,11,0,0.5
C/E,0.0,graph_only,11,0,0.5
C/F,0.11072445428661816,graph_only,11,0,0.5
C/G,0.3394675719135251,graph_only,11,0,0.5
D/E,0.34946236559139787,graph_only,11,0,0.5
D/F,0.5259938837920489,graph_only,11,0,0.5
D/G,0.014507772020725389,graph_only,11,0,0.5
E/F,0.1846371378777416,graph_only,11,0,0.5
E/G,0.0050699203298233885,graph_only,11,0,0.5
F/G,0.3237407108111106,graph_only,11,0,0.5
A/B,0.0,graph_only,12,0,0.5
A/C,0.4199070677427244,graph_only,12,0,0.5
A/D,0.40425531914893614,graph_only,12,0,0.5
A/E,0.10215053763440861,graph_only,12,0,0.5
A/F,0.20916563645433447,graph_only,12,0,0.5
A/G,0.0012200051446000074,graph_only,12,0,0.5
B/C,0.0,graph_only,12,0,0.5
B/D,0.0,graph_only,12,0,0.5
B/E,0.7473118279569892,graph_only,12,0,0.5
B/F,0.0,graph_only,12,0,0.5
B/G,0.0,graph_only,12,0,0.5
C/D,0.034482758620689655,graph_only,12,0,0.5
C/E,0.008713385242862439,graph_only,12,0,0.5
C/F,0.13213118211536434,graph_only,12,0,0.5
C/G,0.20768268715383242,graph_only,12,0,0.5
D/E,0.25268817204301075,graph_only,12,0,0.5
D/F,0.48623853211009177,graph_only,12,0,0.5
D/G,0.0,graph_only,12,0,0.5
E/F,0.12286672585577588,graph_only,12,0,0.5
E/G,0.0,graph_only,12,0,0.5
F/G,0.48477127600576764,graph_only,12,0,0.5
A/B,0.0,graph_only,13,0,0.5
A/C,0.26412325752017607,graph_only,13,0,0.5
A/D,0.02127659574468085,graph_only,13,0,0.5
A/E,0.017883016853504158,graph_only,13,0,0.5
A/F,0.08436896783568655,graph_only,13,0,0.5
A/G,0.001991695145702422,graph_only,13,0,0.5
B/C,0.0,graph_only,13,0,0.5
B/D,0.0,graph_only,13,0,0.5
B/E,0.0967741935483871,graph_only,13,0,0.5
B/F,0.0,graph_only,13,0,0.5
B/G,0.0,graph_only,13,0,0.5
C/D,0.0,graph_only,13,0,0.5
C/E,0.0014831294030404152,graph_only,13,0,0.5
C/F,0.06221659812295687,graph_only,13,0,0.5
C/G,0.1036984098624263,graph_only,13,0,0.5
D/E,0.0,graph_only,13,0,0.5
D/F,0.5229357798165137,graph_only,13,0,0.5
D/G,0.0,graph_only,13,0,0.5
E/F,0.003156752490875012,graph_only,13,0,0.5
E/G,1.1142682043567887e-05,graph_only,13,0,0.5
F/G,0.3964760501338911,graph_only,13,0,0.5
A/B,0.014184397163120567,graph_only,14,0,0.5
A/C,0.03546099290780142,graph_only,14,0,0.5
A/D,0.0002781254345709915,graph_only,14,0,0.5
A/E,0.019217570350034317,graph_only,14,0,0.5
A/F,0.13705077320146616,graph_only,14,0,0.5
A/G,0.002043141145775916,graph_only,14,0,0.5
B/C,0.0,graph_only,14,0,0.5
B/D,0.0196078431372549,graph_only,14,0,0.5
B/E,0.9946236559139785,graph_only,14,0,0.5
B/F,0.024464831804281346,graph_only,14,0,0.5
B/G,0.0,graph_only,14,0,0.5
C/D,0.0,graph_only,14,0,0.5
C/E,0.0,graph_only,14,0,0.5
C/F,0.0030581039755351682,graph_only,14,0,0.5
C/G,0.002072538860103627,graph_only,14,0,0.5
D/E,0.019502424625764285,graph_only,14,0,0.5
D/F,0.6960484499610242,graph_only,14,0,0.5
D/G,0.0162552067459108,graph_only,14,0,0.5
E/F,0.025106047153990334,graph_only,14,0,0.5
E/G,1.1142682043567887e-05,graph_only,14,0,0.5
F/G,0.12873825482087117,graph_only,14,0,0.5
A/B,0.0,graph_only,15,0,0.5
A/C,0.31303497187576423,graph_only,15,0,0.5
A/D,0.07717980809345015,graph_only,15,0,0.5
A/E,0.014108136963318843,graph_only,15,0,0.5
A/F,0.06079337193918494,graph_only,15,0,0.5
A/G,0.0021533825745048323,graph_only,15,0,0.5
B/C,0.0,graph_only,15,0,0.5
B/D,0.0,graph_only,15,0,0.5
B/E,0.005376344086021506,graph_only,15,0,0.5
B/F,0.0,graph_only,15,0,0.5
B/G,0.0,graph_only,15,0,0.5
C/D,0.0,graph_only,15,0,0.5
C/E,0.0,graph_only,15,0,0.5
C/F,0.006643467257197089,graph_only,15,0,0.5
C/G,0.031373950330534216,graph_only,15,0,0.5
D/E,0.01300161641717619,graph_only,15,0,0.5
D/F,0.5583538206312086,graph_only,15,0,0.5
D/G,0.015340851366453316,graph_only,15,0,0.5
E/F,0.0,graph_only,15,0,0.5
E/G,0.0,graph_only,15,0,0.5
F/G,0.05078354011186639,graph_only,15,0,0.5
A/B,0.0,graph_only,16,0,0.5
A/C,0.03423820004891171,graph_only,16,0,0.5
A/D,0.028368794326241134,graph_only,16,0,0.5
A/E,0.012964233966292992,graph_only,16,0,0.5
A/F,0.038974559177565225,graph_only,16,0,0.5
A/G,0.0027119391467313415,graph_only,16,0,0.5
B/C,0.0,graph_only,16,0,0.5
B/D,0.0,graph_only,16,0,0.5
B/E,0.0913978494623656,graph_only,16,0,0.5
B/F,0.0,graph_only,16,0,0.5
B/G,0.0,graph_only,16,0,0.5
C/D,0.0,graph_only,16,0,0.5
C/E,0.0,graph_only,16,0,0.5
C/F,0.009174311926605505,graph_only,16,0,0.5
C/G,0.03212435233160622,graph_only,16,0,0.5
D/E,0.005376344086021506,graph_only,16,0,0.5
D/F,0.9602446483180428,graph_only,16,0,0.5
D/G,0.09430051813471503,graph_only,16,0,0.5
E/F,0.013449080924665418,graph_only,16,0,0.5
E/G,0.0005069920329823388,graph_only,16,0,0.5
F/G,0.09884172331289316,graph_only,16,0,0.5
A/B,0.0,graph_only,17,0,0.5
A/C,0.031792614331132306,graph_only,17,0,0.5
A/D,0.28860149260649887,graph_only,17,0,0.5
A/E,0.005109433386715473,graph_only,17,0,0.5
A/F,0.18665278591103304,graph_only,17,0,0.5
A/G,0.0020651894315216993,graph_only,17,0,0.5
B/C,0.0,graph_only,17,0,0.5
B/D,0.0,graph_only,17,0,0.5
B/E,0.6397849462365591,graph_only,17,0,0.5
B/F,0.0,graph_only,17,0,0.5
B/G,0.0,graph_only,17,0,0.5
C/D,0.0,graph_only,17,0,0.5
C/E,0.0,graph_only,17,0,0.5
C/F,0.031530106506379836,graph_only,17,0,0.5
C/G,0.035268894050384136,graph_only,17,0,0.5
D/E,0.011771733783118982,graph_only,17,0,0.5
D/F,0.46147388619056184,graph_only,17,0,0.5
D/G,0.0,graph_only,17,0,0.5
E/F,0.0,graph_only,17,0,0.5
E/G,0.0,graph_only,17,0,0.5
F/G,0.43572435866964554,graph_only,17,0,0.5
A/B,0.0,graph_only,18,0,0.5
A/C,0.006113964294448521,graph_only,18,0,0.5
A/D,0.03504380475594493,graph_only,18,0,0.5
A/E,0.012964233966292992,graph_only,18,0,0.5
A/F,0.03617671937016071,graph_only,18,0,0.5
A/G,0.0015801271451144673,graph_only,18,0,0.5
B/C,0.0,graph_only,18,0,0.5
B/D,0.0,graph_only,18,0,0.5
B/E,0.08602150537634409,graph_only,18,0,0.5
B/F,0.0,graph_only,18,0,0.5
B/G,0.0,graph_only,18,0,0.5
C/D,0.16903313049357674,graph_only,18,0,0.5
C/E,0.0,graph_only,18,0,0.5
C/F,0.16176315511968786,graph_only,18,0,0.5
C/G,0.07389673039128104,graph_only,18,0,0.5
D/E,0.017921146953405017,graph_only,18,0,0.5
D/F,0.9061581819272051,graph_only,18,0,0.5
D/G,0.04368586812963527,graph_only,18,0,0.5
E/F,0.03354049521554701,graph_only,18,0,0.5
E/G,0.0,graph_only,18,0,0.5
F/G,0.07610083820570107,graph_only,18,0,0.5
A/B,0.0,graph_only,19,0,0.5
A/C,0.8901932012717045,graph_only,19,0,0.5
A/D,0.9929078014184397,graph_only,19,0,0.5
A/E,0.3469839090978418,graph_only,19,0,0.5
A/F,0.8563124905112022,graph_only,19,0,0.5
A/G,0.022636240032337485,graph_only,19,0,0.5
B/C,0.0,graph_only,19,0,0.5
B/D,0.0,graph_only,19,0,0.5
B/E,0.6505376344086021,graph_only,19,0,0.5
B/F,0.0,graph_only,19,0,0.5
B/G,0.0,graph_only,19,0,0.5
C/D,0.896551724137931,graph_only,19,0,0.5
C/E,0.3133110863922877,graph_only,19,0,0.5
C/F,0.786776336602341,graph_only,19,0,0.5
C/G,0.12142219045917456,graph_only,19,0,0.5
D/E,0.34946236559139787,graph_only,19,0,0.5
D/F,0.8623853211009175,graph_only,19,0,0.5
D/G,0.022797927461139896,graph_only,19,0,0.5
E/F,0.30137121436322384,graph_only,19,0,0.5
E/G,0.007967017661151038,graph_only,19,0,0.5
F/G,0.1480249084945572,graph_only,19,0,0.5
A/B,0.9266174554928355,collapse_fixed,24,0,0.5
A/C,0.6456346294937637,collapse_fixed,24,0,0.5
A/D,0.9300978074444908,collapse_fixed,24,0,0.5
A/E,0.9361702127659575,collapse_fixed,24,0,0.5
A/F,0.9170191077276769,collapse_fixed,24,0,0.5
A/G,0.9322897144746995,collapse_fixed,24,0,0.5
B/C,0.6826178747361014,collapse_fixed,24,0,0.5
B/D,0.9833266639989329,collapse_fixed,24,0,0.5
B/E,0.9897959183673469,collapse_fixed,24,0,0.5
B/F,0.9686076265368533,collapse_fixed,24,0,0.5
B/G,0.9856931373585703,collapse_fixed,24,0,0.5
C/D,0.6851476222672978,collapse_fixed,24,0,0.5
C/E,0.6896551724137931,collapse_fixed,24,0,0.5
C/F,0.6753137192871455,collapse_fixed,24,0,0.5
C/G,0.6871538324102198,collapse_fixed,24,0,0.5
D/E,0.9934640522875817,collapse_fixed,24,0,0.5
D/F,0.9722172253203014,collapse_fixed,24,0,0.5
D/G,0.9893460665786177,collapse_fixed,24,0,0.5
E/F,0.9785932721712538,collapse_fixed,24,0,0.5
E/G,0.9958549222797928,collapse_fixed,24,0,0.5
F/G,0.9745400960212958,collapse_fixed,24,0,0.5
A/B,0.9170646982197134,collapse_fixed,39,0,0.5
A/C,0.7101980924431401,collapse_fixed,39,0,0.5
A/D,0.9300514532053956,collapse_fixed,39,0,0.5
A/E,0.9361702127659575,collapse_fixed,39,0,0.5
A/F,0.9275814952176459,collapse_fixed,39,0,0.5
A/G,0.9332598390475141,collapse_fixed,39,0,0.5
B/C,0.7431386347642506,collapse_fixed,39,0,0.5
B/D,0.9733226623982927,collapse_fixed,39,0,0.5
B/E,0.9795918367346939,collapse_fixed,39,0,0.5
B/F,0.9706047556637334,collapse_fixed,39,0,0.5
B/G,0.9765464735116844,collapse_fixed,39,0,0.5
C/D,0.7536623844940274,collapse_fixed,39,0,0.5
C/E,0.7586206896551724,collapse_fixed,39,0,0.5
C/F,0.7521881261204261,collapse_fixed,39,0,0.5
C/G,0.7564052170805788,collapse_fixed,39,0,0.5
D/E,0.9934640522875817,collapse_fixed,39,0,0.5
D/F,0.9843497031840259,collapse_fixed,39,0,0.5
D/G,0.9903755630058586,collapse_fixed,39,0,0.5
E/F,0.9908256880733946,collapse_fixed,39,0,0.5
E/G,0.9968911917098445,collapse_fixed,39,0,0.5
F/G,0.9877485699798767,collapse_fixed,39,0,0.5
A/B,0.0,combined,0,0,0.5
A/C,0.0,combined,0,0,0.5
A/D,0.0006489593473323136,combined,0,0,0.5
A/E,0.014184397163120567,combined,0,0,0.5
A/F,0.006202962673780554,combined,0,0,0.5
A/G,0.0,combined,0,0,0.5
B/C,0.0,combined,0,0,0.5
B/D,0.0,combined,0,0,0.5
B/E,0.0,combined,0,0,0.5
B/F,0.0,combined,0,0,0.5
B/G,0.0,combined,0,0,0.5
C/D,0.0,combined,0,0,0.5
C/E,0.0,combined,0,0,0.5
C/F,0.0,combined,0,0,0.5
C/G,0.0570662855100947,combined,0,0,0.5
D/E,0.0457516339869281,combined,0,0,0.5
D/F,0.11508864504007515,combined,0,0,0.5
D/G,0.012055945003217177,combined,0,0,0.5
E/F,0.012232415902140673,combined,0,0,0.5
E/G,0.0,combined,0,0,0.5
F/G,0.16978973554530905,combined,0,0,0.5
A/B,0.014184397163120567,combined,1,1,0.5
A/C,0.26999266324284665,combined,1,1,0.5
A/D,0.007277615537940945,combined,1,1,0.5
A/E,0.014146267063219706,combined,1,1,0.5
A/F,0.12460147049254994,combined,1,1,0.5
A/G,0.00317495314739279,combined,1,1,0.5
B/C,0.0,combined,1,1,0.5
B/D,0.026143790849673203,combined,1,1,0.5
B/E,0.9946236559139785,combined,1,1,0.5
B/F,0.0,combined,1,1,0.5
B/G,0.0,combined,1,1,0.5
C/D,0.0,combined,1,1,0.5
C/E,0.0,combined,1,1,0.5
C/F,0.04682062638405568,combined,1,1,0.5
C/G,0.06939431838484902,combined,1,1,0.5
D/E,0.03123901890505306,combined,1,1,0.5
D/F,0.6700845475805001,combined,1,1,0.5
D/G,0.018165193538555318,combined,1,1,0.5
E/F,0.003699319325244155,combined,1,1,0.5
E/G,0.00010028413839211098,combined,1,1,0.5
F/G,0.1982982364405571,combined,1,1,0.5
A/B,0.0,combined,2,2,0.5
A/C,0.007825874296894107,combined,2,2,0.5
A/D,0.005840634125990822,combined,2,2,0.5
A/E,0.004956912987112027,combined,2,2,0.5
A/F,0.015008567028867634,combined,2,2,0.5
A/G,0.0029397714327711023,combined,2,2,0.5
B/C,0.0,combined,2,2,0.5
B/D,0.0,combined,2,2,0.5
B/E,0.2956989247311828,combined,2,2,0.5
B/F,0.0,combined,2,2,0.5
B/G,0.0,combined,2,2,0.5
C/D,0.0,combined,2,2,0.5
C/E,0.0,combined,2,2,0.5
C/F,0.002530844669408415,combined,2,2,0.5
C/G,0.028586742897981063,combined,2,2,0.5
D/E,0.5765338393421885,combined,2,2,0.5
D/F,0.17215326497571506,combined,2,2,0.5
D/G,0.05284974093264249,combined,2,2,0.5
E/F,0.005244812732235047,combined,2,2,0.5
E/G,0.0016101175552955596,combined,2,2,0.5
F/G,0.2931057977214749,combined,2,2,0.5
A/B,0.014184397163120567,combined,3,3,0.5
A/C,0.0,combined,3,3,0.5
A/D,0.9598108747044918,combined,3,3,0.5
A/E,0.014184397163120567,combined,3,3,0.5
A/F,0.502873750189776,combined,3,3,0.5
A/G,0.0,combined,3,3,0.5
B/C,0.0,combined,3,3,0.5
B/D,0.0196078431372549,combined,3,3,0.5
B/E,1.0,combined,3,3,0.5
B/F,0.0,combined,3,3,0.5
B/G,0.0,combined,3,3,0.5
C/D,0.0,combined,3,3,0.5
C/E,0.0,combined,3,3,0.5
C/F,0.16555942212380048,combined,3,3,0.5
C/G,0.34447025192067177,combined,3,3,0.5
D/E,0.0196078431372549,combined,3,3,0.5
D/F,0.5036877136175572,combined,3,3,0.5
D/G,0.0,combined,3,3,0.5
E/F,0.0,combined,3,3,0.5
E/G,0.0,combined,3,3,0.5
F/G,0.47962478807180997,combined,3,3,0.5
A/B,0.014184397163120567,combined,4,4,0.5
A/C,0.031792614331132306,combined,4,4,0.5
A/D,0.9311176007045844,combined,4,4,0.5
A/E,0.014184397163120567,combined,4,4,0.5
A/F,0.46489687032337823,combined,4,4,0.5
A/G,8.08437144012053e-05,combined,4,4,0.5
B/C,0.0,combined,4,4,0.5
B/D,0.013071895424836602,combined,4,4,0.5
B/E,1.0,combined,4,4,0.5
B/F,0.0,combined,4,4,0.5
B/G,0.0,combined,4,4,0.5
C/D,0.0,combined,4,4,0.5
C/E,0.0,combined,4,4,0.5
C/F,0.027839291363492565,combined,4,4,0.5
C/G,0.036233696623190995,combined,4,4,0.5
D/E,0.013071895424836602,combined,4,4,0.5
D/F,0.48591873038715994,combined,4,4,0.5
D/G,0.0,combined,4,4,0.5
E/F,0.0,combined,4,4,0.5
E/G,0.0,combined,4,4,0.5
F/G,0.4873001536974537,combined,4,4,0.5
A/B,0.0,combined,5,5,0.5
A/C,0.26999266324284665,combined,5,5,0.5
A/D,0.013071895424836602,combined,5,5,0.5
A/E,0.01052390757263784,combined,5,5,0.5
A/F,0.015008567028867634,combined,5,5,0.5
A/G,0.0010142211443060303,combined,5,5,0.5
B/C,0.0,combined,5,5,0.5
B/D,0.0,combined,5,5,0.5
B/E,0.6236559139784946,combined,5,5,0.5
B/F,0.0,combined,5,5,0.5
B/G,0.0,combined,5,5,0.5
C/D,0.0,combined,5,5,0.5
C/E,0.0014831294030404152,combined,5,5,0.5
C/F,0.00674891911842244,combined,5,5,0.5
C/G,0.0329104877613007,combined,5,5,0.5
D/E,0.34187223276407336,combined,5,5,0.5
D/F,0.07405408646639083,combined,5,5,0.5
D/G,0.004145077720207254,combined,5,5,0.5
E/F,0.0012166650225247442,combined,5,5,0.5
E/G,5.571341021783943e-06,combined,5,5,0.5
F/G,0.1174565448178606,combined,5,5,0.5
A/B,0.00636850484874801,combined,6,6,0.5
A/C,0.0019564685742235266,combined,6,6,0.5
A/D,0.006582301951513466,combined,6,6,0.5
A/E,0.019370090749637765,combined,6,6,0.5
A/F,0.11104604506907845,combined,6,6,0.5
A/G,0.0010289200014698856,combined,6,6,0.5
B/C,0.0,combined,6,6,0.5
B/D,0.0058690142723756165,combined,6,6,0.5
B/E,0.4465657230634189,combined,6,6,0.5
B/F,0.009611183923110528,combined,6,6,0.5
B/G,0.0,combined,6,6,0.5
C/D,0.0,combined,6,6,0.5
C/E,0.0,combined,6,6,0.5
C/F,0.000843614889802805,combined,6,6,0.5
C/G,0.06753618009648026,combined,6,6,0.5
D/E,0.013036755921006395,combined,6,6,0.5
D/F,0.8375007495352881,combined,6,6,0.5
D/G,0.02540553354329642,combined,6,6,0.5
E/F,0.021899970405445397,combined,6,6,0.5
E/G,5.571341021783943e-06,combined,6,6,0.5
F/G,0.034098651582133065,combined,6,6,0.5
A/B,0.0,combined,7,7,0.5
A/C,0.025434091464905845,combined,7,7,0.5
A/D,0.02127659574468085,combined,7,7,0.5
A/E,0.00022878059940517045,combined,7,7,0.5
A/F,0.019259548441668294,combined,7,7,0.5
A/G,0.0006981957152831367,combined,7,7,0.5
B/C,0.0,combined,7,7,0.5
B/D,0.0,combined,7,7,0.5
B/E,0.08602150537634409,combined,7,7,0.5
B/F,0.0,combined,7,7,0.5
B/G,0.0,combined,7,7,0.5
C/D,0.0,combined,7,7,0.5
C/E,0.0,combined,7,7,0.5
C/F,0.006643467257197089,combined,7,7,0.5
C/G,0.03115954975879936,combined,7,7,0.5
D/E,0.010752688172043012,combined,7,7,0.5
D/F,0.4617737003058104,combined,7,7,0.5
D/G,0.0,combined,7,7,0.5
E/F,0.004965308605438821,combined,7,7,0.5
E/G,0.0,combined,7,7,0.5
F/G,0.07872795550696392,combined,7,7,0.5
A/B,7.236937328122738e-05,combined,8,8,0.5
A/C,0.0,combined,8,8,0.5
A/D,0.013998980206739906,combined,8,8,0.5
A/E,0.012354152367879203,combined,8,8,0.5
A/F,0.01622313314681068,combined,8,8,0.5
A/G,0.00020578400029397714,combined,8,8,0.5
B/C,0.0,combined,8,8,0.5
B/D,0.0002667733760170735,combined,8,8,0.5
B/E,0.010094360324775072,combined,8,8,0.5
B/F,0.0,combined,8,8,0.5
B/G,0.0,combined,8,8,0.5
C/D,0.0,combined,8,8,0.5
C/E,0.0,combined,8,8,0.5
C/F,0.01877043129811241,combined,8,8,0.5
C/G,0.0587100232267286,combined,8,8,0.5
D/E,0.031098460889732237,combined,8,8,0.5
D/F,0.4973516419819712,combined,8,8,0.5
D/G,0.014128483863320803,combined,8,8,0.5
E/F,0.0027950412679622503,combined,8,8,0.5
E/G,7.799877430497521e-05,combined,8,8,0.5
F/G,0.4236630698293483,combined,8,8,0.5
A/B,0.0,combined,9,9,0.5
A/C,0.030569821472242603,combined,9,9,0.5
A/D,0.00723126129884578,combined,9,9,0.5
A/E,0.012887973766491269,combined,9,9,0.5
A/F,0.021450105190101286,combined,9,9,0.5
A/G,0.00030132657185903797,combined,9,9,0.5
B/C,0.0,combined,9,9,0.5
B/D,0.0,combined,9,9,0.5
B/E,0.0913978494623656,combined,9,9,0.5
B/F,0.0,combined,9,9,0.5
B/G,0.0,combined,9,9,0.5
C/D,0.0,combined,9,9,0.5
C/E,0.0,combined,9,9,0.5
C/F,0.006538015395971739,combined,9,9,0.5
C/G,0.06721457923887797,combined,9,9,0.5
D/E,0.0178157284419144,combined,9,9,0.5
D/F,0.9414163218804341,combined,9,9,0.5
D/G,0.0365742151782993,combined,9,9,0.5
E/F,0.0,combined,9,9,0.5
E/G,0.0,combined,9,9,0.5
F/G,0.05347403780640459,combined,9,9,0.5
A/B,0.0,combined,10,10,0.5
A/C,0.0,combined,10,10,0.5
A/D,0.007602095211607101,combined,10,10,0.5
A/E,0.012316022267978342,combined,10,10,0.5
A/F,0.01058407617064654,combined,10,10,0.5
A/G,4.409657149156653e-05,combined,10,10,0.5
B/C,0.0,combined,10,10,0.5
B/D,0.0,combined,10,10,0.5
B/E,0.0,combined,10,10,0.5
B/F,0.0,combined,10,10,0.5
B/G,0.0,combined,10,10,0.5
C/D,0.0,combined,10,10,0.5
C/E,0.0,combined,10,10,0.5
C/F,0.028788358114520723,combined,10,10,0.5
C/G,0.038377702340539575,combined,10,10,0.5
D/E,0.019783540656405932,combined,10,10,0.5
D/F,0.1319781735324099,combined,10,10,0.5
D/G,0.0002235090927562735,combined,10,10,0.5
E/F,0.0026141856565058694,combined,10,10,0.5
E/G,1.671402306535183e-05,combined,10,10,0.5
F/G,0.34127806563039725,combined,10,10,0.5
A/B,0.014184397163120567,combined,11,11,0.5
A/C,0.26803619466862316,combined,11,11,0.5
A/D,0.00723126129884578,combined,11,11,0.5
A/E,0.019217570350034317,combined,11,11,0.5
A/F,0.044201531220855836,combined,11,11,0.5
A/G,0.0010068717157241025,combined,11,11,0.5
B/C,0.0,combined,11,11,0.5
B/D,0.0196078431372549,combined,11,11,0.5
B/E,0.978494623655914,combined,11,11,0.5
B/F,0.0061162079510703364,combined,11,11,0.5
B/G,0.0,combined,11,11,0.5
C/D,0.0,combined,11,11,0.5
C/E,0.0014831294030404152,combined,11,11,0.5
C/F,0.03237372139618264,combined,11,11,0.5
C/G,0.03469715919242451,combined,11,11,0.5
D/E,0.034998945814885093,combined,11,11,0.5
D/F,0.34190801702944174,combined,11,11,0.5
D/G,0.0,combined,11,11,0.5
E/F,0.011837821840781295,combined,11,11,0.5
E/G,5.571341021783943e-06,combined,11,11,0.5
F/G,0.5951387238357814,combined,11,11,0.5
A/B,0.0,combined,12,12,0.5
A/C,0.03301540719002201,combined,12,12,0.5
A/D,0.9574468085106383,combined,12,12,0.5
A/E,0.36032944406314343,combined,12,12,0.5
A/F,0.41028477237729627,combined,12,12,0.5
A/G,0.03542424576489178,combined,12,12,0.5
B/C,0.0,combined,12,12,0.5
B/D,0.0,combined,12,12,0.5
B/E,0.6236559139784946,combined,12,12,0.5
B/F,0.0,combined,12,12,0.5
B/G,0.0,combined,12,12,0.5
C/D,0.0,combined,12,12,0.5
C/E,0.0,combined,12,12,0.5
C/F,0.5466624485922177,combined,12,12,0.5
C/G,0.9300696801858138,combined,12,12,0.5
D/E,0.3763440860215054,combined,12,12,0.5
D/F,0.40672782874617736,combined,12,12,0.5
D/G,0.0,combined,12,12,0.5
E/F,0.1530696129689915,combined,12,12,0.5
E/G,0.0,combined,12,12,0.5
F/G,0.586547511527309,combined,12,12,0.5
A/B,0.0,combined,13,13,0.5
A/C,0.02641232575201761,combined,13,13,0.5
A/D,0.04964539007092199,combined,13,13,0.5
A/E,0.0018683748951422252,combined,13,13,0.5
A/F,0.14366582080812024,combined,13,13,0.5
A/G,2.939771432771102e-05,combined,13,13,0.5
B/C,0.0,combined,13,13,0.5
B/D,0.0,combined,13,13,0.5
B/E,0.26881720430107525,combined,13,13,0.5
B/F,0.0,combined,13,13,0.5
B/G,0.0,combined,13,13,0.5
C/D,0.0,combined,13,13,0.5
C/E,0.0,combined,13,13,0.5
C/F,0.011388801012337867,combined,13,13,0.5
C/G,0.0009648025728068608,combined,13,13,0.5
D/E,0.03763440860215054,combined,13,13,0.5
D/F,0.5015290519877675,combined,13,13,0.5
D/G,0.0,combined,13,13,0.5
E/F,0.018874749268356843,combined,13,13,0.5
E/G,0.0,combined,13,13,0.5
F/G,0.357440065915609,combined,13,13,0.5
A/B,0.0,combined,14,14,0.5
A/C,0.03546099290780142,combined,14,14,0.5
A/D,0.01951513465906457,combined,14,14,0.5
A/E,0.00526195378631892,combined,14,14,0.5
A/F,0.16611360530938904,combined,14,14,0.5
A/G,0.002190129717414471,combined,14,14,0.5
B/C,0.0,combined,14,14,0.5
B/D,0.0,combined,14,14,0.5
B/E,0.6789554531490015,combined,14,14,0.5
B/F,0.0,combined,14,14,0.5
B/G,0.0,combined,14,14,0.5
C/D,0.0,combined,14,14,0.5
C/E,0.0,combined,14,14,0.5
C/F,0.012232415902140673,combined,14,14,0.5
C/G,0.002072538860103627,combined,14,14,0.5
D/E,0.015988474242743692,combined,14,14,0.5
D/F,0.6480781915212568,combined,14,14,0.5
D/G,0.018436113650987164,combined,14,14,0.5
E/F,0.011459669198645227,combined,14,14,0.5
E/G,0.00031199509721990083,combined,14,14,0.5
F/G,0.1737827003216555,combined,14,14,0.5
A/B,0.0,combined,15,15,0.5
A/C,0.009782342871117632,combined,15,15,0.5
A/D,0.013998980206739906,combined,15,15,0.5
A/E,0.0025165865934568747,combined,15,15,0.5
A/F,0.01568091612987182,combined,15,15,0.5
A/G,0.027486862896409805,combined,15,15,0.5
B/C,0.0,combined,15,15,0.5
B/D,0.0,combined,15,15,0.5
B/E,0.0913978494623656,combined,15,15,0.5
B/F,0.0,combined,15,15,0.5
B/G,0.0,combined,15,15,0.5
C/D,0.0,combined,15,15,0.5
C/E,0.0,combined,15,15,0.5
C/F,0.012654223347042075,combined,15,15,0.5
C/G,0.33410755762015365,combined,15,15,0.5
D/E,0.17510014758591608,combined,15,15,0.5
D/F,0.012392316763606564,combined,15,15,0.5
D/G,0.00040638016864777,combined,15,15,0.5
E/F,0.0,combined,15,15,0.5
E/G,0.0,combined,15,15,0.5
F/G,0.06502828350049912,combined,15,15,0.5
A/B,0.0,combined,16,16,0.5
A/C,0.01173881144534116,combined,16,16,0.5
A/D,0.07801418439716312,combined,16,16,0.5
A/E,0.013841226264012811,combined,16,16,0.5
A/F,0.05519769232437591,combined,16,16,0.5
A/G,4.409657149156653e-05,combined,16,16,0.5
B/C,0.0,combined,16,16,0.5
B/D,0.0,combined,16,16,0.5
B/E,0.7956989247311828,combined,16,16,0.5
B/F,0.0,combined,16,16,0.5
B/G,0.0,combined,16,16,0.5
C/D,0.0,combined,16,16,0.5
C/E,0.0,combined,16,16,0.5
C/F,0.02193398713487293,combined,16,16,0.5
C/G,0.034732892621046986,combined,16,16,0.5
D/E,0.1774193548387097,combined,16,16,0.5
D/F,0.42507645259938837,combined,16,16,0.5
D/G,0.0,combined,16,16,0.5
E/F,0.07541678997731084,combined,16,16,0.5
E/G,0.0,combined,16,16,0.5
F/G,0.5376812283120217,combined,16,16,0.5
A/B,0.0,combined,17,17,0.5
A/C,0.007825874296894107,combined,17,17,0.5
A/D,0.09929078014184398,combined,17,17,0.5
A/E,0.0005338213986120643,combined,17,17,0.5
A/F,0.09438913830871667,combined,17,17,0.5
A/G,0.0019108514313012164,combined,17,17,0.5
B/C,0.0,combined,17,17,0.5
B/D,0.0,combined,17,17,0.5
B/E,0.0967741935483871,combined,17,17,0.5
B/F,0.0,combined,17,17,0.5
B/G,0.0,combined,17,17,0.5
C/D,0.0,combined,17,17,0.5
C/E,0.0,combined,17,17,0.5
C/F,0.006959822840873141,combined,17,17,0.5
C/G,0.06810791495443988,combined,17,17,0.5
D/E,0.005376344086021506,combined,17,17,0.5
D/F,0.8960244648318043,combined,17,17,0.5
D/G,0.01865284974093264,combined,17,17,0.5
E/F,0.004817335832429055,combined,17,17,0.5
E/G,0.00010028413839211098,combined,17,17,0.5
F/G,0.10356673163156978,combined,17,17,0.5
A/B,0.0,combined,18,18,0.5
A/C,0.009782342871117632,combined,18,18,0.5
A/D,0.006953135864274788,combined,18,18,0.5
A/E,0.0052238236864180585,combined,18,18,0.5
A/F,0.02997375669638016,combined,18,18,0.5
A/G,3.674714290963877e-05,combined,18,18,0.5
B/C,0.0,combined,18,18,0.5
B/D,0.0,combined,18,18,0.5
B/E,0.08602150537634409,combined,18,18,0.5
B/F,0.0,combined,18,18,0.5
B/G,0.0,combined,18,18,0.5
C/D,0.0,combined,18,18,0.5
C/E,0.0,combined,18,18,0.5
C/F,0.05409680480860487,combined,18,18,0.5
C/G,0.10351974271931391,combined,18,18,0.5
D/E,0.028146742567994938,combined,18,18,0.5
D/F,0.4557174551777898,combined,18,18,0.5
D/G,0.0,combined,18,18,0.5
E/F,0.005146164216895202,combined,18,18,0.5
E/G,0.0,combined,18,18,0.5
F/G,0.49744735466083567,combined,18,18,0.5
A/B,0.014184397163120567,combined,19,19,0.5
A/C,0.0,combined,19,19,0.5
A/D,0.9716312056737588,combined,19,19,0.5
A/E,0.019331960649736902,combined,19,19,0.5
A/F,0.5318715162556662,combined,19,19,0.5
A/G,0.0,combined,19,19,0.5
B/C,0.0,combined,19,19,0.5
B/D,0.0,combined,19,19,0.5
B/E,0.9946236559139785,combined,19,19,0.5
B/F,0.0,combined,19,19,0.5
B/G,0.0,combined,19,19,0.5
C/D,0.0,combined,19,19,0.5
C/E,0.0,combined,19,19,0.5
C/F,0.14236001265422335,combined,19,19,0.5
C/G,0.3100232267286046,combined,19,19,0.5
D/E,0.005376344086021506,combined,19,19,0.5
D/F,0.5474006116207951,combined,19,19,0.5
D/G,0.0,combined,19,19,0.5
E/F,0.002943014040972017,combined,19,19,0.5
E/G,0.0,combined,19,19,0.5
F/G,0.44602050355722456,combined,19,19,0.5
A/B,0.0,combined,20,20,0.5
A/C,0.011005135730007337,combined,20,20,0.5
A/D,0.0004635423909516525,combined,20,20,0.5
A/E,0.01426065736292229,combined,20,20,0.5
A/F,0.04515583317066823,combined,20,20,0.5
A/G,0.007907985154154265,combined,20,20,0.5
B/C,0.0,combined,20,20,0.5
B/D,0.0,combined,20,20,0.5
B/E,0.34408602150537637,combined,20,20,0.5
B/F,0.0,combined,20,20,0.5
B/G,0.0,combined,20,20,0.5
C/D,0.0,combined,20,20,0.5
C/E,0.0,combined,20,20,0.5
C/F,0.0018981335020563112,combined,20,20,0.5
C/G,0.10269787386099696,combined,20,20,0.5
D/E,0.017007519853819663,combined,20,20,0.5
D/F,0.0185085247146769,combined,20,20,0.5
D/G,0.0016458396830234684,combined,20,20,0.5
E/F,0.0160961494196179,combined,20,20,0.5
E/G,0.0,combined,20,20,0.5
F/G,0.2333095656858551,combined,20,20,0.5
A/B,0.0,combined,21,21,0.5
A/C,0.008070432868672046,combined,21,21,0.5
A/D,0.0070921985815602835,combined,21,21,0.5
A/E,0.012163501868374895,combined,21,21,0.5
A/F,0.03285835122649489,combined,21,21,0.5
A/G,0.003711461433873516,combined,21,21,0.5
B/C,0.0,combined,21,21,0.5
B/D,0.0,combined,21,21,0.5
B/E,0.0,combined,21,21,0.5
B/F,0.0,combined,21,21,0.5
B/G,0.0,combined,21,21,0.5
C/D,0.03335587108406581,combined,21,21,0.5
C/E,0.0,combined,21,21,0.5
C/F,0.0024253928081830645,combined,21,21,0.5
C/G,0.06517777380739682,combined,21,21,0.5
D/E,0.019502424625764285,combined,21,21,0.5
D/F,0.02094701285203174,combined,21,21,0.5
D/G,0.000121914050594331,combined,21,21,0.5
E/F,0.0001479727730097662,combined,21,21,0.5
E/G,0.0,combined,21,21,0.5
F/G,0.040645846207475717,combined,21,21,0.5
A/B,0.0,combined,22,22,0.5
A/C,0.10271460014673514,combined,22,22,0.5
A/D,0.9929078014184397,combined,22,22,0.5
A/E,0.37367497902844504,combined,22,22,0.5
A/F,0.5708894527945865,combined,22,22,0.5
A/G,0.017491640024988056,combined,22,22,0.5
B/C,0.0,combined,22,22,0.5
B/D,0.0,combined,22,22,0.5
B/E,0.6236559139784946,combined,22,22,0.5
B/F,0.0,combined,22,22,0.5
B/G,0.0,combined,22,22,0.5
C/D,0.10344827586206896,combined,22,22,0.5
C/E,0.0389321468298109,combined,22,22,0.5
C/F,0.13170937467046293,combined,22,22,0.5
C/G,0.1710201893871717,combined,22,22,0.5
D/E,0.3763440860215054,combined,22,22,0.5
D/F,0.5749235474006116,combined,22,22,0.5
D/G,0.017616580310880828,combined,22,22,0.5
E/F,0.21636907697872482,combined,22,22,0.5
E/G,0.006629895815922893,combined,22,22,0.5
F/G,0.42127362900286797,combined,22,22,0.5
A/B,0.014184397163120567,combined,23,23,0.5
A/C,0.031792614331132306,combined,23,23,0.5
A/D,0.02127659574468085,combined,23,23,0.5
A/E,0.01422252726302143,combined,23,23,0.5
A/F,0.032771596503784674,combined,23,23,0.5
A/G,0.0006614485723734979,combined,23,23,0.5
B/C,0.0,combined,23,23,0.5
B/D,0.0,combined,23,23,0.5
B/E,0.9946236559139785,combined,23,23,0.5
B/F,0.0,combined,23,23,0.5
B/G,0.0,combined,23,23,0.5
C/D,0.0,combined,23,23,0.5
C/E,0.0,combined,23,23,0.5
C/F,0.04703153010650638,combined,23,23,0.5
C/G,0.03626943005181347,combined,23,23,0.5
D/E,0.005376344086021506,combined,23,23,0.5
D/F,0.9235474006116208,combined,23,23,0.5
D/G,0.025906735751295335,combined,23,23,0.5
E/F,0.004965308605438821,combined,23,23,0.5
E/G,0.0001392835255445986,combined,23,23,0.5
F/G,0.03596520416409184,combined,23,23,0.5
A/B,0.9266174554928355,combined,24,24,0.5
A/C,0.6456346294937637,combined,24,24,0.5
A/D,0.9300514532053956,combined,24,24,0.5
A/E,0.9361702127659575,combined,24,24,0.5
A/F,0.9104040601210228,combined,24,24,0.5
A/G,0.9303494653290707,combined,24,24,0.5
B/C,0.6826178747361014,combined,24,24,0.5
B/D,0.9833266639989329,combined,24,24,0.5
B/E,0.9897959183673469,combined,24,24,0.5
B/F,0.9625538288709979,combined,24,24,0.5
B/G,0.983641746854182,combined,24,24,0.5
C/D,0.6851476222672978,combined,24,24,0.5
C/E,0.6896551724137931,combined,24,24,0.5
C/F,0.6713065485605821,combined,24,24,0.5
C/G,0.6855815615508308,combined,24,24,0.5
D/E,0.9934640522875817,combined,24,24,0.5
D/F,0.9661210049769143,combined,24,24,0.5
D/G,0.9872870737241356,combined,24,24,0.5
E/F,0.9724770642201835,combined,24,24,0.5
E/G,0.9937823834196892,combined,24,24,0.5
F/G,0.9665605045079305,combined,24,24,0.5
A/B,0.0,combined,25,25,0.5
A/C,0.011005135730007337,combined,25,25,0.5
A/D,0.0004635423909516525,combined,25,25,0.5
A/E,0.012964233966292992,combined,25,25,0.5
A/F,0.05326739974407357,combined,25,25,0.5
A/G,0.006445448866350641,combined,25,25,0.5
B/C,0.0,combined,25,25,0.5
B/D,0.0,combined,25,25,0.5
B/E,0.08602150537634409,combined,25,25,0.5
B/F,0.0,combined,25,25,0.5
B/G,0.0,combined,25,25,0.5
C/D,0.0,combined,25,25,0.5
C/E,0.0,combined,25,25,0.5
C/F,0.008014341453126649,combined,25,25,0.5
C/G,0.09930319814186171,combined,25,25,0.5
D/E,0.023894862604540025,combined,25,25,0.5
D/F,0.06188163338729987,combined,25,25,0.5
D/G,0.00027092011243184667,combined,25,25,0.5
E/F,0.0,combined,25,25,0.5
E/G,0.0,combined,25,25,0.5
F/G,0.04442965568601353,combined,25,25,0.5
A/B,0.0,combined,26,26,0.5
A/C,0.015651748593788213,combined,26,26,0.5
A/D,0.008529179993510407,combined,26,26,0.5
A/E,0.015099519560741249,combined,26,26,0.5
A/F,0.07014119331121088,combined,26,26,0.5
A/G,0.0051739977216771395,combined,26,26,0.5
B/C,0.0,combined,26,26,0.5
B/D,0.0,combined,26,26,0.5
B/E,0.27956989247311825,combined,26,26,0.5
B/F,0.0,combined,26,26,0.5
B/G,0.0,combined,26,26,0.5
C/D,0.007212080234392608,combined,26,26,0.5
C/E,0.0,combined,26,26,0.5
C/F,0.26067700094906676,combined,26,26,0.5
C/G,0.08783276755404681,combined,26,26,0.5
D/E,0.01402066202825216,combined,26,26,0.5
D/F,0.024644720273430475,combined,26,26,0.5
D/G,0.0023840969894002506,combined,26,26,0.5
E/F,0.006658774785439479,combined,26,26,0.5
E/G,0.0,combined,26,26,0.5
F/G,0.1186861244474022,combined,26,26,0.5
A/B,0.0,combined,27,27,0.5
A/C,0.1012472487160675,combined,27,27,0.5
A/D,0.007184907059750614,combined,27,27,0.5
A/E,0.012849843666590406,combined,27,27,0.5
A/F,0.09209013815689591,combined,27,27,0.5
A/G,0.0010142211443060303,combined,27,27,0.5
B/C,0.0,combined,27,27,0.5
B/D,0.0,combined,27,27,0.5
B/E,0.0913978494623656,combined,27,27,0.5
B/F,0.0,combined,27,27,0.5
B/G,0.0,combined,27,27,0.5
C/D,0.0,combined,27,27,0.5
C/E,0.0,combined,27,27,0.5
C/F,0.11019719498049141,combined,27,27,0.5
C/G,0.13528676076469537,combined,27,27,0.5
D/E,0.017112938365310283,combined,27,27,0.5
D/F,0.3199216485778817,combined,27,27,0.5
D/G,0.0,combined,27,27,0.5
E/F,0.0017427904376705798,combined,27,27,0.5
E/G,0.0,combined,27,27,0.5
F/G,0.27065646242334934,combined,27,27,0.5
A/B,0.0,combined,28,28,0.5
A/C,0.0,combined,28,28,0.5
A/D,0.07676261994159365,combined,28,28,0.5
A/E,0.010714558072142149,combined,28,28,0.5
A/F,0.06038128700631141,combined,28,28,0.5
A/G,0.0,combined,28,28,0.5
B/C,0.0,combined,28,28,0.5
B/D,0.0,combined,28,28,0.5
B/E,0.6075268817204301,combined,28,28,0.5
B/F,0.0,combined,28,28,0.5
B/G,0.0,combined,28,28,0.5
C/D,0.0,combined,28,28,0.5
C/E,0.0,combined,28,28,0.5
C/F,0.134134767478646,combined,28,28,0.5
C/G,0.15143827050205466,combined,28,28,0.5
D/E,0.012755639890364748,combined,28,28,0.5
D/F,0.47970258439767344,combined,28,28,0.5
D/G,0.0,combined,28,28,0.5
E/F,0.002762158429515636,combined,28,28,0.5
E/G,0.0,combined,28,28,0.5
F/G,0.2645339164329515,combined,28,28,0.5
A/B,0.0,combined,29,29,0.5
A/C,0.012227928588897041,combined,29,29,0.5
A/D,0.06318082788671024,combined,29,29,0.5
A/E,0.014184397163120567,combined,29,29,0.5
A/F,0.0519660789034203,combined,29,29,0.5
A/G,0.0007643405725204865,combined,29,29,0.5
B/C,0.0,combined,29,29,0.5
B/D,0.0,combined,29,29,0.5
B/E,0.0,combined,29,29,0.5
B/F,0.0,combined,29,29,0.5
B/G,0.0,combined,29,29,0.5
C/D,0.0,combined,29,29,0.5
C/E,0.0,combined,29,29,0.5
C/F,0.011494252873563218,combined,29,29,0.5
C/G,0.0344112917634447,combined,29,29,0.5
D/E,0.013071895424836602,combined,29,29,0.5
D/F,0.6760608422777877,combined,29,29,0.5
D/G,0.011249957668732432,combined,29,29,0.5
E/F,0.0,combined,29,29,0.5
E/G,0.0,combined,29,29,0.5
F/G,0.3067991316886121,combined,29,29,0.5
A/B,0.0,combined,30,30,0.5
A/C,0.012227928588897041,combined,30,30,0.5
A/D,0.8807305428081398,combined,30,30,0.5
A/E,0.31457332418210937,combined,30,30,0.5
A/F,0.3292775500466307,combined,30,30,0.5
A/G,0.03542424576489178,combined,30,30,0.5
B/C,0.0,combined,30,30,0.5
B/D,0.006535947712418301,combined,30,30,0.5
B/E,0.6451612903225806,combined,30,30,0.5
B/F,0.0,combined,30,30,0.5
B/G,0.0,combined,30,30,0.5
C/D,0.0,combined,30,30,0.5
C/E,0.0,combined,30,30,0.5
C/F,0.21933987134872932,combined,30,30,0.5
C/G,0.34454171877791673,combined,30,30,0.5
D/E,0.3567362428842505,combined,30,30,0.5
D/F,0.34330714956726827,combined,30,30,0.5
D/G,0.0,combined,30,30,0.5
E/F,0.12262010456742627,combined,30,30,0.5
E/G,0.0,combined,30,30,0.5
F/G,0.6323873809636988,combined,30,30,0.5
A/B,0.0,combined,31,31,0.5
A/C,0.0004891171435558817,combined,31,31,0.5
A/D,0.007045844342465119,combined,31,31,0.5
A/E,0.0,combined,31,31,0.5
A/F,0.08113735441473095,combined,31,31,0.5
A/G,0.007077499724396428,combined,31,31,0.5
B/C,0.0,combined,31,31,0.5
B/D,6.669334400426837e-05,combined,31,31,0.5
B/E,0.09441518542901031,combined,31,31,0.5
B/F,0.0,combined,31,31,0.5
B/G,0.0,combined,31,31,0.5
C/D,0.0,combined,31,31,0.5
C/E,0.0,combined,31,31,0.5
C/F,0.05462406411473163,combined,31,31,0.5
C/G,0.06978738609969627,combined,31,31,0.5
D/E,0.0059385761473048,combined,31,31,0.5
D/F,0.021266814574963523,combined,31,31,0.5
D/G,0.0,combined,31,31,0.5
E/F,0.0005918910920390648,combined,31,31,0.5
E/G,5.571341021783943e-06,combined,31,31,0.5
F/G,0.7905214621856729,combined,31,31,0.5
A/B,0.014184397163120567,combined,32,32,0.5
A/C,0.30154071900220103,combined,32,32,0.5
A/D,0.014184397163120567,combined,32,32,0.5
A/E,0.014184397163120567,combined,32,32,0.5
A/F,0.04014574793415317,combined,32,32,0.5
A/G,0.0027780840039686914,combined,32,32,0.5
B/C,0.0,combined,32,32,0.5
B/D,0.006535947712418301,combined,32,32,0.5
B/E,0.989247311827957,combined,32,32,0.5
B/F,0.0,combined,32,32,0.5
B/G,0.0,combined,32,32,0.5
C/D,0.0,combined,32,32,0.5
C/E,0.0,combined,32,32,0.5
C/F,0.009490667510281556,combined,32,32,0.5
C/G,0.03319635519028051,combined,32,32,0.5
D/E,0.017148077869140486,combined,32,32,0.5
D/F,0.9387779576662469,combined,32,32,0.5
D/G,0.0535338142165329,combined,32,32,0.5
E/F,0.010160797080003945,combined,32,32,0.5
E/G,0.0005794194662655302,combined,32,32,0.5
F/G,0.07695964253458193,combined,32,32,0.5
A/B,0.0,combined,33,33,0.5
A/C,0.025434091464905845,combined,33,33,0.5
A/D,0.09219858156028368,combined,33,33,0.5
A/E,0.03172424311751697,combined,33,33,0.5
A/F,0.056043550870800526,combined,33,33,0.5
A/G,2.939771432771102e-05,combined,33,33,0.5
B/C,0.0,combined,33,33,0.5
B/D,0.0,combined,33,33,0.5
B/E,0.005376344086021506,combined,33,33,0.5
B/F,0.0,combined,33,33,0.5
B/G,0.0,combined,33,33,0.5
C/D,0.0,combined,33,33,0.5
C/E,0.0,combined,33,33,0.5
C/F,0.005483496783718233,combined,33,33,0.5
C/G,0.051527604073610865,combined,33,33,0.5
D/E,0.34408602150537637,combined,33,33,0.5
D/F,0.4892966360856269,combined,33,33,0.5
D/G,0.0,combined,33,33,0.5
E/F,0.16836013284666732,combined,33,33,0.5
E/G,0.0,combined,33,33,0.5
F/G,0.2510307236456402,combined,33,33,0.5
A/B,0.014184397163120567,combined,34,34,0.5
A/C,0.007825874296894107,combined,34,34,0.5
A/D,0.05775738191257591,combined,34,34,0.5
A/E,0.014184397163120567,combined,34,34,0.5
A/F,0.813737610341163,combined,34,34,0.5
A/G,0.009826186014037409,combined,34,34,0.5
B/C,0.0,combined,34,34,0.5
B/D,0.08496732026143791,combined,34,34,0.5
B/E,1.0,combined,34,34,0.5
B/F,0.0,combined,34,34,0.5
B/G,0.0,combined,34,34,0.5
C/D,0.0,combined,34,34,0.5
C/E,0.0,combined,34,34,0.5
C/F,0.014552356849098386,combined,34,34,0.5
C/G,0.09244237984634626,combined,34,34,0.5
D/E,0.08496732026143791,combined,34,34,0.5
D/F,0.011792688533109472,combined,34,34,0.5
D/G,9.482203935114633e-05,combined,34,34,0.5
E/F,0.0,combined,34,34,0.5
E/G,0.0,combined,34,34,0.5
F/G,0.05668108570613681,combined,34,34,0.5
A/B,0.0,combined,35,35,0.5
A/C,0.041085840058694055,combined,35,35,0.5
A/D,0.014045334445835072,combined,35,35,0.5
A/E,0.006520247083047358,combined,35,35,0.5
A/F,0.12232415902140673,combined,35,35,0.5
A/G,4.409657149156653e-05,combined,35,35,0.5
B/C,0.0,combined,35,35,0.5
B/D,0.0,combined,35,35,0.5
B/E,0.08602150537634409,combined,35,35,0.5
B/F,0.0,combined,35,35,0.5
B/G,0.0,combined,35,35,0.5
C/D,0.0,combined,35,35,0.5
C/E,0.0,combined,35,35,0.5
C/F,0.02710112833491511,combined,35,35,0.5
C/G,0.03541182776487404,combined,35,35,0.5
D/E,0.023086654016445288,combined,35,35,0.5
D/F,0.4946932901601007,combined,35,35,0.5
D/G,0.0,combined,35,35,0.5
E/F,0.0027128341718457138,combined,35,35,0.5
E/G,0.0,combined,35,35,0.5
F/G,0.35707245963461204,combined,35,35,0.5
A/B,0.014184397163120567,combined,36,36,0.5
A/C,0.031792614331132306,combined,36,36,0.5
A/D,0.0002781254345709915,combined,36,36,0.5
A/E,0.014108136963318843,combined,36,36,0.5
A/F,0.005921009824972347,combined,36,36,0.5
A/G,3.674714290963877e-05,combined,36,36,0.5
B/C,0.0,combined,36,36,0.5
B/D,0.0196078431372549,combined,36,36,0.5
B/E,0.9946236559139785,combined,36,36,0.5
B/F,0.0,combined,36,36,0.5
B/G,0.0,combined,36,36,0.5
C/D,0.0,combined,36,36,0.5
C/E,0.0,combined,36,36,0.5
C/F,0.06316566487398502,combined,36,36,0.5
C/G,0.10405574414865107,combined,36,36,0.5
D/E,0.02445709466582332,combined,36,36,0.5
D/F,0.04503208011033159,combined,36,36,0.5
D/G,6.09570252971655e-05,combined,36,36,0.5
E/F,0.00013153135378645884,combined,36,36,0.5
E/G,0.0,combined,36,36,0.5
F/G,0.5826813075375132,combined,36,36,0.5
A/B,0.0,combined,37,37,0.5
A/C,0.10271460014673514,combined,37,37,0.5
A/D,0.9929078014184397,combined,37,37,0.5
A/E,0.010676427972241288,combined,37,37,0.5
A/F,0.44943284100028197,combined,37,37,0.5
A/G,0.0010289200014698856,combined,37,37,0.5
B/C,0.0,combined,37,37,0.5
B/D,0.0,combined,37,37,0.5
B/E,0.989247311827957,combined,37,37,0.5
B/F,0.0,combined,37,37,0.5
B/G,0.0,combined,37,37,0.5
C/D,0.10344827586206896,combined,37,37,0.5
C/E,0.0011123470522803114,combined,37,37,0.5
C/F,0.15881050300537805,combined,37,37,0.5
C/G,0.20657495086653566,combined,37,37,0.5
D/E,0.010752688172043012,combined,37,37,0.5
D/F,0.4525993883792049,combined,37,37,0.5
D/G,0.0010362694300518134,combined,37,37,0.5
E/F,0.004866660090098977,combined,37,37,0.5
E/G,1.1142682043567887e-05,combined,37,37,0.5
F/G,0.5406315856189887,combined,37,37,0.5
A/B,0.0,combined,38,38,0.5
A/C,0.0,combined,38,38,0.5
A/D,0.013489083576693088,combined,38,38,0.5
A/E,0.01292610386639213,combined,38,38,0.5
A/F,0.5330427050122541,combined,38,38,0.5
A/G,0.0010068717157241025,combined,38,38,0.5
B/C,0.0,combined,38,38,0.5
B/D,0.0,combined,38,38,0.5
B/E,0.08602150537634409,combined,38,38,0.5
B/F,0.0,combined,38,38,0.5
B/G,0.0,combined,38,38,0.5
C/D,0.0,combined,38,38,0.5
C/E,0.0,combined,38,38,0.5
C/F,0.0,combined,38,38,0.5
C/G,0.0019296051456137216,combined,38,38,0.5
D/E,0.017148077869140486,combined,38,38,0.5
D/F,0.14760848274070076,combined,38,38,0.5
D/G,6.773002810796166e-06,combined,38,38,0.5
E/F,0.009124987668935583,combined,38,38,0.5
E/G,0.0,combined,38,38,0.5
F/G,0.295973760517184,combined,38,38,0.5
A/B,0.9170646982197134,combined,39,39,0.5
A/C,0.8070432868672047,combined,39,39,0.5
A/D,0.9300514532053956,combined,39,39,0.5
A/E,0.9361702127659575,combined,39,39,0.5
A/F,0.9251089856204047,combined,39,39,0.5
A/G,0.9332598390475141,combined,39,39,0.5
B/C,0.844475721323012,combined,39,39,0.5
B/D,0.9731892757102841,combined,39,39,0.5
B/E,0.9795918367346939,combined,39,39,0.5
B/F,0.9676090619734132,combined,39,39,0.5
B/G,0.9765464735116844,combined,39,39,0.5
C/D,0.8564345278341221,combined,39,39,0.5
C/E,0.8620689655172413,combined,39,39,0.5
C/F,0.8515237793947064,combined,39,39,0.5
C/G,0.8596033589422906,combined,39,39,0.5
D/E,0.9934640522875817,combined,39,39,0.5
D/F,0.9813115868161739,combined,39,39,0.5
D/G,0.9903755630058586,combined,39,39,0.5
E/F,0.9877675840978594,combined,39,39,0.5
E/G,0.9968911917098445,combined,39,39,0.5
F/G,0.9846968040436691,combined,39,39,0.5
A/B,0.0,combined,40,40,0.5
A/C,0.003668378576669112,combined,40,40,0.5
A/D,0.10568766513697678,combined,40,40,0.5
A/E,0.0070921985815602835,combined,40,40,0.5
A/F,0.10905068644674344,combined,40,40,0.5
A/G,0.003086760004409657,combined,40,40,0.5
B/C,0.0,combined,40,40,0.5
B/D,0.0,combined,40,40,0.5
B/E,0.08602150537634409,combined,40,40,0.5
B/F,0.0,combined,40,40,0.5
B/G,0.0,combined,40,40,0.5
C/D,0.03425738111336488,combined,40,40,0.5
C/E,0.0007415647015202076,combined,40,40,0.5
C/F,0.06052936834335126,combined,40,40,0.5
C/G,0.20221547257459352,combined,40,40,0.5
D/E,0.027162836460749174,combined,40,40,0.5
D/F,0.8142151865843177,combined,40,40,0.5
D/G,0.028825899962748484,combined,40,40,0.5
E/F,0.017756732761171946,combined,40,40,0.5
E/G,0.0006239901944398017,combined,40,40,0.5
F/G,0.17489502622363773,combined,40,40,0.5
A/B,0.0,combined,41,41,0.5
A/C,0.5820494008314991,combined,41,41,0.5
A/D,0.9734390209984704,combined,41,41,0.5
A/E,0.04804392587508579,combined,41,41,0.5
A/F,0.49497907042314615,combined,41,41,0.5
A/G,0.0,combined,41,41,0.5
B/C,0.0,combined,41,41,0.5
B/D,0.0196078431372549,combined,41,41,0.5
B/E,0.9516129032258065,combined,41,41,0.5
B/F,0.0,combined,41,41,0.5
B/G,0.0,combined,41,41,0.5
C/D,0.5747126436781609,combined,41,41,0.5
C/E,0.02836484983314794,combined,41,41,0.5
C/F,0.475482442265106,combined,41,41,0.5
C/G,0.378917277112739,combined,41,41,0.5
D/E,0.06609740670461733,combined,41,41,0.5
D/F,0.4886970078551298,combined,41,41,0.5
D/G,0.0,combined,41,41,0.5
E/F,0.024119562000591892,combined,41,41,0.5
E/G,0.0,combined,41,41,0.5
F/G,0.48267972302768136,combined,41,41,0.5
A/B,0.0,combined,42,42,0.5
A/C,0.0,combined,42,42,0.5
A/D,0.021832846613822836,combined,42,42,0.5
A/E,0.00983756577442233,combined,42,42,0.5
A/F,0.12310495152579869,combined,42,42,0.5
A/G,0.0026457942894939916,combined,42,42,0.5
B/C,0.0,combined,42,42,0.5
B/D,0.006535947712418301,combined,42,42,0.5
B/E,0.5645161290322581,combined,42,42,0.5
B/F,0.0,combined,42,42,0.5
B/G,0.0,combined,42,42,0.5
C/D,0.0,combined,42,42,0.5
C/E,0.0,combined,42,42,0.5
C/F,0.0032690076979858696,combined,42,42,0.5
C/G,0.058781490083973556,combined,42,42,0.5
D/E,0.4282099936748893,combined,42,42,0.5
D/F,0.017828946053446863,combined,42,42,0.5
D/G,0.00013546005621592334,combined,42,42,0.5
E/F,0.009996382887770872,combined,42,42,0.5
E/G,0.00011142682043567887,combined,42,42,0.5
F/G,0.10126602335567492,combined,42,42,0.5
A/B,0.0,combined,43,43,0.5
A/C,0.0,combined,43,43,0.5
A/D,0.013442729337597924,combined,43,43,0.5
A/E,0.005414474185922367,combined,43,43,0.5
A/F,0.022035699568395253,combined,43,43,0.5
A/G,0.00011024142872891633,combined,43,43,0.5
B/C,0.0,combined,43,43,0.5
B/D,0.0,combined,43,43,0.5
B/E,0.08602150537634409,combined,43,43,0.5
B/F,0.0,combined,43,43,0.5
B/G,0.0,combined,43,43,0.5
C/D,0.0,combined,43,43,0.5
C/E,0.0,combined,43,43,0.5
C/F,0.020984920383844776,combined,43,43,0.5
C/G,0.03680543148115062,combined,43,43,0.5
D/E,0.022313584932180757,combined,43,43,0.5
D/F,0.5277927684835402,combined,43,43,0.5
D/G,0.015239256324291375,combined,43,43,0.5
E/F,0.005886028081944034,combined,43,43,0.5
E/G,0.00016714023065351831,combined,43,43,0.5
F/G,0.4370838681054016,combined,43,43,0.5
A/B,0.0,combined,44,44,0.5
A/C,0.0,combined,44,44,0.5
A/D,0.013535437815788254,combined,44,44,0.5
A/E,7.626019980172348e-05,combined,44,44,0.5
A/F,0.036285162773548485,combined,44,44,0.5
A/G,0.0,combined,44,44,0.5
B/C,0.0,combined,44,44,0.5
B/D,0.0,combined,44,44,0.5
B/E,0.08602150537634409,combined,44,44,0.5
B/F,0.0,combined,44,44,0.5
B/G,0.0,combined,44,44,0.5
C/D,0.0,combined,44,44,0.5
C/E,0.0,combined,44,44,0.5
C/F,0.14425814615627966,combined,44,44,0.5
C/G,0.1748079328211542,combined,44,44,0.5
D/E,0.010682409164382598,combined,44,44,0.5
D/F,0.40428934060882254,combined,44,44,0.5
D/G,0.0,combined,44,44,0.5
E/F,0.037519318667587384,combined,44,44,0.5
E/G,0.0,combined,44,44,0.5
F/G,0.26769976707705473,combined,44,44,0.5
A/B,0.0,combined,45,45,0.5
A/C,0.011005135730007337,combined,45,45,0.5
A/D,0.017892736290733787,combined,45,45,0.5
A/E,0.0021352855944482573,combined,45,45,0.5
A/F,0.19435226755156484,combined,45,45,0.5
A/G,0.004593392863704847,combined,45,45,0.5
B/C,0.0,combined,45,45,0.5
B/D,0.0,combined,45,45,0.5
B/E,0.21867456660083387,combined,45,45,0.5
B/F,0.0,combined,45,45,0.5
B/G,0.0,combined,45,45,0.5
C/D,0.0,combined,45,45,0.5
C/E,0.0,combined,45,45,0.5
C/F,0.01507961615522514,combined,45,45,0.5
C/G,0.0701804538145435,combined,45,45,0.5
D/E,0.037212734556188065,combined,45,45,0.5
D/F,0.15840179088964843,combined,45,45,0.5
D/G,0.0,combined,45,45,0.5
E/F,0.00771102561573115,combined,45,45,0.5
E/G,0.0,combined,45,45,0.5
F/G,0.30961005213037346,combined,45,45,0.5
A/B,0.0,combined,46,46,0.5
A/C,0.26803619466862316,combined,46,46,0.5
A/D,0.014184397163120567,combined,46,46,0.5
A/E,0.011095859071150767,combined,46,46,0.5
A/F,0.025896284728999935,combined,46,46,0.5
A/G,0.005254841436078345,combined,46,46,0.5
B/C,0.0,combined,46,46,0.5
B/D,0.0,combined,46,46,0.5
B/E,0.5806451612903226,combined,46,46,0.5
B/F,0.0,combined,46,46,0.5
B/G,0.0,combined,46,46,0.5
C/D,0.0,combined,46,46,0.5
C/E,0.0014831294030404152,combined,46,46,0.5
C/F,0.00337445955921122,combined,46,46,0.5
C/G,0.02440593174915133,combined,46,46,0.5
D/E,0.41127275282873005,combined,46,46,0.5
D/F,0.039655413643541006,combined,46,46,0.5
D/G,0.0019573978123200923,combined,46,46,0.5
E/F,0.01399164775903456,combined,46,46,0.5
E/G,5.571341021783943e-06,combined,46,46,0.5
F/G,0.28575684112119915,combined,46,46,0.5
A/B,0.0,combined,47,47,0.5
A/C,0.9244314013206163,combined,47,47,0.5
A/D,0.9799286144717935,combined,47,47,0.5
A/E,0.01601464195836193,combined,47,47,0.5
A/F,0.9625436484698636,combined,47,47,0.5
A/G,0.026759269466798956,combined,47,47,0.5
B/C,0.0,combined,47,47,0.5
B/D,0.013071895424836602,combined,47,47,0.5
B/E,0.9838709677419355,combined,47,47,0.5
B/F,0.0,combined,47,47,0.5
B/G,0.0,combined,47,47,0.5
C/D,0.9188640973630832,combined,47,47,0.5
C/E,0.015016685205784204,combined,47,47,0.5
C/F,0.9042497100073816,combined,47,47,0.5
C/G,0.09212077898874398,combined,47,47,0.5
D/E,0.028779253636938645,combined,47,47,0.5
D/F,0.9567468169734764,combined,47,47,0.5
D/G,0.02659080903518575,combined,47,47,0.5
E/F,0.015635789681365295,combined,47,47,0.5
E/G,0.00043456459969914757,combined,47,47,0.5
F/G,0.0498993836256754,combined,47,47,0.5
A/B,0.008250108554059922,combined,48,48,0.5
A/C,0.003668378576669112,combined,48,48,0.5
A/D,0.07634543178973717,combined,48,48,0.5
A/E,0.014184397163120567,combined,48,48,0.5
A/F,0.15897802936647365,combined,48,48,0.5
A/G,0.0016242237166060338,combined,48,48,0.5
B/C,0.0,combined,48,48,0.5
B/D,0.01520608243297319,combined,48,48,0.5
B/E,0.5816326530612245,combined,48,48,0.5
B/F,0.005336079385882793,combined,48,48,0.5
B/G,0.0,combined,48,48,0.5
C/D,0.0,combined,48,48,0.5
C/E,0.0,combined,48,48,0.5
C/F,0.08003796267004112,combined,48,48,0.5
C/G,0.20475254600678935,combined,48,48,0.5
D/E,0.026143790849673203,combined,48,48,0.5
D/F,0.4499410365573345,combined,48,48,0.5
D/G,0.00807341935046903,combined,48,48,0.5
E/F,0.009174311926605505,combined,48,48,0.5
E/G,0.0,combined,48,48,0.5
F/G,0.3849091283611415,combined,48,48,0.5
A/B,0.0,combined,49,49,0.5
A/C,0.0,combined,49,49,0.5
A/D,0.02127659574468085,combined,49,49,0.5
A/E,0.00022878059940517045,combined,49,49,0.5
A/F,0.16891144511679354,combined,49,49,0.5
A/G,0.0023150700033072427,combined,49,49,0.5
B/C,0.0,combined,49,49,0.5
B/D,0.0,combined,49,49,0.5
B/E,0.0913978494623656,combined,49,49,0.5
B/F,0.0,combined,49,49,0.5
B/G,0.0,combined,49,49,0.5
C/D,0.0,combined,49,49,0.5
C/E,0.0,combined,49,49,0.5
C/F,0.007908889591901298,combined,49,49,0.5
C/G,0.10166160443094514,combined,49,49,0.5
D/E,0.010752688172043012,combined,49,49,0.5
D/F,0.764525993883792,combined,49,49,0.5
D/G,0.013471502590673576,combined,49,49,0.5
E/F,0.008220709611653679,combined,49,49,0.5
E/G,0.00014485486656638254,combined,49,49,0.5
F/G,0.08512303718844576,combined,49,49,0.5
