mode,scope,group,metric,n,mean,median,SD,min,max,q05,q10,q25,q75,q90,q95
combined,run,all,ARI_all_supra,50,0.4983548697840434,0.504580439243847,0.07113068827801802,0.27620602128236005,0.6516446948106119,0.39016338078485147,0.4192537873005575,0.4725876151056726,0.5278977729422258,0.5792403364766435,0.6065145770451477
combined,run,all,NMI_all_supra,50,0.6190770924000354,0.6272836144062095,0.04787684369935761,0.4914327452291461,0.6906535551246543,0.5044324075376877,0.5634248781448229,0.598596955868454,0.6496884555644895,0.6664789839466433,0.6732933340262225
combined,run,all,ARI_Dec2024,50,0.6757362312689855,0.7282854135059733,0.17847992892981976,0.01624400083104674,0.890180122100349,0.4432267887029073,0.4628165748583243,0.6289720871109423,0.7861857333083933,0.835892776419766,0.8471820810769681
combined,run,all,NMI_Dec2024,50,0.7022920362917866,0.7307903344259337,0.14631518986837325,0.04921473649592971,0.8484470995528867,0.5936501573951887,0.6395845788243252,0.6793210070988821,0.7776022900895796,0.7929924006674953,0.8122575775911332
combined,run,all,K_supra,50,12.54,12.5,1.5414014296564469,9.0,15.0,10.0,10.0,12.0,14.0,15.0,15.0
combined,run,all,K_Dec2024,50,9.3,9.0,1.0546302185881002,7.0,12.0,8.0,8.0,9.0,10.0,11.0,11.0
combined,run,all,largest_community_n_Dec,50,1004.32,995.5,243.01183644641927,607.0,1877.0,648.5,675.8,882.75,1122.25,1162.7,1208.8999999999999
combined,run,all,largest_community_share_Dec,50,0.5274789915966387,0.5228466386554622,0.12763226704118658,0.31880252100840334,0.9858193277310925,0.34059873949579833,0.354936974789916,0.4636292016806723,0.5894170168067228,0.6106617647058823,0.6349264705882353
combined,run,all,mean_switches,50,1.9123004201680676,1.7205882352941178,0.5925067220840599,1.2347689075630253,3.7300420168067228,1.2674894957983194,1.3638655462184874,1.5069590336134453,2.2624737394957983,2.5727941176470592,3.1432773109243684
combined,run,all,median_switches,50,1.82,2.0,0.6288960200872896,1.0,4.0,1.0,1.0,1.0,2.0,2.0,3.0
combined,run,all,share_le2_switches,50,0.7463970588235295,0.8156512605042017,0.21498192133047586,0.011029411764705883,0.9180672268907563,0.15341386554621853,0.5327205882352941,0.758797268907563,0.8554359243697478,0.8815126050420168,0.8923844537815127
graph_only,run,all,ARI_all_supra,20,0.4904116259660062,0.49726483715887665,0.07515465643612819,0.33470957121209305,0.6107568616465989,0.3632897212282675,0.3887895682290062,0.444505870596155,0.5438914894625272,0.5706821627703516,0.58818051655653
graph_only,run,all,NMI_all_supra,20,0.6198782578142367,0.6249861618979404,0.05390247739423592,0.4995341002722876,0.6959923021439279,0.5285332726696291,0.5525503376727747,0.5937846947671173,0.6647153143209255,0.6793880320765392,0.6826872530352462
graph_only,run,all,ARI_Dec2024,20,0.7331648580085541,0.724098046077402,0.09335953895146296,0.5047453821313043,0.8885720355622119,0.5444311966879573,0.6583767368447073,0.702881705576258,0.7960101558959733,0.8431001511975027,0.8487601655722549
graph_only,run,all,NMI_Dec2024,20,0.737443133627705,0.7541299441213984,0.07472808824466684,0.560006292627429,0.850795657299279,0.6228800949350275,0.6359501494986777,0.6903609255286868,0.7896874531026962,0.8037908122977535,0.8369622814291714
graph_only,run,all,K_supra,20,12.6,13.0,1.6670175069329813,10.0,17.0,10.0,10.9,11.75,13.0,14.100000000000001,15.100000000000001
graph_only,run,all,K_Dec2024,20,9.15,9.0,0.9880869341680844,7.0,11.0,7.95,8.0,8.75,10.0,10.0,10.05
graph_only,run,all,largest_community_n_Dec,20,963.7,956.5,148.59414878329355,662.0,1301.0,780.75,794.2,874.25,1073.25,1128.9,1145.2
graph_only,run,all,largest_community_share_Dec,20,0.5061449579831934,0.5023634453781513,0.07804314536937688,0.3476890756302521,0.6832983193277311,0.4100577731092437,0.4171218487394958,0.45916491596638653,0.5636817226890756,0.5929096638655462,0.6014705882352942
graph_only,run,all,mean_switches,20,2.1047006302521014,1.7851890756302522,0.6868064043869064,1.3797268907563025,4.053571428571429,1.448581932773109,1.5708508403361343,1.6299894957983194,2.397715336134454,2.8878151260504206,3.2936712184873955
graph_only,run,all,median_switches,20,2.1,2.0,0.7181848464596079,1.0,4.0,1.0,1.0,2.0,2.0,3.0,3.0500000000000007
graph_only,run,all,share_le2_switches,20,0.6727941176470589,0.79359243697479,0.2561511215310427,0.037289915966386554,0.8839285714285714,0.08419117647058824,0.3589285714285715,0.614889705882353,0.8466386554621849,0.8599264705882352,0.8759453781512605
optimizer_only,run,all,ARI_all_supra,20,0.5469832950209063,0.5239792753585866,0.12112737898445987,0.4114598800190458,1.0,0.44130786543715145,0.4455819956138412,0.4971251310975212,0.5555564508605141,0.6069595084160018,0.677337011127334
optimizer_only,run,all,NMI_all_supra,20,0.6639472879196959,0.6491086138602282,0.08464753350985256,0.5821865580793821,1.0,0.5877404561742305,0.6121839047228985,0.6300170466508745,0.6767254200883972,0.685397864532944,0.7118228165493554
optimizer_only,run,all,ARI_Dec2024,20,0.756266754211836,0.7477864973090084,0.13111237066704828,0.43492366938428334,1.0,0.4696669175230818,0.6662471819045629,0.7109693508906044,0.838850326544782,0.8781932365388287,0.8847544137693494
optimizer_only,run,all,NMI_Dec2024,20,0.7703278245759104,0.7596923232583674,0.07576922761560677,0.649196937904868,1.0,0.6924876180402598,0.7002301719219518,0.7232820525327819,0.8005843028426384,0.8446356935151516,0.858882308720158
optimizer_only,run,all,K_supra,20,11.4,11.5,0.6805570473787206,10.0,12.0,10.0,10.9,11.0,12.0,12.0,12.0
optimizer_only,run,all,K_Dec2024,20,9.1,9.0,1.0711528467275955,7.0,11.0,7.0,7.9,8.75,10.0,10.0,10.05
optimizer_only,run,all,largest_community_n_Dec,20,939.3,956.0,134.9433019339682,636.0,1147.0,715.8,769.5,859.5,1025.5,1103.6,1119.45
optimizer_only,run,all,largest_community_share_Dec,20,0.49332983193277313,0.5021008403361344,0.07087358294851272,0.33403361344537813,0.6024159663865546,0.3759453781512605,0.40414915966386555,0.45141806722689076,0.5386029411764706,0.5796218487394958,0.5879464285714286
optimizer_only,run,all,mean_switches,20,1.5796481092436974,1.6192226890756303,0.15982947861648214,1.2584033613445378,1.8146008403361344,1.3347426470588235,1.3515231092436975,1.5043329831932772,1.7081144957983192,1.7165441176470588,1.7317752100840338
optimizer_only,run,all,median_switches,20,1.75,2.0,0.4442616583193193,1.0,2.0,1.0,1.0,1.75,2.0,2.0,2.0
optimizer_only,run,all,share_le2_switches,20,0.8426207983193278,0.8513655462184874,0.03951835995554071,0.7678571428571429,0.9012605042016807,0.7808298319327731,0.7881302521008403,0.8064600840336135,0.8698792016806722,0.8898109243697478,0.8912815126050421
combined,profiles,A,retention,50,0.9412765957446808,0.9574468085106383,0.05679256274347312,0.6524822695035462,0.9929078014184397,0.8723404255319149,0.8794326241134752,0.9219858156028369,0.9787234042553191,0.9929078014184397,0.9929078014184397
combined,profiles,A,precision,50,0.7268135437384217,0.8852853243208112,0.29621548169150463,0.07032498668087374,0.9858156028368794,0.2262966049838584,0.27430351710519296,0.48998352515845595,0.9593125734430081,0.97730625,0.9852450980392157
combined,profiles,A,Jaccard,50,0.6882053842730724,0.8347820813455162,0.27701203674251346,0.06998939554612937,0.972027972027972,0.22592933382407068,0.2704029649252401,0.44176736908685377,0.8867167600611309,0.9320624580898553,0.9462670678083777
combined,profiles,A,within_pair_coassignment,50,0.8926849037487335,0.917274569402229,0.08837055671045842,0.5124620060790274,0.9858156028368794,0.7682826747720365,0.7810131712259372,0.8523302938196555,0.9578520770010132,0.9858156028368794,0.9858156028368794
combined,profiles,B,retention,50,0.9720408163265306,1.0,0.09710708989829739,0.5510204081632653,1.0,0.7535714285714286,0.9887755102040816,1.0,1.0,1.0,1.0
combined,profiles,B,precision,50,0.6145776954211677,0.6227305737109659,0.2824970152009738,0.05114544485881726,1.0,0.24680476190476192,0.33691385076692426,0.34446717500464946,0.8596491228070176,1.0,1.0
combined,profiles,B,Jaccard,50,0.601487178885548,0.5779793398841018,0.2766563182979579,0.05109100585417775,1.0,0.21628230131643103,0.33691385076692426,0.34446717500464946,0.8596491228070176,0.9898062255205112,1.0
combined,profiles,B,within_pair_coassignment,50,0.963757626762045,1.0,0.11926705763102496,0.5001051967178624,1.0,0.6335682726698927,0.9775930990953082,1.0,1.0,1.0,1.0
combined,profiles,C,retention,50,0.7186206896551723,0.6551724137931034,0.14163910837420254,0.5862068965517241,1.0,0.5862068965517241,0.5862068965517241,0.6206896551724138,0.8879310344827587,0.9310344827586207,0.95
combined,profiles,C,precision,50,0.8393131386968362,1.0,0.2952948808176715,0.01072961373390558,1.0,0.028470772442588728,0.4628897944720058,0.7940340909090908,1.0,1.0,1.0
combined,profiles,C,Jaccard,50,0.5899290715372217,0.6206896551724138,0.2058905483851674,0.010678056593699947,0.9,0.028059439661811774,0.4373873873873875,0.5862068965517241,0.6811140408701385,0.7267857142857143,0.8289215686274509
combined,profiles,C,within_pair_coassignment,50,0.5821674876847291,0.49014778325123154,0.18659574937326798,0.4064039408866995,1.0,0.4088669950738916,0.41576354679802957,0.4482758620689655,0.7869458128078818,0.8669950738916257,0.9022167487684727
combined,profiles,D,retention,50,0.9758169934640523,0.9869281045751634,0.034236623935199086,0.8235294117647058,1.0,0.9049019607843137,0.9215686274509803,0.9754901960784313,0.9934640522875817,1.0,1.0
combined,profiles,D,precision,50,0.5116609246776777,0.45812079213246437,0.24388422401222878,0.08098028769312733,0.9931972789115646,0.24565323465490685,0.29767675258659987,0.3285882607545627,0.6514505451713396,0.941,0.9603020058598152
combined,profiles,D,Jaccard,50,0.4993048541706833,0.44805559893799785,0.2288642636074262,0.08093716719914804,0.948051948051948,0.24527763314978726,0.29602918820310126,0.32644294664894624,0.6251275380063259,0.8632870370370371,0.93999032492139
combined,profiles,D,within_pair_coassignment,50,0.9544805641554867,0.9740282077743379,0.06032595067306644,0.7074303405572755,1.0,0.8242733058135535,0.8542569659442725,0.9518403852769178,0.9869281045751634,1.0,1.0
combined,profiles,E,retention,50,0.8726881720430107,0.9086021505376344,0.14475817530710086,0.5645161290322581,1.0,0.6147849462365591,0.6236559139784946,0.7473118279569892,0.9946236559139785,1.0,1.0
combined,profiles,E,precision,50,0.7628877042254889,0.7512790240062968,0.22643574927512153,0.09909429941395845,1.0,0.50874943000456,0.5344177057930336,0.6347824179680646,0.9759116377330761,0.984810266622414,0.9914007466892083
combined,profiles,E,Jaccard,50,0.6834200830393755,0.6645545314900154,0.21636858041189072,0.09909429941395845,0.9738219895287958,0.3737583395107487,0.4073943661971831,0.6180619486557981,0.8782826912642431,0.9020234864160375,0.9594357026587086
combined,profiles,E,within_pair_coassignment,50,0.8153513513513514,0.8320836965998256,0.18427836926650584,0.5010171461784365,1.0,0.5175443185120604,0.5280441732054635,0.6063353676256902,0.989247311827957,1.0,1.0
combined,profiles,F,retention,50,0.7028134556574925,0.6437308868501529,0.19700039213401413,0.3547400611620795,0.9877675840978594,0.4859327217125382,0.4923547400611621,0.5160550458715596,0.9174311926605504,0.9547400611620795,0.9711009174311926
combined,profiles,F,precision,50,0.4767619695373152,0.5050724637681159,0.23066185082678348,0.12121212121212122,0.9587301587301588,0.15420559534733874,0.16486403830694488,0.2644278618427115,0.6114456300813008,0.8247199785050967,0.8809295199182838
combined,profiles,F,Jaccard,50,0.4009165523969318,0.366831119544592,0.2111971575172315,0.09931506849315068,0.888235294117647,0.13627560418146226,0.14756200725904398,0.21573602100710534,0.5475370771884374,0.707416682269238,0.772816679779701
combined,profiles,F,within_pair_coassignment,50,0.6272861672388886,0.5138271326991989,0.2035968956448561,0.28430986285435544,0.975685259188383,0.3862863736140035,0.40631132624153393,0.47802105026172115,0.8455892009530779,0.9124781899026285,0.9434869889870734
combined,profiles,G,retention,50,0.9063419689119172,0.9751295336787564,0.1456993419792234,0.5098445595854922,0.9989637305699481,0.5389119170984455,0.6229015544041451,0.8772020725388601,0.9968911917098445,0.9989637305699481,0.9989637305699481
combined,profiles,G,precision,50,0.8930402061871401,0.8987430342776255,0.10899811892163386,0.512519978689398,1.0,0.7416478370947105,0.7828001678469387,0.8463353527074149,0.9840783723762447,0.9942945432071836,0.9963782344481682
combined,profiles,G,Jaccard,50,0.8127641568695849,0.8515453670793476,0.14524645333136563,0.4314410480349345,0.964984552008239,0.4853454627471619,0.5310354885755956,0.8109359646365533,0.9019868796946603,0.9467480992827425,0.9577741436827119
combined,profiles,G,within_pair_coassignment,50,0.8684965063530626,0.9511437662588953,0.17219514064932667,0.45490723023670804,0.9979274611398964,0.4987031582568314,0.4999335669597747,0.7820921032829532,0.9937904456818524,0.9979274611398964,0.9979274611398964
graph_only,profiles,A,retention,20,0.9060283687943261,0.9432624113475178,0.10738300659380652,0.5886524822695035,0.9929078014184397,0.649290780141844,0.8056737588652483,0.9042553191489362,0.9734042553191489,0.9794326241134752,0.9861702127659574
graph_only,profiles,A,precision,20,0.7831541077041211,0.8923597025016903,0.2600055745747421,0.2028985507246377,0.9925925925925926,0.21466910850347057,0.2291020108962706,0.7379844224924013,0.970258999122037,0.9833273229955524,0.986154452324665
graph_only,profiles,A,Jaccard,20,0.7151332765003126,0.8106576967336461,0.2483025245343866,0.20260492040520983,0.972027972027972,0.21370167459168904,0.22653061224489796,0.664732227338674,0.9,0.9168827534744893,0.9450802718408352
graph_only,profiles,A,within_pair_coassignment,20,0.8461144883485311,0.8910334346504559,0.13847458594657824,0.506484295845998,0.9858156028368794,0.5121631205673759,0.668936170212766,0.8222897669706181,0.9475937183383992,0.9592502532928064,0.972532928064843
graph_only,profiles,B,retention,20,0.9994897959183675,1.0,0.002281702017856931,0.9897959183673469,1.0,0.9994897959183674,1.0,1.0,1.0,1.0,1.0
graph_only,profiles,B,precision,20,0.6411959064107636,0.6482202447163515,0.2875629562571397,0.1686746987951807,1.0,0.3219017484077725,0.3381869444153181,0.3951960267229255,0.8596491228070176,0.990909090909091,1.0
graph_only,profiles,B,Jaccard,20,0.6406857023291309,0.6482202447163515,0.2869011389432003,0.1686746987951807,1.0,0.3219017484077725,0.3381869444153181,0.3951960267229255,0.8596491228070176,0.98989898989899,0.9904040404040405
graph_only,profiles,B,within_pair_coassignment,20,0.9989795918367348,1.0,0.004563404035713862,0.9795918367346939,1.0,0.9989795918367347,1.0,1.0,1.0,1.0,1.0
graph_only,profiles,C,retention,20,0.7293103448275862,0.6206896551724138,0.16145770351521493,0.5862068965517241,1.0,0.5862068965517241,0.5862068965517241,0.6206896551724138,0.896551724137931,0.9689655172413794,1.0
graph_only,profiles,C,precision,20,0.7959565868203344,0.975,0.32762779648888524,0.018447348193697154,1.0,0.03671946885896022,0.16448240165631473,0.7567567567567568,1.0,1.0,1.0
graph_only,profiles,C,Jaccard,20,0.5610326379218966,0.6206896551724138,0.2215214688418877,0.018376722817764167,0.8055555555555556,0.03656097178302385,0.15251213433031616,0.5862068965517241,0.6335365853658537,0.7415362731152205,0.7848723723723724
graph_only,profiles,C,within_pair_coassignment,20,0.6056650246305418,0.4876847290640394,0.21974340756798874,0.3866995073891626,1.0,0.4077586206896552,0.4110837438423645,0.4482758620689655,0.8041871921182266,0.9379310344827587,1.0
graph_only,profiles,D,retention,20,0.9816993464052288,0.9901960784313726,0.027370596675247282,0.8888888888888888,1.0,0.9447712418300653,0.9477124183006536,0.9787581699346405,1.0,1.0,1.0
graph_only,profiles,D,precision,20,0.44794766668853087,0.3709532374100719,0.24087696274562745,0.2217391304347826,0.9802631578947368,0.23487790815980464,0.2590130524325965,0.29214801639415233,0.47205203381906025,0.8825883575883577,0.9797564011379801
graph_only,profiles,D,Jaccard,20,0.4387055389828192,0.3704856563626904,0.22482426575507355,0.2217391304347826,0.9551282051282052,0.2341818243288931,0.2585352166872425,0.29214801639415233,0.47205203381906025,0.8004631688157702,0.9307692307692308
graph_only,profiles,D,within_pair_coassignment,20,0.9648821809425525,0.9804781561747506,0.051063937667866474,0.7951496388028896,1.0,0.8936790505675954,0.9001031991744066,0.9580968352253182,1.0,1.0,1.0
graph_only,profiles,E,retention,20,0.8884408602150538,0.9112903225806451,0.1357082048743526,0.6397849462365591,1.0,0.6448924731182796,0.65,0.8561827956989247,1.0,1.0,1.0
graph_only,profiles,E,precision,20,0.7625782892510011,0.7657738095238096,0.2117275620183067,0.32013769363166955,0.9940119760479041,0.5369746266170673,0.5502515537141166,0.5809845288326301,0.9711397913759883,0.9778778497044751,0.9895401709949085
graph_only,profiles,E,Jaccard,20,0.7048467261607441,0.7416358784893268,0.22051847556233303,0.32013769363166955,0.9840425531914894,0.41407026496327365,0.4221830985915493,0.47887323943661975,0.8850411368735975,0.9380646688942094,0.9693591957224017
graph_only,profiles,E,within_pair_coassignment,20,0.8352978785236849,0.8369950595757047,0.18058383637915787,0.5358907294391165,1.0,0.5365533275210694,0.5422377215925603,0.7580354548096483,1.0,1.0,1.0
graph_only,profiles,F,retention,20,0.7983180428134558,0.918960244648318,0.20085083418562397,0.47706422018348627,0.9847094801223242,0.4857798165137615,0.49999999999999994,0.5558103975535168,0.9525993883792049,0.970948012232416,0.9847094801223242
graph_only,profiles,F,precision,20,0.5003757919249637,0.5385468379020073,0.16363199052852223,0.14095744680851063,0.7389162561576355,0.14407513707217576,0.2309496720268625,0.4425679493699497,0.6133520200365151,0.6365245642425665,0.6537516583193641
graph_only,profiles,F,Jaccard,20,0.45043919944190336,0.47989288307915756,0.16876584956911572,0.12268518518518519,0.6928406466512702,0.1259804131054131,0.22683591693477625,0.3413558930170427,0.5816441441441441,0.6283451704545455,0.6321029698325635
graph_only,profiles,F,within_pair_coassignment,20,0.7347319937712238,0.8483049098515976,0.21413135052847684,0.4013245530102625,0.9697191422299769,0.42089454231627926,0.43426764976266863,0.4813746458790642,0.9079848408097408,0.942922271627174,0.9697191422299769
graph_only,profiles,G,retention,20,0.9322279792746114,0.9642487046632124,0.0846331297092864,0.6829015544041451,0.9968911917098445,0.8069430051813472,0.8209326424870467,0.9018134715025907,0.9950777202072538,0.9968911917098445,0.9968911917098445
graph_only,profiles,G,precision,20,0.9429807716642016,0.9756374679953062,0.07220234490881665,0.7394312067640276,0.9987577639751553,0.8407534424841997,0.8521618106626246,0.8880211947535703,0.9954384980578335,0.997518457752256,0.9978726708074535
graph_only,profiles,G,Jaccard,20,0.8764497380973697,0.8872923725213344,0.07495256003095123,0.6807851239669421,0.9804928131416838,0.7348828144805557,0.8043831405713705,0.8409692710035959,0.9334912994850313,0.9499174242541173,0.9564873272242483
graph_only,profiles,G,within_pair_coassignment,20,0.8859947756541182,0.9311042074258808,0.12738229260681935,0.5658009588717133,0.9937909831659966,0.6838662309461871,0.6949098101606003,0.8215369896588051,0.9901860770107281,0.9937909831659966,0.9937909831659966
optimizer_only,profiles,A,retention,20,0.9163120567375886,0.9432624113475178,0.08032480346151206,0.6524822695035462,1.0,0.800709219858156,0.8531914893617022,0.8865248226950354,0.9716312056737588,0.9794326241134752,0.9865248226950355
optimizer_only,profiles,A,precision,20,0.8987249782111876,0.9474095142490659,0.10592907083359901,0.67,1.0,0.7163125,0.7339439655172414,0.8556170886075949,0.9709087860496312,0.9932835820895523,1.0
optimizer_only,profiles,A,Jaccard,20,0.8321848419431486,0.8721145593350499,0.1193625944116217,0.519774011299435,1.0,0.6409645459755998,0.6807770802655713,0.7676973632116557,0.9080234833659491,0.939485524256651,0.967013888888889
optimizer_only,profiles,A,within_pair_coassignment,20,0.8552634245187438,0.8908308004052685,0.11449024779828343,0.5432624113475177,1.0,0.6663677811550152,0.7389564336372847,0.795694022289767,0.9440982776089158,0.9592502532928064,0.973242147922999
optimizer_only,profiles,B,retention,20,0.9790816326530611,1.0,0.0911764664287113,0.5918367346938775,1.0,0.9698979591836735,0.9989795918367347,1.0,1.0,1.0,1.0
optimizer_only,profiles,B,precision,20,0.7908829804185175,0.8521739130434782,0.22978597081006166,0.3391003460207612,1.0,0.34134526120347713,0.35487361419068736,0.7959420289855073,0.9847628830679679,1.0,1.0
optimizer_only,profiles,B,Jaccard,20,0.7706597991226734,0.8521739130434782,0.22935208753735026,0.3391003460207612,1.0,0.34134526120347713,0.35487361419068736,0.6364646464646464,0.8922115895800107,1.0,1.0
optimizer_only,profiles,B,within_pair_coassignment,20,0.9745739532926573,1.0,0.1090004570734615,0.5118872291184515,1.0,0.9562066063538818,0.9979591836734694,1.0,1.0,1.0,1.0
optimizer_only,profiles,C,retention,20,0.7517241379310344,0.6379310344827587,0.1576630128902913,0.5862068965517241,1.0,0.6189655172413794,0.6206896551724138,0.6206896551724138,0.9051724137931034,0.9655172413793104,0.9672413793103449
optimizer_only,profiles,C,precision,20,0.9284466260816412,1.0,0.102552536614742,0.7,1.0,0.7614705882352941,0.7855614973262032,0.8328125,1.0,1.0,1.0
optimizer_only,profiles,C,Jaccard,20,0.695259952757284,0.6206896551724138,0.12256114494657802,0.5526315789473685,1.0,0.5845281306715063,0.6172413793103448,0.6206896551724138,0.7569444444444444,0.8733333333333334,0.9366666666666668
optimizer_only,profiles,C,within_pair_coassignment,20,0.6245073891625617,0.49014778325123154,0.2182717415802317,0.3817733990147783,1.0,0.421551724137931,0.4236453201970443,0.4482758620689655,0.8226600985221675,0.9310344827586207,0.9344827586206896
optimizer_only,profiles,D,retention,20,0.9836601307189543,0.9869281045751634,0.023374100418794886,0.8954248366013072,1.0,0.9637254901960784,0.973202614379085,0.9803921568627451,1.0,1.0,1.0
optimizer_only,profiles,D,precision,20,0.5067043877738279,0.44977162791534053,0.23604536281588945,0.2459016393442623,1.0,0.2917068466730955,0.30049610205528,0.343282014888625,0.5282499376610423,0.9467606209150327,0.9751633986928104
optimizer_only,profiles,D,Jaccard,20,0.50033222012882,0.4457706302105412,0.2294776487028102,0.24469820554649266,1.0,0.2900126880551024,0.2987008439261827,0.343282014888625,0.5275157232704403,0.9337933474876151,0.9515923566878981
optimizer_only,profiles,D,within_pair_coassignment,20,0.9686618507051943,0.9740282077743379,0.04256947564794479,0.8114895080839353,1.0,0.9301169590643275,0.9472738218094255,0.9613003095975232,1.0,1.0,1.0
optimizer_only,profiles,E,retention,20,0.8787634408602149,0.9059139784946236,0.1547679029922084,0.5376344086021505,1.0,0.5478494623655914,0.5870967741935484,0.8870967741935484,0.9946236559139785,1.0,1.0
optimizer_only,profiles,E,precision,20,0.8316724151273964,0.9593814432989691,0.22234149484882945,0.21518987341772153,1.0,0.5018364167478092,0.5276538461538461,0.6469718086791257,0.9803675856307436,0.9902702702702703,1.0
optimizer_only,profiles,E,Jaccard,20,0.7525277151636971,0.8405314757481941,0.22219918326725,0.1827956989247312,1.0,0.3770975314251098,0.47954872089680944,0.6385088210926458,0.9099034876069313,0.9734322508398656,0.9750000000000001
optimizer_only,profiles,E,within_pair_coassignment,20,0.8206422551583842,0.8286253995931415,0.19656873933099012,0.4052891601278698,1.0,0.43063353676256905,0.5058820110433013,0.7941296134844522,0.989247311827957,1.0,1.0
optimizer_only,profiles,F,retention,20,0.7732415902140672,0.7844036697247707,0.19863996332990433,0.45871559633027525,1.0,0.4819571865443425,0.5107033639143731,0.562691131498471,0.9617737003058104,0.9767584097859328,0.9883792048929664
optimizer_only,profiles,F,precision,20,0.6029987139157686,0.5972052013404622,0.20860903051340837,0.15082824760244115,1.0,0.25427752349123317,0.43420007032348806,0.4965055479818461,0.757553687001727,0.8372036729549686,0.9596525096525097
optimizer_only,profiles,F,Jaccard,20,0.530892698428192,0.512964466720802,0.22408083963148404,0.13297463489623368,1.0,0.21321849918667213,0.2944714587737844,0.34839190576274504,0.7359280418962116,0.7691261838354737,0.8148101265822786
optimizer_only,profiles,F,within_pair_coassignment,20,0.7021322301645373,0.643027335322039,0.22112767197010424,0.38753494305922964,1.0,0.4188148439991745,0.42535787321063395,0.495046997242078,0.9254094669893622,0.954272902947412,0.976883172923585
optimizer_only,profiles,G,retention,20,0.9057512953367874,0.9704663212435234,0.14282899197960103,0.49844559585492226,1.0,0.5407772020725389,0.7733678756476684,0.8862694300518135,0.9860103626943004,0.9980310880829015,0.9990155440414508
optimizer_only,profiles,G,precision,20,0.9296891410895878,0.972569598127546,0.08355029323187467,0.7277777777777777,1.0,0.7548637316561845,0.8320369517417601,0.8756008845019869,0.9945751680478003,0.9966788595931326,0.9977299880525687
optimizer_only,profiles,G,Jaccard,20,0.8544646840579186,0.8920223694538068,0.14985975951799219,0.4294642857142857,1.0,0.4502415174726221,0.7612325768060523,0.8562448638629181,0.9389993256283984,0.954380648459661,0.9630879345603273
optimizer_only,profiles,G,within_pair_coassignment,20,0.86535043966203,0.9423129017693979,0.1587552837739865,0.48332724184636555,1.0,0.5021912153591469,0.6429159589792102,0.7927079526153978,0.9723674026616215,0.9960641111087223,0.9980310880829015
combined,pairs,A/B,cross_coassignment,50,0.03972065421913446,0.0,0.1819767002608451,0.0,0.9266174554928355,0.0,0.0,0.0,0.0047944709798813144,0.014184397163120567,0.014184397163120567
combined,pairs,A/C,cross_coassignment,50,0.10203961848862803,0.011983370017119101,0.21015937129826542,0.0,0.9244314013206163,0.0,0.0,0.002384446074834923,0.03967962827097089,0.27314746881878216,0.6170212765957445
combined,pairs,A/D,cross_coassignment,50,0.230527047698512,0.01870393547489918,0.38963732339406104,0.0002781254345709915,0.9929078014184397,0.00054698002132295,0.006508135168961202,0.007358735456357484,0.0975177304964539,0.9609929078014185,0.977008297408798
combined,pairs,A/E,cross_coassignment,50,0.06885914741096621,0.01294516891634256,0.19657233904649027,0.0,0.9361702127659575,0.00022878059940517045,0.0017349195454892097,0.0066632349576755895,0.014251124837947075,0.07469686570578853,0.36766948829405927
combined,pairs,A/F,cross_coassignment,50,0.2074153599236558,0.08661374628581343,0.26630549687998784,0.005921009824972347,0.9625436484698636,0.012575097056846033,0.015613681219771403,0.03279328518446223,0.29554622942286424,0.5368273797904874,0.8669041577200857
combined,pairs,A/G,cross_coassignment,50,0.04176077609965825,0.0010289200014698856,0.18372675487647708,0.0,0.9332598390475141,0.0,0.0,5.3283357218976226e-05,0.0050288465071840665,0.02683202880976004,0.03542424576489178
combined,pairs,B/C,cross_coassignment,50,0.030541871921182268,0.0,0.1520248442230278,0.0,0.844475721323012,0.0,0.0,0.0,0.0,0.0,0.0
combined,pairs,B/D,cross_coassignment,50,0.04426437241563292,0.0,0.1930548418015834,0.0,0.9833266639989329,0.0,0.0,0.0,0.006535947712418301,0.0196078431372549,0.058496732026143625
combined,pairs,B/E,cross_coassignment,50,0.4655859117840684,0.39532587228439764,0.393857175090328,0.0,1.0,0.0,0.009622558700899717,0.08602150537634409,0.9717741935483871,0.9946236559139785,0.9975806451612903
combined,pairs,B/F,cross_coassignment,50,0.0390245272420895,0.0,0.19095836390739013,0.0,0.9676090619734132,0.0,0.0,0.0,0.0,0.0005336079385882869,0.008038444735692431
combined,pairs,B/G,cross_coassignment,50,0.03920376440731733,0.0,0.19400964334843876,0.0,0.983641746854182,0.0,0.0,0.0,0.0,0.0,0.0
combined,pairs,C/D,cross_coassignment,50,0.06633761550597252,0.0,0.21098508233347943,0.0,0.9188640973630832,0.0,0.0,0.0,0.0,0.10344827586206896,0.6354518819021858
combined,pairs,C/E,cross_coassignment,50,0.03280682239525399,0.0,0.15436022950648443,0.0,0.8620689655172413,0.0,0.0,0.0,0.0,0.0028364849833148135,0.034176863181312536
combined,pairs,C/F,cross_coassignment,50,0.11299799641463673,0.024517557734894023,0.21032885707605375,0.0,0.9042497100073816,0.001318148265316883,0.0025202994832858798,0.00719708952863018,0.12633132974797004,0.282157545080671,0.6152167035748177
combined,pairs,C/G,cross_coassignment,50,0.1472538860103627,0.06959085224227265,0.19909537535486832,0.0009648025728068608,0.9300696801858138,0.012122565660175097,0.03090226907271753,0.036242629980346615,0.16612470966589243,0.34447739860639626,0.5475826335536886
combined,pairs,D/E,cross_coassignment,50,0.12831822334668636,0.024175978635181672,0.22913989332892515,0.005376344086021506,0.9934640522875817,0.005629348513598988,0.01074566027127697,0.014512615081875044,0.08024984187223277,0.3798369527022279,0.5097881087919034
combined,pairs,D/F,cross_coassignment,50,0.4347980252243609,0.4587455777418001,0.3098887055963028,0.011792688533109472,0.9813115868161739,0.01813475645100038,0.021234834402670346,0.13588575083448262,0.6297895304910954,0.9250704563170834,0.9498480941816073
combined,pairs,D/G,cross_coassignment,50,0.04773856209150326,0.0003386501405398083,0.19450573763713672,0.0,0.9903755630058586,0.0,0.0,0.0,0.017022249314233465,0.029600731484303575,0.053225981238782215
combined,pairs,E/F,cross_coassignment,50,0.06031600407747197,0.0062724014336917565,0.19503294173398122,0.0,0.9877675840978594,0.0,0.0,0.0026388477853408303,0.01598105948505475,0.12566505540758283,0.19476505211929881
combined,pairs,E/G,cross_coassignment,50,0.04003521087525768,0.0,0.19698245208174586,0.0,0.9968911917098445,0.0,0.0,0.0,0.00010028413839211098,0.0005838765390829574,0.004370995598640579
combined,pairs,F/G,cross_coassignment,50,0.317797784855255,0.28943131942133704,0.23501485879311917,0.034098651582133065,0.9846968040436691,0.04234856047281773,0.05311657238833167,0.10703918492814249,0.4712237169431636,0.5874066327581563,0.7193611256357841
graph_only,pairs,A/B,cross_coassignment,20,0.05038355767839051,0.0,0.2119097313539071,0.0,0.950354609929078,0.0,0.0,0.0,0.003980315530467506,0.014184397163120567,0.060992907801419104
graph_only,pairs,A/C,cross_coassignment,20,0.142993396918562,0.03301540719002201,0.22122530892205208,0.0,0.8901932012717045,0.0,0.0,0.006113964294448521,0.2538517975055026,0.3237221814624604,0.44342137441917373
graph_only,pairs,A/D,cross_coassignment,20,0.20000695313586428,0.02505446623093682,0.34634291812798446,0.0002781254345709915,0.9929078014184397,0.0006304176516942475,0.0008158346080749084,0.012689472952301488,0.13486765864738331,0.9463403328234368,0.9674546887312845
graph_only,pairs,A/E,cross_coassignment,20,0.08268702814001372,0.014146267063219704,0.21802742495465707,0.005109433386715473,0.950354609929078,0.005399222145962022,0.006581255242888736,0.012830778616639976,0.0182166552276367,0.12663387478075228,0.3771524441394041
graph_only,pairs,A/F,cross_coassignment,20,0.162956817836771,0.07608389181686079,0.25241522450133874,0.006202962673780554,0.9069338712126142,0.024458325200078082,0.027566313141171625,0.036924978853536336,0.1469245450799228,0.27388032186002215,0.8588435595462728
graph_only,pairs,A/G,cross_coassignment,20,0.007024216367177453,0.002017418145739169,0.012141212202373805,0.0,0.04766839378238342,3.490978576415684e-05,0.0002682541432403631,0.0006614485723734979,0.0073843383676919115,0.0230625068900893,0.02793738286848199
graph_only,pairs,B/C,cross_coassignment,20,0.0,0.0,0.0,0.0,0.0,0.0,0.0,0.0,0.0,0.0,0.0
graph_only,pairs,B/D,cross_coassignment,20,0.052967853808189934,0.0,0.22147471294934137,0.0,0.9934640522875817,0.0,0.0,0.0,0.0036681339202347604,0.0196078431372549,0.06830065359477194
graph_only,pairs,B/E,cross_coassignment,20,0.44594031160851444,0.3682795698924731,0.4188892840079075,0.0,1.0,0.00510752688172043,0.005376344086021506,0.08602150537634409,0.8091397849462365,1.0,1.0
graph_only,pairs,B/F,cross_coassignment,20,0.002913000062410285,0.0,0.009062452737909786,0.0,0.03363914373088685,0.0,0.0,0.0,0.0,0.002586906322161927,0.024923547400611628
graph_only,pairs,B/G,cross_coassignment,20,0.0,0.0,0.0,0.0,0.0,0.0,0.0,0.0,0.0,0.0,0.0
graph_only,pairs,C/D,cross_coassignment,20,0.05572458868604914,0.0,0.2015169038465298,0.0,0.896551724137931,0.0,0.0,0.0,0.001352265043948614,0.04793779580797856,0.20540906017579497
graph_only,pairs,C/E,cross_coassignment,20,0.016268075639599554,0.0,0.06994448584413533,0.0,0.3133110863922877,0.0,0.0,0.0,0.0,0.002539859102706721,0.02394327030033392
graph_only,pairs,C/F,cross_coassignment,20,0.13222608879046716,0.01618686069809132,0.24048495914294513,0.0,0.7926816408309607,0.0,0.002752293577981652,0.005325318991880206,0.13801012337867763,0.3842771274913009,0.787071601813772
graph_only,pairs,C/G,cross_coassignment,20,0.1395497587993568,0.06976951938538503,0.1934060481628774,0.002072538860103627,0.8251920671788459,0.002072538860103627,0.02751116669644453,0.03215115240307307,0.14298731463283904,0.32885474361264966,0.3637537966767915
graph_only,pairs,D/E,cross_coassignment,20,0.1258486190174995,0.01871178578958465,0.2389685925543087,0.0,0.9934640522875817,0.0,0.004838709677419356,0.01151697238034999,0.10238772928526249,0.34946236559139787,0.3816624499262075
graph_only,pairs,D/F,cross_coassignment,20,0.5633966940496893,0.5421738522116288,0.3575777077281614,0.00903439867282285,0.9847094801223242,0.014958725590134118,0.027305070856069237,0.3748775759029402,0.9031450500689572,0.9437308868501529,0.9614678899082569
graph_only,pairs,D/G,cross_coassignment,20,0.02047546479731789,0.01093839953943581,0.02619652303050199,0.0,0.09430051813471503,0.0,0.0,0.0018083917504825764,0.02801991262826374,0.05010057909174035,0.06968911917098447
graph_only,pairs,E/F,cross_coassignment,20,0.03889710959850055,0.00876327644602282,0.07736371231959724,0.0,0.30137121436322384,0.0,0.0,0.0,0.027214659169379502,0.12904376705797255,0.1904738417020158
graph_only,pairs,E/G,cross_coassignment,20,0.0007604880494735082,0.0,0.0020418445787836904,0.0,0.007967017661151038,0.0,0.0,0.0,0.00013510501977826063,0.0013142793470388382,0.005214775196389773
graph_only,pairs,F/G,cross_coassignment,20,0.23594587314414284,0.1383815816577142,0.2277473831870006,0.0280141338277004,0.9542140038978942,0.04681814580659473,0.05048596916543867,0.08873809636988797,0.34192454564180574,0.48633994073933234,0.5231457273692387
optimizer_only,pairs,A/B,cross_coassignment,20,0.0017079172094369662,0.0,0.004457834673133414,0.0,0.014184397163120567,0.0,0.0,0.0,0.0,0.006629034592560441,0.014184397163120567
optimizer_only,pairs,A/C,cross_coassignment,20,0.026314502323306427,0.013206162876008804,0.033899140702346335,0.0,0.1012472487160675,0.0,0.0,0.0,0.03209831254585473,0.09611151870873075,0.10055025678650037
optimizer_only,pairs,A/D,cross_coassignment,20,0.049462290826496086,0.017776850692995873,0.07856363832968301,0.0,0.3407036573494646,0.00026421916284244195,0.0004450006953135864,0.0071964956195244055,0.05774579335280211,0.10108468919482692,0.1450493672646365
optimizer_only,pairs,A/E,cross_coassignment,20,0.009416228170517805,0.00785480057957752,0.005617384105910382,0.0,0.018111797452909327,0.0,0.0019217570350034319,0.005633722260352322,0.014184397163120567,0.015244413940364528,0.017930679478380233
optimizer_only,pairs,A/F,cross_coassignment,20,0.07934803825883271,0.07248357082438675,0.060996490092565483,0.0,0.19723686208167956,0.005727980566942114,0.014520571713622662,0.03297221680005205,0.12421649641052335,0.15234563081527755,0.1811449454529681
optimizer_only,pairs,A/G,cross_coassignment,20,0.002335280931907544,0.0016168742880241062,0.0032674966592997805,0.0,0.013096681732995259,0.0,0.0,0.0001378017859111454,0.0024730827178186896,0.003957667291368105,0.009347370741924817
optimizer_only,pairs,B/C,cross_coassignment,20,0.0,0.0,0.0,0.0,0.0,0.0,0.0,0.0,0.0,0.0,0.0
optimizer_only,pairs,B/D,cross_coassignment,20,0.000980392156862745,0.0,0.004384447014705469,0.0,0.0196078431372549,0.0,0.0,0.0,0.0,0.0,0.000980392156862759
optimizer_only,pairs,B/E,cross_coassignment,20,0.2528582400702216,0.0913978494623656,0.3477111579748995,0.0,1.0,0.0,0.0,0.06586021505376344,0.31196510862409477,0.9564516129032259,1.0
optimizer_only,pairs,B/F,cross_coassignment,20,0.0001872308556450103,0.0,0.0008373218414153865,0.0,0.003744617112900206,0.0,0.0,0.0,0.0,0.0,0.00018723085564501297
optimizer_only,pairs,B/G,cross_coassignment,20,0.0,0.0,0.0,0.0,0.0,0.0,0.0,0.0,0.0,0.0,0.0
optimizer_only,pairs,C/D,cross_coassignment,20,0.018717601983322063,0.0,0.0755590169690092,0.0,0.3380662609871535,0.0,0.0,0.0,0.0,0.005070993914807349,0.049661933739013064
optimizer_only,pairs,C/E,cross_coassignment,20,0.0,0.0,0.0,0.0,0.0,0.0,0.0,0.0,0.0,0.0,0.0
optimizer_only,pairs,C/F,cross_coassignment,20,0.06631867552462299,0.005483496783718233,0.0958158717694245,0.0,0.3176210060107561,0.0006010756089844986,0.0011072445428661818,0.0027417483918591164,0.1017874090477697,0.17503954444795966,0.2749446377728567
optimizer_only,pairs,C/G,cross_coassignment,20,0.10478291942111843,0.055261747364659636,0.09624368448678901,0.0,0.3100232267286046,0.001459710559228158,0.02584956226549938,0.034500625335000895,0.19992853314275505,0.23556905485081295,0.2412470966589245
optimizer_only,pairs,D/E,cross_coassignment,20,0.1149167193759224,0.0195727036334247,0.2318932299580853,0.0,0.8973575093119686,0.0,0.0,0.007352941176470588,0.05110162344507695,0.38652751423149934,0.5658356174010825
optimizer_only,pairs,D/F,cross_coassignment,20,0.47744198596869947,0.48863704503208005,0.3493435981808847,0.0,0.9564070276428615,0.009019407967060423,0.014099258459754953,0.08391797085806799,0.7775229357798166,0.9064999700185885,0.9421658571685555
optimizer_only,pairs,D/G,cross_coassignment,20,0.016495648345694065,0.009123234786142437,0.028889557871947462,0.0,0.12800975312404755,0.0,0.0,0.0004283924277828575,0.017372752209692168,0.03149446307020219,0.04500660367774059
optimizer_only,pairs,E/F,cross_coassignment,20,0.0257382197231265,0.004472066028739601,0.07946286428910906,0.0,0.3605603235671303,0.0,0.0,0.0,0.01667159909243366,0.02708394988655422,0.0497040544539807
optimizer_only,pairs,E/G,cross_coassignment,20,0.00022285364087135773,0.0,0.0006317336474342897,0.0,0.0028079558749791074,0.0,0.0,0.0,0.00012535517299013872,0.00046799264582985143,0.0006802607387598211
optimizer_only,pairs,F/G,cross_coassignment,20,0.19062699054047633,0.11520178732709035,0.1603989411203459,0.0,0.5285037473657525,0.033089160368240084,0.04813011994739427,0.06711904422366942,0.3139365562263314,0.4456329324523459,0.46101281868453997
