ARI_all_supra,NMI_all_supra,ARI_Dec2024,NMI_Dec2024,K_supra,K_Dec2024,mean_switches,median_switches,share_zero_switches,share_le2_switches,mean_adjacent_ARI,mean_adjacent_NMI,largest_community_n_Dec,largest_community_share_Dec,mode,seed,louvain_seed,gamma,K,MQ,Q_resolution_0_5,AVI,AVU,Dec_K,Dec_MQ,Dec_Q_resolution_0_5,Dec_AVI,Dec_AVU
1.0,1.0,1.0,1.0,12,10,1.3387605042016806,1.0,0.25,0.8529411764705882,0.8779039416435567,0.8897285713038698,965,0.506827731092437,optimizer_only,0,0,0.5,,,,,,,,,,
0.47627106985094025,0.6321640450771975,0.6878862566128047,0.7281826155562765,10,8,1.7022058823529411,2.0,0.19012605042016806,0.8040966386554622,0.8438747513438437,0.8721297021166194,837,0.43960084033613445,optimizer_only,1,1,0.5,,,,,,,,,,
0.4458823493444786,0.5821865580793821,0.7168796786901299,0.711693155727794,12,10,1.7100840336134453,2.0,0.06039915966386555,0.8718487394957983,0.8497658122795243,0.8641437697192227,1118,0.5871848739495799,optimizer_only,2,2,0.5,,,,,,,,,,
0.5638425460481794,0.6510844887372262,0.7928292559234894,0.7572307486313161,12,11,1.6491596638655461,2.0,0.13497899159663865,0.8692226890756303,0.8415179165449621,0.8667143227852236,1007,0.5288865546218487,optimizer_only,3,3,0.5,,,,,,,,,,
0.5527944191312923,0.6767345118890054,0.8786888565993151,0.8438779859267581,12,9,1.5614495798319328,2.0,0.27153361344537813,0.8692226890756303,0.8541484818366424,0.8821095489745344,1010,0.5304621848739496,optimizer_only,4,4,0.5,,,,,,,,,,
0.5352845478748095,0.622705333793863,0.6932383674920278,0.6947660748894909,12,10,1.631827731092437,2.0,0.06092436974789916,0.9012605042016807,0.8523448921214591,0.8730355206552123,1147,0.6024159663865546,optimizer_only,5,5,0.5,,,,,,,,,,
0.49067350192463155,0.646167187100944,0.7511019683500314,0.7853062849419156,12,10,1.550420168067227,2.0,0.20588235294117646,0.8671218487394958,0.8620098932205013,0.8841384157049169,852,0.4474789915966387,optimizer_only,6,6,0.5,,,,,,,,,,
0.5050784606713137,0.640900078530248,0.7334338889172256,0.7068971324662338,11,7,1.7074579831932772,2.0,0.1565126050420168,0.8455882352941176,0.8583075429616522,0.8766758694668048,1072,0.5630252100840336,optimizer_only,7,7,0.5,,,,,,,,,,
0.5126740028423638,0.623576051371906,0.8349259789423329,0.7919278649920015,11,8,1.8146008403361344,2.0,0.06407563025210083,0.8072478991596639,0.8426613414013369,0.8635440250151845,973,0.5110294117647058,optimizer_only,8,8,0.5,,,,,,,,,,
0.5485155434191668,0.6664095738408867,0.7376428767904203,0.7271450181344445,12,10,1.5824579831932772,2.0,0.21481092436974789,0.8907563025210085,0.8603105825652343,0.887162425839758,1076,0.5651260504201681,optimizer_only,9,9,0.5,,,,,,,,,,
0.6603547485550882,0.6966555963677423,0.8277258443020822,0.7887012926927648,12,10,1.2584033613445378,1.0,0.21743697478991597,0.8739495798319328,0.8953807195252638,0.893388077284182,959,0.5036764705882353,optimizer_only,10,10,0.5,,,,,,,,,,
0.5370385992876705,0.6471327389832303,0.7245005180830209,0.7446028072841909,11,9,1.5483193277310925,2.0,0.19852941176470587,0.8897058823529411,0.8556141423808016,0.876582660047043,1102,0.5787815126050421,optimizer_only,11,11,0.5,,,,,,,,,,
0.6010267039561031,0.6767223894881945,0.8781381676432192,0.8237208501579515,11,9,1.372373949579832,1.0,0.17436974789915966,0.8497899159663865,0.8752835139139744,0.884299936100132,939,0.49317226890756305,optimizer_only,12,12,0.5,,,,,,,,,,
0.5101912735269285,0.6529742315156164,0.850623369352129,0.7992904150355038,12,10,1.6890756302521008,2.0,0.17804621848739496,0.8377100840336135,0.8415471819067828,0.8730161166319605,953,0.5005252100840336,optimizer_only,13,13,0.5,,,,,,,,,,
0.4114598800190458,0.5880327666002751,0.43492366938428334,0.649196937904868,11,8,1.7274159663865547,2.0,0.0546218487394958,0.8025210084033614,0.854096870027193,0.8663782210981267,720,0.37815126050420167,optimizer_only,14,14,0.5,,,,,,,,,,
0.5887034057296904,0.6841470054401887,0.8086013883720368,0.804465966264042,12,9,1.3639705882352942,1.0,0.25735294117647056,0.8172268907563025,0.8704522969110059,0.888439407725899,876,0.46008403361344535,optimizer_only,15,15,0.5,,,,,,,,,,
0.5107777389104157,0.642290682871976,0.6912012792773828,0.7621538978854188,11,9,1.3529411764705883,1.0,0.13077731092436976,0.8639705882352942,0.8803276294598108,0.8860719899108905,775,0.4070378151260504,optimizer_only,16,16,0.5,,,,,,,,,,
0.4992756741551511,0.6549630172401756,0.471495509530387,0.7008372938144475,11,9,1.6066176470588236,2.0,0.20798319327731093,0.7678571428571429,0.8479446734748158,0.8738824246018162,636,0.33403361344537813,optimizer_only,17,17,0.5,,,,,,,,,,
0.5469426231327503,0.6792321369515559,0.8670271837064175,0.8514550618106925,11,9,1.7153361344537814,2.0,0.21796218487394958,0.7888655462184874,0.8395841433944019,0.8736186116315463,907,0.47636554621848737,optimizer_only,18,18,0.5,,,,,,,,,,
0.44287881203810436,0.6148673645143011,0.7444710262679853,0.7351050874020953,10,7,1.7100840336134453,2.0,0.19852941176470587,0.7815126050420168,0.8527250269153075,0.8720106131924148,862,0.4527310924369748,optimizer_only,19,19,0.5,,,,,,,,,,
0.5688699266484374,0.6752610910334176,0.7047769940063069,0.7921104565231675,12,9,1.584033613445378,1.0,0.15913865546218486,0.7993697478991597,0.8618571888287978,0.878845737632479,787,0.41334033613445376,graph_only,0,0,0.5,,,,,,,,,,
0.5375380524239249,0.6124896161077242,0.8427040786645768,0.8001859904402866,13,10,2.376575630252101,2.0,0.0015756302521008404,0.7048319327731093,0.8251124848159388,0.837978656069769,1000,0.5252100840336135,graph_only,1,0,0.5,,,,,,,,,,
0.5494070131982997,0.6291179608986424,0.6971958402861109,0.7263912097588476,13,10,1.3797268907563025,1.0,0.18277310924369747,0.8335084033613446,0.8764376681974779,0.8839952263359259,795,0.4175420168067227,graph_only,2,0,0.5,,,,,,,,,,
0.5024661785034809,0.6240907817276572,0.7110834800485563,0.6941046140439943,15,10,2.8471638655462184,3.0,0.0021008403361344537,0.38918067226890757,0.8185850466547859,0.8312911778136759,949,0.49842436974789917,graph_only,3,0,0.5,,,,,,,,,,
0.33470957121209305,0.4995341002722876,0.5047453821313043,0.560006292627429,13,8,3.2536764705882355,3.0,0.004201680672268907,0.08665966386554622,0.7592411297627465,0.7815033515022082,1301,0.6832983193277311,graph_only,4,0,0.5,,,,,,,,,,
0.5319798160201972,0.6258815420682236,0.5465199237698863,0.7197531508825059,11,8,2.297268907563025,2.0,0.0015756302521008404,0.729516806722689,0.8359200586983918,0.8417247085756042,662,0.3476890756302521,graph_only,5,0,0.5,,,,,,,,,,
0.5869922878675791,0.6959923021439279,0.8885720355622119,0.8362342090149552,11,9,1.6165966386554622,2.0,0.1948529411764706,0.8482142857142857,0.8609919568760693,0.8815872023031087,964,0.5063025210084033,graph_only,6,0,0.5,,,,,,,,,,
0.4771780042426456,0.6407818600274015,0.7923065555782752,0.7856595249102442,14,9,1.9285714285714286,2.0,0.045168067226890755,0.7457983193277311,0.8377499943006268,0.8606442309224991,907,0.47636554621848737,graph_only,7,0,0.5,,,,,,,,,,
0.4816433765483377,0.6443950851929054,0.7208618090934403,0.7558295584778456,12,10,1.6381302521008403,2.0,0.19642857142857142,0.8581932773109243,0.851758764149712,0.8735451675712497,1137,0.5971638655462185,graph_only,8,0,0.5,,,,,,,,,,
0.5425370851854865,0.6618645383128786,0.846664803993836,0.850795657299279,13,10,1.7100840336134453,2.0,0.14128151260504201,0.8755252100840336,0.850181356058785,0.8738789403898634,920,0.4831932773109244,graph_only,9,0,0.5,,,,,,,,,,
0.36479393965017143,0.5550493146474088,0.7273342830613637,0.7972030533353068,13,9,2.3403361344537816,2.0,0.0015756302521008404,0.523109243697479,0.8098443741033856,0.8363156921954156,805,0.4227941176470588,graph_only,10,0,0.5,,,,,,,,,,
0.4648937382479908,0.5645514120238297,0.7094862921840175,0.6628314732499837,14,10,2.4611344537815127,2.0,0.0010504201680672268,0.645483193277311,0.8522207337551018,0.846063674674469,1066,0.5598739495798319,graph_only,11,0,0.5,,,,,,,,,,
0.4146813943435026,0.5300595449010681,0.6708052716307985,0.6370346947290972,17,11,4.053571428571429,4.0,0.0005252100840336134,0.037289915966386554,0.7709632476157978,0.7860808923793681,1128,0.592436974789916,graph_only,12,0,0.5,,,,,,,,,,
0.6107568616465989,0.6790992592747453,0.756346090814779,0.7524303297649512,12,9,1.4522058823529411,1.0,0.20850840336134455,0.8135504201680672,0.8692525721871863,0.8814012121748095,1095,0.5751050420168067,graph_only,13,0,0.5,,,,,,,,,,
0.49206349581427244,0.6167289132505819,0.8071209568490678,0.7428167998472424,10,8,1.7862394957983194,2.0,0.06932773109243698,0.8461134453781513,0.8518843332909659,0.8702976324877005,984,0.5168067226890757,graph_only,14,0,0.5,,,,,,,,,,
0.42687674235247647,0.6034657830245587,0.7737488155645098,0.7687888024254595,13,10,1.634453781512605,2.0,0.11029411764705882,0.8550420168067226,0.8589548807228493,0.8762305238222554,872,0.4579831932773109,graph_only,15,0,0.5,,,,,,,,,,
0.5310523372613866,0.673267642345066,0.7535770640007554,0.7724879675199678,10,8,1.612920168067227,2.0,0.19852941176470587,0.8839285714285714,0.8393426181200059,0.8716522299086383,875,0.45955882352941174,graph_only,16,0,0.5,,,,,,,,,,
0.45038224667738114,0.6192059917449331,0.7118640277017606,0.6791298599827642,13,9,1.6896008403361344,2.0,0.19170168067226892,0.803046218487395,0.8467388400962617,0.8725491741085705,1106,0.5808823529411765,graph_only,17,0,0.5,,,,,,,,,,
0.5479547022936494,0.681986987292684,0.8188894227011555,0.7888797852958724,12,9,1.784138655462185,2.0,0.17384453781512604,0.7878151260504201,0.8381242107882206,0.8680222817803055,933,0.4900210084033613,graph_only,18,0,0.5,,,,,,,,,,
0.39145574918221004,0.564741429994793,0.6786940325283681,0.6261892424249011,11,7,2.6475840336134455,3.0,0.0021008403361344537,0.3897058823529412,0.8117675443185616,0.8229862237909763,988,0.5189075630252101,graph_only,19,0,0.5,,,,,,,,,,
0.5078148066972101,0.6304744264036851,0.021709072278727697,0.06480584464328733,13,10,2.0315126050420167,2.0,0.009978991596638655,0.821953781512605,0.8123840177933971,0.8496369331029825,1868,0.9810924369747899,collapse_fixed,24,0,0.5,13.0,0.7822164673725351,0.8436850075929136,0.885212028690889,0.43133467391348496,10.0,0.001295388968820794,0.49920701830888925,0.2103242012048449,0.2
0.4662806459692404,0.6017738581439055,0.01955300916655931,0.06372564320952484,12,9,2.034138655462185,2.0,0.005777310924369748,0.7862394957983193,0.8070638765010499,0.836283323509038,1874,0.9842436974789915,collapse_fixed,39,0,0.5,12.0,0.7779626481109777,0.8397013892961169,0.8898338355869765,0.395872231247961,9.0,0.0010167697158145065,0.4993894844472666,0.2850552540486875,0.2222222222222222
0.5688699266484374,0.6752610910334176,0.7047769940063069,0.7921104565231675,12,9,1.584033613445378,1.0,0.15913865546218486,0.7993697478991597,0.8618571888287978,0.878845737632479,787,0.41334033613445376,combined,0,0,0.5,,,,,,,,,,
0.5279288367544793,0.5928302001963187,0.7778993506618662,0.7241157747816637,13,8,2.3718487394957983,2.0,0.0,0.7547268907563025,0.8417886977313769,0.8438816672263298,1007,0.5288865546218487,combined,1,1,0.5,,,,,,,,,,
0.47249777720639735,0.6177016206418511,0.4446128215330966,0.650164492206792,13,11,1.414390756302521,1.0,0.17384453781512604,0.8282563025210085,0.8755010071579051,0.8835276496283437,638,0.33508403361344535,combined,2,2,0.5,,,,,,,,,,
0.46283013257116057,0.5815870564226249,0.6723129000646803,0.6781351627354104,12,8,2.5409663865546217,2.0,0.004201680672268907,0.6113445378151261,0.8372840578124198,0.8457859705007066,1132,0.5945378151260504,combined,3,3,0.5,,,,,,,,,,
0.2996489198270645,0.4914327452291461,0.67786827634039,0.6758142913608383,15,9,3.340861344537815,3.0,0.0,0.026260504201680673,0.733461127579164,0.7599171407552474,1123,0.5898109243697479,combined,4,4,0.5,,,,,,,,,,
0.530214666672176,0.5937606067407588,0.8271540675576458,0.7782616644531869,15,9,2.4096638655462184,2.0,0.0005252100840336134,0.7011554621848739,0.8395589472963547,0.845801515283389,938,0.49264705882352944,combined,5,5,0.5,,,,,,,,,,
0.5766352395524658,0.639549179402659,0.8474367722210399,0.7860843658039304,10,8,1.3581932773109244,1.0,0.15808823529411764,0.8881302521008403,0.8830089773168676,0.8865657913572199,944,0.4957983193277311,combined,6,6,0.5,,,,,,,,,,
0.4728571288034984,0.6367755938767998,0.7720521190389014,0.7756241669987575,12,9,1.762079831932773,2.0,0.20220588235294118,0.7211134453781513,0.8403401010521473,0.8729343180898548,880,0.46218487394957986,combined,7,7,0.5,,,,,,,,,,
0.4728900334050765,0.6279953044433164,0.6270827496836099,0.7161506088287314,10,9,1.5535714285714286,2.0,0.20063025210084034,0.8440126050420168,0.8608730602110564,0.8787681124679783,1007,0.5288865546218487,combined,8,8,0.5,,,,,,,,,,
0.6026862087942435,0.6803262401586309,0.848392483085165,0.8208601764059659,12,8,1.584033613445378,2.0,0.2027310924369748,0.8560924369747899,0.8612389733619914,0.8816017627899752,936,0.49159663865546216,combined,9,9,0.5,,,,,,,,,,
0.5097345000759614,0.60204481754668,0.7837939143542038,0.7848901050491044,14,11,2.249474789915966,2.0,0.008403361344537815,0.6822478991596639,0.8366406058649649,0.850749067254288,1060,0.5567226890756303,combined,10,10,0.5,,,,,,,,,,
0.5196349599590475,0.5905129919840943,0.6904824177041757,0.7119668459334351,14,11,1.789390756302521,2.0,0.007352941176470588,0.8277310924369747,0.8648316380566363,0.8627980748934497,1160,0.6092436974789915,combined,11,11,0.5,,,,,,,,,,
0.4195297185504736,0.526375837469669,0.594358260211063,0.5889120085849879,13,9,2.8592436974789917,2.0,0.0021008403361344537,0.5336134453781513,0.8032243406774411,0.8024897699653136,1188,0.6239495798319328,combined,12,12,0.5,,,,,,,,,,
0.5278045815054652,0.6492746832332784,0.758017011830043,0.7299714716323042,10,8,1.4915966386554622,2.0,0.2599789915966387,0.8602941176470589,0.8549317876065728,0.8798681526337948,1083,0.5688025210084033,combined,13,13,0.5,,,,,,,,,,
0.6068374988415791,0.64394297744072,0.7908241367552135,0.731609197219563,13,10,1.4464285714285714,1.0,0.08455882352941177,0.8807773109243697,0.87693324415482,0.880885434379762,997,0.5236344537815126,combined,14,14,0.5,,,,,,,,,,
0.5050934573544422,0.659901224903559,0.890180122100349,0.8484470995528867,12,9,1.521533613445378,2.0,0.25,0.8629201680672269,0.8599267914445337,0.884410788563495,961,0.5047268907563025,combined,15,15,0.5,,,,,,,,,,
0.641304987391102,0.661957383441797,0.6927876544641225,0.6929453520771891,12,10,1.3644957983193278,1.0,0.06932773109243698,0.8928571428571429,0.8813719790601833,0.8823464006075601,1142,0.5997899159663865,combined,16,16,0.5,,,,,,,,,,
0.4819367236024447,0.6282345782135419,0.8397549908713275,0.8017432901507823,12,9,1.6869747899159664,2.0,0.148109243697479,0.819327731092437,0.8567321331288278,0.8795102291623004,977,0.5131302521008403,combined,17,17,0.5,,,,,,,,,,
0.4963078259337435,0.6231791330922372,0.7308863445729172,0.7561880920123076,14,11,1.7195378151260505,2.0,0.11081932773109243,0.8503151260504201,0.8610031445587522,0.8788145842566216,1130,0.5934873949579832,combined,18,18,0.5,,,,,,,,,,
0.49191636115403753,0.6234069628177372,0.6819440339248058,0.686284710017181,13,10,2.3781512605042017,2.0,0.0031512605042016808,0.7195378151260504,0.8195496761765438,0.8389760032447855,1120,0.5882352941176471,combined,19,19,0.5,,,,,,,,,,
0.4789048122606597,0.6142571328139158,0.5004427173240523,0.6896583589207895,14,11,1.5021008403361344,1.0,0.15073529411764705,0.8413865546218487,0.8694924130188465,0.8851361299957444,607,0.31880252100840334,combined,20,20,0.5,,,,,,,,,,
0.4888483040885407,0.6497770924381531,0.8073989026929568,0.8463935073431181,12,10,1.6197478991596639,2.0,0.20063025210084034,0.8613445378151261,0.8587591952937743,0.8820234082107238,846,0.44432773109243695,combined,21,21,0.5,,,,,,,,,,
0.40242208299831095,0.5675414382198399,0.6260069144815078,0.5994412281632118,13,10,2.2668067226890756,2.0,0.0031512605042016808,0.7815126050420168,0.8198812792548208,0.8374324572693361,1090,0.5724789915966386,combined,22,22,0.5,,,,,,,,,,
0.5417656059099341,0.5946153172865248,0.8468707919008805,0.800929897966446,13,9,2.1570378151260505,2.0,0.0005252100840336134,0.845063025210084,0.8765033915765933,0.8653488869010616,943,0.4952731092436975,combined,23,23,0.5,,,,,,,,,,
0.5691900558406252,0.6582433893150884,0.021394148890465876,0.06795452010371164,12,10,1.721638655462185,1.0,0.007352941176470588,0.8177521008403361,0.8472706921678658,0.8574218712203756,1864,0.9789915966386554,combined,24,24,0.5,,,,,,,,,,
0.5119767447249292,0.6663437757797998,0.7408120640438777,0.7805944794519375,12,10,1.4642857142857142,2.0,0.3072478991596639,0.8534663865546218,0.859692217210949,0.8868931468501122,795,0.4175420168067227,combined,25,25,0.5,,,,,,,,,,
0.5580392704204087,0.6676958574482356,0.804380659766018,0.7910058667718162,10,9,1.2641806722689075,1.0,0.2347689075630252,0.8639705882352942,0.8742214614210425,0.8933970519827794,891,0.4679621848739496,combined,26,26,0.5,,,,,,,,,,
0.45703824850621994,0.6101269786971582,0.4703490225230944,0.6828785401892973,12,10,1.5982142857142858,1.0,0.16228991596638656,0.8025210084033614,0.8656490955721761,0.8784745591953325,644,0.3382352941176471,combined,27,27,0.5,,,,,,,,,,
0.5017371276459248,0.6265719243691027,0.44408851100526153,0.6517832608741287,12,10,1.4868697478991597,1.0,0.1953781512605042,0.8098739495798319,0.8720265046418518,0.8828220867754382,692,0.3634453781512605,combined,28,28,0.5,,,,,,,,,,
0.6516446948106119,0.6906535551246543,0.7831701225849885,0.7866422706365424,11,9,1.271533613445378,1.0,0.18907563025210083,0.8786764705882353,0.8839477593757219,0.8899942051061799,1053,0.553046218487395,combined,29,29,0.5,,,,,,,,,,
0.43157389945201374,0.5974476686423786,0.6083618479601672,0.6004362542701124,13,9,2.349264705882353,2.0,0.0063025210084033615,0.7347689075630253,0.8128259520227971,0.8331422358238739,1187,0.6234243697478992,combined,30,30,0.5,,,,,,,,,,
0.5096243996704695,0.6478656889900303,0.6698202900054884,0.7698778908241054,9,7,1.585609243697479,2.0,0.24474789915966386,0.9028361344537815,0.8491860496554048,0.8812761999850776,1226,0.6439075630252101,combined,31,31,0.5,,,,,,,,,,
0.4551123938149192,0.49550964695335975,0.7970822638070276,0.7714673952279738,15,8,3.581932773109244,3.0,0.0010504201680672268,0.011029411764705883,0.7825626362965147,0.7784133726016023,921,0.483718487394958,combined,32,32,0.5,,,,,,,,,,
0.5224770898386351,0.6580621000456736,0.4425217431827993,0.6615697231472611,13,9,1.497373949579832,1.0,0.16018907563025211,0.8209033613445378,0.8661567543408147,0.8819097637275742,654,0.3434873949579832,combined,33,33,0.5,,,,,,,,,,
0.4428152758385452,0.6147953669760309,0.7364143150623544,0.7394730044566744,13,10,1.780987394957983,2.0,0.0976890756302521,0.8114495798319328,0.8499087967673048,0.8708728236574699,865,0.4543067226890756,combined,34,34,0.5,,,,,,,,,,
0.5143192020673043,0.6477708331884356,0.7718490127595243,0.7591784614449879,14,10,1.7746848739495797,2.0,0.16176470588235295,0.8361344537815126,0.8515437007617226,0.8758049711593499,1081,0.5677521008403361,combined,35,35,0.5,,,,,,,,,,
0.5221041667266707,0.6708882976840952,0.7113517020213741,0.7600895847890161,15,10,1.8266806722689075,2.0,0.12605042016806722,0.7773109243697479,0.8431130614636224,0.8712712328773974,1156,0.6071428571428571,combined,36,36,0.5,,,,,,,,,,
0.505791025936325,0.6210357568172787,0.6601046157977642,0.6751161484206742,14,10,2.2153361344537816,2.0,0.007878151260504201,0.8135504201680672,0.8339406610341082,0.8477743629927974,1147,0.6024159663865546,combined,37,37,0.5,,,,,,,,,,
0.5040674211332518,0.6403318928740018,0.7904712186380781,0.7669080107074219,11,10,1.6092436974789917,2.0,0.22058823529411764,0.7977941176470589,0.8506247195162586,0.8815687109509546,1059,0.5561974789915967,combined,38,38,0.5,,,,,,,,,,
0.5074894242887913,0.6340888514870039,0.01624400083104674,0.04921473649592971,12,9,2.0141806722689077,2.0,0.006827731092436975,0.7967436974789915,0.817514798587906,0.8437288176530578,1877,0.9858193277310925,combined,39,39,0.5,,,,,,,,,,
0.5137458466109291,0.6494225449434989,0.7869830062931231,0.7544781680524328,11,8,1.7279411764705883,2.0,0.19380252100840337,0.7935924369747899,0.8374109545159769,0.8691078842648635,994,0.5220588235294118,combined,40,40,0.5,,,,,,,,,,
0.4167704060513125,0.581594042190768,0.6582974951219251,0.6439343926636821,15,10,2.9017857142857144,3.0,0.0015756302521008404,0.3088235294117647,0.8242932433110105,0.8304454576311115,1134,0.5955882352941176,combined,41,41,0.5,,,,,,,,,,
0.529571210709148,0.6160310677417157,0.7434751329809243,0.7400104376168408,10,8,1.245798319327731,1.0,0.19327731092436976,0.9180672268907563,0.8910301485173583,0.890881741856973,878,0.46113445378151263,combined,42,42,0.5,,,,,,,,,,
0.47836520384796094,0.6414319683365131,0.7287829070673103,0.748892089021821,12,9,1.5635504201680672,2.0,0.20168067226890757,0.8802521008403361,0.8546334471981034,0.8769460814481029,1091,0.5730042016806722,combined,43,43,0.5,,,,,,,,,,
0.4640187173865108,0.6124528176853008,0.4648392141166829,0.6835726133414357,13,8,2.475840336134454,2.0,0.015756302521008403,0.5246848739495799,0.8111495897897381,0.8416950772750402,674,0.3539915966386555,combined,44,44,0.5,,,,,,,,,,
0.4985530557393424,0.6547401739931444,0.6346400993929397,0.6622438829806162,14,12,1.6008403361344539,2.0,0.25630252100840334,0.8266806722689075,0.857805959647911,0.8902845237942315,957,0.5026260504201681,combined,45,45,0.5,,,,,,,,,,
0.38013353351929374,0.5153380038074219,0.5534045823757064,0.7004862573486936,14,8,2.3114495798319328,2.0,0.0,0.7710084033613446,0.8348367395969012,0.8236144520403752,676,0.3550420168067227,combined,46,46,0.5,,,,,,,,,,
0.27620602128236005,0.49433993727406494,0.7513852784156747,0.7204723060305619,15,8,3.7300420168067228,4.0,0.0005252100840336134,0.015756302521008403,0.7653964040270714,0.7675138996835489,949,0.49842436974789917,combined,47,47,0.5,,,,,,,,,,
0.49015886862941405,0.6038659321294881,0.7277879199446362,0.6904168411959084,11,9,1.8088235294117647,2.0,0.0898109243697479,0.7710084033613446,0.8463337778318833,0.8713789137012896,1087,0.5709033613445378,combined,48,48,0.5,,,,,,,,,,
0.6061198948495091,0.6649653384602525,0.8354636414807036,0.7892023538039961,11,9,1.2347689075630253,1.0,0.20903361344537816,0.8918067226890757,0.8930166897839291,0.8981917900993764,968,0.5084033613445378,combined,49,49,0.5,,,,,,,,,,
