archetype,n_reference,destination,destination_n,intersection,retention,precision,Jaccard,within_pair_coassignment,n_destinations,seed
A,141,1,141,139,0.9858156028368794,0.9858156028368794,0.972027972027972,0.9718338399189465,2,0
B,98,5,98,98,1.0,1.0,1.0,1.0,1,0
C,29,9,20,19,0.6551724137931034,0.95,0.6333333333333333,0.4926108374384236,3,0
D,153,10,156,136,0.8888888888888888,0.8717948717948718,0.7861271676300579,0.7951496388028896,3,0
E,186,6,199,186,1.0,0.9346733668341708,0.9346733668341708,1.0,1,0
F,327,8,492,301,0.9204892966360856,0.6117886178861789,0.581081081081081,0.850772030543517,4,0
G,965,11,787,785,0.8134715025906736,0.9974587039390088,0.811789038262668,0.6954464343301873,4,0
A,141,10,189,138,0.9787234042553192,0.7301587301587301,0.71875,0.9578520770010132,3,1
B,98,12,290,98,1.0,0.3379310344827586,0.3379310344827586,1.0,1,1
C,29,9,19,17,0.5862068965517241,0.8947368421052632,0.5483870967741935,0.4088669950738916,4,1
D,153,6,395,149,0.9738562091503268,0.3772151898734177,0.3734335839598997,0.9487444100447197,2,1
E,186,12,290,185,0.9946236559139784,0.6379310344827587,0.6357388316151202,0.989247311827957,2,1
F,327,6,395,225,0.6880733944954128,0.569620253164557,0.4527162977867203,0.5228982570683477,3,1
G,965,8,1007,942,0.9761658031088084,0.93545183714002,0.9145631067961164,0.9532130802141336,4,1
A,141,0,141,136,0.9645390070921984,0.9645390070921984,0.9315068493150684,0.9306990881458966,3,2
B,98,11,153,98,1.0,0.6405228758169934,0.6405228758169934,1.0,1,2
C,29,7,19,19,0.6551724137931034,1.0,0.6551724137931034,0.4926108374384236,3,2
D,153,8,258,126,0.8235294117647058,0.4883720930232558,0.4421052631578947,0.7074303405572755,2,2
E,186,8,258,130,0.6989247311827957,0.5038759689922481,0.4140127388535032,0.5736704446381866,3,2
F,327,9,638,319,0.9755351681957186,0.5,0.4938080495356037,0.951839552728842,3,2
G,965,12,575,575,0.5958549222797928,1.0,0.5958549222797928,0.454907230236708,4,2
A,141,8,457,138,0.9787234042553192,0.3019693654266958,0.3,0.9578520770010132,3,3
B,98,9,289,98,1.0,0.3391003460207612,0.3391003460207612,1.0,1,3
C,29,6,18,18,0.6206896551724138,1.0,0.6206896551724138,0.4876847290640394,3,3
D,153,8,457,150,0.9803921568627452,0.3282275711159737,0.3260869565217391,0.9613003095975232,2,3
E,186,9,289,186,1.0,0.643598615916955,0.643598615916955,1.0,1,3
F,327,8,457,168,0.5137614678899083,0.3676148796498906,0.2727272727272727,0.4929551040318193,3,3
G,965,11,1132,964,0.998963730569948,0.8515901060070671,0.8508384819064431,0.9979274611398964,2,3
A,141,14,447,133,0.9432624113475178,0.2975391498881432,0.2923076923076923,0.8904761904761904,4,4
B,98,13,288,98,1.0,0.3402777777777778,0.3402777777777778,1.0,1,4
C,29,9,37,26,0.896551724137931,0.7027027027027027,0.65,0.8004926108374384,4,4
D,153,14,447,151,0.9869281045751634,0.3378076062639821,0.3363028953229399,0.974028207774338,2,4
E,186,13,288,186,1.0,0.6458333333333334,0.6458333333333334,1.0,1,4
F,327,14,447,161,0.4923547400611621,0.3601789709172259,0.2626427406199021,0.48042250614435,4,4
G,965,12,1123,961,0.9958549222797928,0.8557435440783615,0.8527062999112689,0.9917248941156236,4,4
A,141,12,153,138,0.9787234042553192,0.9019607843137256,0.8846153846153846,0.9578520770010132,3,5
B,98,10,214,98,1.0,0.4579439252336448,0.4579439252336448,1.0,1,5
C,29,14,20,20,0.6896551724137931,1.0,0.6896551724137931,0.5369458128078818,3,5
D,153,9,214,141,0.9215686274509804,0.6588785046728972,0.6238938053097345,0.8544891640866873,2,5
E,186,10,214,116,0.6236559139784946,0.5420560747663551,0.4084507042253521,0.5240337111304854,3,5
F,327,13,362,297,0.908256880733945,0.8204419889502762,0.7576530612244898,0.8300407121817602,4,5
G,965,11,938,913,0.9461139896373058,0.9733475479744136,0.9222222222222224,0.8978199643110528,3,5
A,141,0,178,138,0.9787234042553192,0.7752808988764045,0.7624309392265194,0.9578520770010132,3,6
B,98,6,54,54,0.5510204081632653,1.0,0.5510204081632653,0.5001051967178624,2,6
C,29,8,19,19,0.6551724137931034,1.0,0.6551724137931034,0.4926108374384236,3,6
D,153,5,455,150,0.9803921568627452,0.3296703296703296,0.3275109170305676,0.9611283109735124,3,6
E,186,9,242,185,0.9946236559139784,0.7644628099173554,0.7613168724279835,0.989247311827957,2,6
F,327,5,455,279,0.8532110091743119,0.6131868131868132,0.5546719681908548,0.7405864805538358,4,6
G,965,7,944,937,0.9709844559585492,0.9925847457627118,0.9639917695473252,0.943428718852794,4,6
A,141,2,135,133,0.9432624113475178,0.9851851851851852,0.93006993006993,0.890273556231003,4,7
B,98,0,114,98,1.0,0.8596491228070176,0.8596491228070176,1.0,1,7
C,29,7,32,26,0.896551724137931,0.8125,0.7428571428571429,0.8029556650246306,3,7
D,153,9,310,153,1.0,0.4935483870967742,0.4935483870967742,1.0,1,7
E,186,10,169,168,0.9032258064516128,0.9940828402366864,0.8983957219251337,0.822377215925603,3,7
F,327,8,259,161,0.4923547400611621,0.6216216216216216,0.3788235294117647,0.4551884580026641,5,7
G,965,11,880,868,0.8994818652849741,0.9863636363636364,0.8884339815762539,0.8185754520241653,3,7
A,141,4,142,138,0.9787234042553192,0.971830985915493,0.9517241379310344,0.9578520770010132,3,8
B,98,5,97,97,0.9897959183673468,1.0,0.9897959183673468,0.979591836734694,2,8
C,29,2,18,18,0.6206896551724138,1.0,0.6206896551724138,0.4482758620689655,4,8
D,153,6,334,149,0.9738562091503268,0.4461077844311377,0.4408284023668639,0.9487444100447197,2,8
E,186,7,192,184,0.989247311827957,0.9583333333333334,0.9484536082474226,0.9785527462946818,3,8
F,327,6,334,167,0.5107033639143731,0.5,0.3380566801619433,0.4811917224817545,4,8
G,965,9,1007,851,0.8818652849740932,0.8450844091360477,0.7591436217662801,0.7882032980027089,4,8
A,141,6,138,133,0.9432624113475178,0.9637681159420288,0.910958904109589,0.8904761904761904,4,9
B,98,4,115,98,1.0,0.8521739130434782,0.8521739130434782,1.0,1,9
C,29,10,33,25,0.8620689655172413,0.7575757575757576,0.6756756756756757,0.7438423645320197,3,9
D,153,8,503,150,0.9803921568627452,0.2982107355864811,0.2964426877470356,0.9613003095975232,2,9
E,186,1,176,169,0.9086021505376344,0.9602272727272728,0.8756476683937824,0.8330136588201105,2,9
F,327,8,503,314,0.9602446483180428,0.6242544731610338,0.6085271317829457,0.9224404795407216,4,9
G,965,9,936,928,0.9616580310880828,0.9914529914529916,0.9537512846865364,0.9261023799797906,3,9
A,141,7,139,137,0.9716312056737588,0.9856115107913668,0.958041958041958,0.9439716312056736,4,10
B,98,6,98,98,1.0,1.0,1.0,1.0,1,10
C,29,13,18,18,0.6206896551724138,1.0,0.6206896551724138,0.4482758620689655,4,10
D,153,8,175,139,0.9084967320261438,0.7942857142857143,0.7354497354497355,0.8298073615411077,3,10
E,186,3,188,184,0.989247311827957,0.9787234042553192,0.968421052631579,0.9785527462946818,3,10
F,327,5,178,158,0.4831804281345566,0.8876404494382022,0.4553314121037464,0.3661469766045665,5,10
G,965,12,1060,946,0.9803108808290156,0.8924528301886793,0.8767377201112141,0.9612538430116312,3,10
A,141,11,161,137,0.9716312056737588,0.8509316770186336,0.8303030303030303,0.9439716312056736,4,11
B,98,10,287,98,1.0,0.3414634146341463,0.3414634146341463,1.0,1,11
C,29,5,18,18,0.6206896551724138,1.0,0.6206896551724138,0.4482758620689655,4,11
D,153,8,269,150,0.9803921568627452,0.5576208178438662,0.5514705882352942,0.9613003095975232,2,11
E,186,10,287,182,0.978494623655914,0.6341463414634146,0.6254295532646048,0.9575123510607382,3,11
F,327,12,1160,195,0.5963302752293578,0.168103448275862,0.1509287925696594,0.47745820903923,5,11
G,965,12,1160,963,0.9979274611398964,0.8301724137931035,0.8287435456110155,0.9958570722163697,3,11
A,141,9,492,135,0.9574468085106383,0.274390243902439,0.2710843373493976,0.9174265450861196,3,12
B,98,10,214,98,1.0,0.4579439252336448,0.4579439252336448,1.0,1,12
C,29,12,1188,27,0.9310344827586208,0.0227272727272727,0.0226890756302521,0.8669950738916257,2,12
D,153,9,492,153,1.0,0.3109756097560975,0.3109756097560975,1.0,1,12
E,186,10,214,116,0.6236559139784946,0.5420560747663551,0.4084507042253521,0.5280441732054635,2,12
F,327,12,1188,192,0.5871559633027523,0.1616161616161616,0.1451247165532879,0.508714658261571,3,12
G,965,12,1188,964,0.998963730569948,0.8114478114478114,0.8107653490328006,0.9979274611398964,2,12
A,141,4,173,130,0.9219858156028368,0.7514450867052023,0.7065217391304348,0.8522796352583587,3,13
B,98,2,148,98,1.0,0.6621621621621622,0.6621621621621622,1.0,1,13
C,29,8,36,27,0.9310344827586208,0.75,0.7105263157894737,0.8645320197044335,3,13
D,153,9,331,153,1.0,0.4622356495468278,0.4622356495468278,1.0,1,13
E,186,7,131,129,0.6935483870967742,0.9847328244274808,0.6861702127659575,0.5522813135716361,3,13
F,327,9,331,164,0.5015290519877675,0.4954682779456193,0.3319838056680162,0.3943453218513724,4,13
G,965,3,1083,964,0.998963730569948,0.8901200369344414,0.8892988929889298,0.9979274611398964,2,13
A,141,6,195,135,0.9574468085106383,0.6923076923076923,0.6716417910447762,0.9174265450861196,3,14
B,98,4,250,68,0.6938775510204082,0.272,0.2428571428571428,0.570797391121397,2,14
C,29,10,40,29,1.0,0.725,0.725,1.0,1,14
D,153,7,388,151,0.9869281045751634,0.3891752577319587,0.3871794871794872,0.974028207774338,2,14
E,186,4,250,182,0.978494623655914,0.728,0.7165354330708661,0.9575123510607382,3,14
F,327,7,388,214,0.654434250764526,0.5515463917525774,0.4271457085828343,0.482411211797152,4,14
G,965,11,997,942,0.9761658031088084,0.9448345035105316,0.923529411764706,0.95320878034098,5,14
A,141,2,140,135,0.9574468085106383,0.9642857142857144,0.9246575342465754,0.9171225937183384,3,15
B,98,6,115,98,1.0,0.8521739130434782,0.8521739130434782,1.0,1,15
C,29,3,18,18,0.6206896551724138,1.0,0.6206896551724138,0.4876847290640394,3,15
D,153,11,186,151,0.9869281045751634,0.8118279569892473,0.8031914893617021,0.974028207774338,2,15
E,186,8,138,136,0.7311827956989247,0.9855072463768116,0.723404255319149,0.5721592560302238,3,15
F,327,10,344,310,0.9480122324159022,0.9011627906976744,0.8587257617728532,0.9000018761374083,3,15
G,965,4,961,935,0.9689119170984456,0.9729448491155048,0.9434914228052472,0.9396942790187688,2,15
A,141,4,132,124,0.8794326241134752,0.9393939393939394,0.8322147651006712,0.7797365754812563,3,16
B,98,10,246,98,1.0,0.3983739837398374,0.3983739837398374,1.0,1,16
C,29,7,18,18,0.6206896551724138,1.0,0.6206896551724138,0.4482758620689655,4,16
D,153,8,337,153,1.0,0.4540059347181009,0.4540059347181009,1.0,1,16
E,186,10,246,148,0.7956989247311828,0.6016260162601627,0.5211267605633803,0.6635280441732054,3,16
F,327,11,1142,176,0.5382262996941896,0.1541155866900175,0.1361175560711523,0.469503386428022,4,16
G,965,11,1142,964,0.998963730569948,0.8441330998248686,0.8433945756780402,0.9979274611398964,2,16
A,141,3,125,123,0.8723404255319149,0.984,0.8601398601398601,0.7700101317122594,3,17
B,98,10,116,98,1.0,0.8448275862068966,0.8448275862068966,1.0,1,17
C,29,7,17,17,0.5862068965517241,1.0,0.5862068965517241,0.4088669950738916,4,17
D,153,11,480,153,1.0,0.31875,0.31875,1.0,1,17
E,186,1,169,167,0.8978494623655914,0.9881656804733728,0.8882978723404256,0.81453065969195,3,17
F,327,11,480,293,0.8960244648318043,0.6104166666666667,0.5700389105058365,0.8102287011500723,5,17
G,965,8,977,945,0.9792746113989638,0.9672466734902764,0.9478435305917752,0.9592888009803712,3,17
A,141,5,145,135,0.9574468085106383,0.9310344827586208,0.8940397350993378,0.9174265450861196,3,18
B,98,9,114,98,1.0,0.8596491228070176,0.8596491228070176,1.0,1,18
C,29,11,17,17,0.5862068965517241,1.0,0.5862068965517241,0.4113300492610837,4,18
D,153,7,306,150,0.9803921568627452,0.4901960784313725,0.4854368932038835,0.9613003095975232,2,18
E,186,12,171,167,0.8978494623655914,0.9766081871345028,0.8789473684210526,0.8126707352513804,4,18
F,327,13,1130,163,0.4984709480122324,0.1442477876106194,0.1259659969088098,0.4637436445845294,4,18
G,965,13,1130,963,0.9979274611398964,0.852212389380531,0.8507067137809188,0.9958570722163697,3,18
A,141,12,470,137,0.9716312056737588,0.2914893617021276,0.2890295358649789,0.9440729483282676,3,19
B,98,11,285,98,1.0,0.343859649122807,0.343859649122807,1.0,1,19
C,29,2,20,18,0.6206896551724138,0.9,0.5806451612903226,0.4679802955665024,3,19
D,153,12,470,153,1.0,0.325531914893617,0.325531914893617,1.0,1,19
E,186,11,285,185,0.9946236559139784,0.6491228070175439,0.6468531468531469,0.989247311827957,2,19
F,327,12,470,179,0.5474006116207951,0.3808510638297872,0.2896440129449838,0.4974953565599144,3,19
G,965,10,1120,964,0.998963730569948,0.8607142857142858,0.8599464763603925,0.9979274611398964,2,19
A,141,13,145,132,0.9361702127659576,0.9103448275862068,0.8571428571428571,0.8772036474164133,4,20
B,98,6,162,98,1.0,0.6049382716049383,0.6049382716049383,1.0,1,20
C,29,8,17,17,0.5862068965517241,1.0,0.5862068965517241,0.4310344827586206,3,20
D,153,5,152,148,0.9673202614379084,0.9736842105263158,0.9426751592356688,0.936016511867905,3,20
E,186,7,135,121,0.6505376344086021,0.8962962962962963,0.605,0.5391455972101133,3,20
F,327,12,549,302,0.9235474006116208,0.5500910746812386,0.5261324041811847,0.8544117371156263,5,20
G,965,10,607,604,0.6259067357512953,0.9950576606260296,0.6239669421487604,0.469571947627545,3,20
A,141,4,144,134,0.950354609929078,0.9305555555555556,0.8874172185430463,0.9034447821681864,5,21
B,98,2,98,98,1.0,1.0,1.0,1.0,1,21
C,29,10,17,17,0.5862068965517241,1.0,0.5862068965517241,0.4064039408866995,5,21
D,153,11,153,148,0.9673202614379084,0.9673202614379084,0.9367088607594936,0.935844513243894,3,21
E,186,8,190,185,0.9946236559139784,0.9736842105263158,0.9685863874345548,0.989247311827957,2,21
F,327,7,315,302,0.9235474006116208,0.9587301587301588,0.888235294117647,0.8546931577268719,5,21
G,965,9,846,832,0.8621761658031089,0.983451536643026,0.849846782431052,0.7596972889299766,3,21
A,141,11,571,140,0.9929078014184396,0.2451838879159369,0.2447552447552447,0.9858156028368794,2,22
B,98,12,214,98,1.0,0.4579439252336448,0.4579439252336448,1.0,1,22
C,29,3,19,19,0.6551724137931034,1.0,0.6551724137931034,0.4556650246305418,4,22
D,153,11,571,153,1.0,0.2679509632224168,0.2679509632224168,1.0,1,22
E,186,12,214,116,0.6236559139784946,0.5420560747663551,0.4084507042253521,0.5280441732054635,2,22
F,327,11,571,188,0.5749235474006116,0.329246935201401,0.2647887323943662,0.5045871559633027,3,22
G,965,10,1090,947,0.9813471502590674,0.8688073394495412,0.8546931407942239,0.9633156321888504,3,22
A,141,10,134,130,0.9219858156028368,0.9701492537313432,0.896551724137931,0.8509625126646403,5,23
B,98,6,286,98,1.0,0.3426573426573426,0.3426573426573426,1.0,1,23
C,29,5,51,26,0.896551724137931,0.5098039215686274,0.4814814814814814,0.8029556650246306,3,23
D,153,9,485,153,1.0,0.3154639175257732,0.3154639175257732,1.0,1,23
E,186,6,286,185,0.9946236559139784,0.6468531468531469,0.6445993031358885,0.989247311827957,2,23
F,327,9,485,302,0.9235474006116208,0.622680412371134,0.592156862745098,0.8554998968124425,4,23
G,965,8,943,937,0.9709844559585492,0.9936373276776246,0.964984552008239,0.9434330187259476,3,23
A,141,6,1864,132,0.9361702127659576,0.0708154506437768,0.0704751735184196,0.8788247213779129,3,24
B,98,6,1864,97,0.9897959183673468,0.052038626609442,0.0520107238605898,0.979591836734694,2,24
C,29,6,1864,20,0.6896551724137931,0.0107296137339055,0.0106780565936999,0.5123152709359606,3,24
D,153,6,1864,152,0.9934640522875816,0.0815450643776824,0.0815013404825737,0.9869281045751634,2,24
E,186,6,1864,186,1.0,0.0997854077253218,0.0997854077253218,1.0,1,24
F,327,6,1864,318,0.9724770642201837,0.1706008583690987,0.1697810998398291,0.9461548563816814,3,24
G,965,6,1864,959,0.9937823834196892,0.5144849785407726,0.5128342245989305,0.9876185152538,3,24
A,141,10,147,132,0.9361702127659576,0.8979591836734694,0.8461538461538461,0.8772036474164133,4,25
B,98,0,114,98,1.0,0.8596491228070176,0.8596491228070176,1.0,1,25
C,29,4,17,17,0.5862068965517241,1.0,0.5862068965517241,0.4261083743842364,4,25
D,153,1,167,148,0.9673202614379084,0.8862275449101796,0.8604651162790697,0.936016511867905,3,25
E,186,7,178,170,0.913978494623656,0.9550561797752808,0.8762886597938144,0.8419064225515839,2,25
F,327,8,329,284,0.8685015290519877,0.8632218844984803,0.7634408602150538,0.7594041387591227,5,25
G,965,9,795,791,0.8196891191709844,0.9949685534591196,0.8163054695562435,0.6922860275621869,4,25
A,141,6,138,130,0.9219858156028368,0.9420289855072465,0.87248322147651,0.8524822695035461,4,26
B,98,1,150,98,1.0,0.6533333333333333,0.6533333333333333,1.0,1,26
C,29,8,17,17,0.5862068965517241,1.0,0.5862068965517241,0.4088669950738916,4,26
D,153,3,147,146,0.954248366013072,0.9931972789115646,0.948051948051948,0.9110767113863087,3,26
E,186,9,143,133,0.7150537634408602,0.93006993006993,0.6785714285714286,0.5872711421098518,3,26
F,327,5,415,306,0.9357798165137616,0.7373493975903614,0.7018348623853211,0.8770754770079361,4,26
G,965,7,891,877,0.9088082901554404,0.9842873176206508,0.8958120531154239,0.8340764947434051,2,26
A,141,2,172,138,0.9787234042553192,0.8023255813953488,0.7885714285714286,0.9578520770010132,3,27
B,98,1,115,98,1.0,0.8521739130434782,0.8521739130434782,1.0,1,27
C,29,6,18,18,0.6206896551724138,1.0,0.6206896551724138,0.4162561576354679,4,27
D,153,11,260,151,0.9869281045751634,0.5807692307692308,0.5763358778625954,0.974028207774338,2,27
E,186,4,172,168,0.9032258064516128,0.9767441860465116,0.8842105263157894,0.82324905550712,3,27
F,327,8,644,191,0.5840978593272171,0.296583850931677,0.2448717948717948,0.4529933772349487,3,27
G,965,7,519,516,0.5347150259067357,0.9942196531791908,0.5330578512396694,0.4999699008879238,4,27
A,141,4,137,128,0.9078014184397164,0.9343065693430656,0.8533333333333334,0.8291793313069908,3,28
B,98,6,211,98,1.0,0.4644549763033175,0.4644549763033175,1.0,1,28
C,29,1,21,19,0.6551724137931034,0.9047619047619048,0.6129032258064516,0.4926108374384236,3,28
D,153,9,323,150,0.9803921568627452,0.4643962848297213,0.4601226993865031,0.9613003095975232,2,28
E,186,6,211,113,0.6075268817204301,0.5355450236966824,0.397887323943662,0.5122348154606219,4,28
F,327,9,323,160,0.4892966360856269,0.4953560371517028,0.3265306122448979,0.4748316166676047,3,28
G,965,10,692,525,0.5440414507772021,0.7586705202312138,0.4637809187279152,0.4996065616064326,4,28
A,141,10,128,125,0.8865248226950354,0.9765625,0.8680555555555556,0.7899696048632219,4,29
B,98,7,98,98,1.0,1.0,1.0,1.0,1,29
C,29,8,18,18,0.6206896551724138,1.0,0.6206896551724138,0.4876847290640394,3,29
D,153,9,397,151,0.9869281045751634,0.380352644836272,0.3784461152882205,0.974028207774338,2,29
E,186,3,191,186,1.0,0.9738219895287958,0.9738219895287958,1.0,1,29
F,327,9,397,224,0.6850152905198776,0.5642317380352645,0.448,0.5596517888970188,4,29
G,965,5,1053,953,0.9875647668393782,0.9050332383665716,0.8948356807511737,0.9753896760045578,3,29
A,141,12,457,125,0.8865248226950354,0.2735229759299781,0.2642706131078224,0.7917933130699089,3,30
B,98,11,219,98,1.0,0.4474885844748858,0.4474885844748858,1.0,1,30
C,29,2,17,17,0.5862068965517241,1.0,0.5862068965517241,0.4482758620689655,3,30
D,153,12,457,152,0.9934640522875816,0.3326039387308533,0.3318777292576419,0.9869281045751634,2,30
E,186,11,219,120,0.6451612903225806,0.547945205479452,0.4210526315789473,0.5396687009590235,2,30
F,327,10,1187,207,0.6330275229357798,0.1743892165122156,0.1583779648048967,0.5189396071368267,4,30
G,965,10,1187,964,0.998963730569948,0.8121314237573716,0.8114478114478114,0.9979274611398964,2,30
A,141,0,164,139,0.9858156028368794,0.8475609756097561,0.8373493975903614,0.9717325227963526,3,31
B,98,5,113,97,0.9897959183673468,0.8584070796460177,0.8508771929824561,0.979591836734694,2,31
C,29,3,28,27,0.9310344827586208,0.9642857142857144,0.9,0.8669950738916257,2,31
D,153,1,160,152,0.9934640522875816,0.95,0.9440993788819876,0.9869281045751634,2,31
E,186,7,173,169,0.9086021505376344,0.976878612716763,0.8894736842105263,0.8320836965998256,3,31
F,327,8,1226,259,0.7920489296636085,0.2112561174551386,0.2001545595054095,0.6446783362413463,4,31
G,965,8,1226,963,0.9979274611398964,0.7854812398042414,0.7842019543973942,0.9958570722163697,3,31
A,141,11,157,137,0.9716312056737588,0.8726114649681529,0.8509316770186336,0.9440729483282676,3,32
B,98,7,285,98,1.0,0.343859649122807,0.343859649122807,1.0,1,32
C,29,14,18,18,0.6206896551724138,1.0,0.6206896551724138,0.4655172413793103,4,32
D,153,9,519,152,0.9934640522875816,0.2928709055876686,0.2923076923076923,0.9869281045751634,2,32
E,186,7,285,184,0.989247311827957,0.6456140350877193,0.6411149825783972,0.9786108689334496,2,32
F,327,9,519,309,0.944954128440367,0.5953757225433526,0.5754189944134078,0.8941295660494175,3,32
G,965,10,921,911,0.944041450777202,0.98914223669924,0.9343589743589744,0.8940124266334143,3,32
A,141,1,128,124,0.8794326241134752,0.96875,0.8551724137931035,0.7811550151975684,3,33
B,98,4,99,98,1.0,0.98989898989899,0.98989898989899,1.0,1,33
C,29,12,33,26,0.896551724137931,0.7878787878787878,0.7222222222222222,0.8078817733990148,2,33
D,153,10,391,153,1.0,0.391304347826087,0.391304347826087,1.0,1,33
E,186,9,121,121,0.6505376344086021,1.0,0.6505376344086021,0.5391455972101133,3,33
F,327,8,654,161,0.4923547400611621,0.246177370030581,0.1963414634146341,0.48042250614435,4,33
G,965,8,654,492,0.5098445595854922,0.7522935779816514,0.4365572315882874,0.4986605895126094,3,33
A,141,5,432,127,0.900709219858156,0.2939814814814814,0.2847533632286995,0.8134751773049645,5,34
B,98,9,299,98,1.0,0.3277591973244147,0.3277591973244147,1.0,1,34
C,29,12,18,18,0.6206896551724138,1.0,0.6206896551724138,0.4482758620689655,4,34
D,153,4,145,138,0.9019607843137256,0.9517241379310344,0.8625,0.8197454420364637,3,34
E,186,9,299,186,1.0,0.6220735785953178,0.6220735785953178,1.0,1,34
F,327,5,432,295,0.9021406727828746,0.6828703703703703,0.6357758620689655,0.8176206825387892,4,34
G,965,10,865,845,0.8756476683937824,0.976878612716763,0.8578680203045685,0.7800550383763679,4,34
A,141,3,172,132,0.9361702127659576,0.7674418604651163,0.7292817679558011,0.8776089159067882,4,35
B,98,13,114,98,1.0,0.8596491228070176,0.8596491228070176,1.0,1,35
C,29,10,40,28,0.9655172413793104,0.7,0.6829268292682927,0.9310344827586208,2,35
D,153,11,319,150,0.9803921568627452,0.4702194357366771,0.4658385093167702,0.9613003095975232,2,35
E,186,6,173,169,0.9086021505376344,0.976878612716763,0.8894736842105263,0.8320836965998256,3,35
F,327,11,319,165,0.5045871559633027,0.5172413793103449,0.343035343035343,0.3959775613965967,4,35
G,965,12,1081,963,0.9979274611398964,0.8908418131359852,0.889196675900277,0.9958570722163697,3,35
A,141,1,136,134,0.950354609929078,0.9852941176470588,0.9370629370629372,0.903951367781155,3,36
B,98,11,288,98,1.0,0.3402777777777778,0.3402777777777778,1.0,1,36
C,29,14,33,26,0.896551724137931,0.7878787878787878,0.7222222222222222,0.8078817733990148,2,36
D,153,2,150,141,0.9215686274509804,0.94,0.8703703703703703,0.8521671826625387,3,36
E,186,11,288,185,0.9946236559139784,0.6423611111111112,0.6401384083044983,0.989247311827957,2,36
F,327,13,1156,191,0.5840978593272171,0.1652249134948097,0.1478328173374613,0.486369861728673,5,36
G,965,13,1156,962,0.9968911917098444,0.8321799307958477,0.8300258843830889,0.9937888332294196,4,36
A,141,13,448,140,0.9929078014184396,0.3125,0.311804008908686,0.9858156028368794,2,37
B,98,11,282,98,1.0,0.3475177304964539,0.3475177304964539,1.0,1,37
C,29,3,18,18,0.6206896551724138,1.0,0.6206896551724138,0.4236453201970443,4,37
D,153,13,448,153,1.0,0.3415178571428571,0.3415178571428571,1.0,1,37
E,186,11,282,184,0.989247311827957,0.6524822695035462,0.647887323943662,0.9786108689334496,2,37
F,327,12,1147,177,0.5412844036697247,0.1543156059285091,0.1364687740940632,0.4963321513667661,3,37
G,965,12,1147,963,0.9979274611398964,0.8395815170008718,0.8381201044386423,0.9958570722163697,3,37
A,141,10,319,137,0.9716312056737588,0.4294670846394984,0.4241486068111455,0.9439716312056736,4,38
B,98,1,114,98,1.0,0.8596491228070176,0.8596491228070176,1.0,1,38
C,29,7,29,27,0.9310344827586208,0.9310344827586208,0.8709677419354839,0.8669950738916257,2,38
D,153,8,200,150,0.9803921568627452,0.75,0.7389162561576355,0.9611283109735124,3,38
E,186,5,177,169,0.9086021505376344,0.9548022598870056,0.8711340206185567,0.8320836965998256,3,38
F,327,10,319,179,0.5474006116207951,0.5611285266457681,0.3832976445396145,0.4074595223354158,4,38
G,965,9,1059,961,0.9958549222797928,0.9074598677998112,0.9040451552210724,0.9917248941156236,4,38
A,141,11,1877,132,0.9361702127659576,0.0703249866808737,0.0699893955461293,0.8788247213779129,3,39
B,98,11,1877,96,0.979591836734694,0.0511454448588172,0.0510910058541777,0.9596044603408374,2,39
C,29,11,1877,25,0.8620689655172413,0.0133191262653169,0.0132908027644869,0.7463054187192119,3,39
D,153,11,1877,152,0.9934640522875816,0.0809802876931273,0.080937167199148,0.9869281045751634,2,39
E,186,11,1877,186,1.0,0.0990942994139584,0.0990942994139584,1.0,1,39
F,327,11,1877,323,0.9877675840978594,0.1720831113478955,0.1717171717171717,0.975685259188383,3,39
G,965,11,1877,962,0.9968911917098444,0.512519978689398,0.5117021276595745,0.9937909831659966,3,39
A,141,8,135,126,0.8936170212765957,0.9333333333333332,0.84,0.8085106382978723,2,40
B,98,7,114,98,1.0,0.8596491228070176,0.8596491228070176,1.0,1,40
C,29,5,22,21,0.7241379310344828,0.9545454545454546,0.7,0.5541871921182266,4,40
D,153,10,469,152,0.9934640522875816,0.32409381663113,0.3234042553191489,0.9869281045751634,2,40
E,186,2,168,165,0.8870967741935484,0.9821428571428572,0.873015873015873,0.7937227550130775,4,40
F,327,10,469,268,0.8195718654434251,0.5714285714285714,0.5075757575757576,0.6956905123731262,3,40
G,965,9,994,935,0.9689119170984456,0.9406438631790744,0.9130859375,0.9395717326338872,4,40
A,141,14,479,140,0.9929078014184396,0.2922755741127348,0.2916666666666667,0.9858156028368794,2,41
B,98,13,278,98,1.0,0.3525179856115107,0.3525179856115107,1.0,1,41
C,29,14,479,17,0.5862068965517241,0.0354906054279749,0.0346232179226069,0.4704433497536945,3,41
D,153,14,479,150,0.9803921568627452,0.313152400835073,0.3112033195020747,0.9613003095975232,2,41
E,186,13,278,177,0.9516129032258064,0.6366906474820144,0.6167247386759582,0.9074106364428944,2,41
F,327,14,479,163,0.4984709480122324,0.3402922755741127,0.2534992223950233,0.4805350743888482,4,41
G,965,12,1134,964,0.998963730569948,0.8500881834215167,0.8493392070484581,0.9979274611398964,2,41
A,141,4,124,120,0.851063829787234,0.967741935483871,0.8275862068965517,0.739209726443769,3,42
B,98,1,204,98,1.0,0.4803921568627451,0.4803921568627451,1.0,1,42
C,29,8,18,18,0.6206896551724138,1.0,0.6206896551724138,0.4482758620689655,4,42
D,153,7,240,151,0.9869281045751634,0.6291666666666667,0.6239669421487604,0.9739422084623324,3,42
E,186,1,204,105,0.5645161290322581,0.5147058823529411,0.3684210526315789,0.5010171461784365,3,42
F,327,6,330,288,0.8807339449541285,0.8727272727272727,0.7804878048780488,0.7843192435413969,4,42
G,965,9,878,845,0.8756476683937824,0.9624145785876992,0.8466933867735471,0.7776965579515405,3,42
A,141,2,148,140,0.9929078014184396,0.945945945945946,0.9395973154362416,0.9858156028368794,2,43
B,98,5,114,98,1.0,0.8596491228070176,0.8596491228070176,1.0,1,43
C,29,6,33,28,0.9655172413793104,0.8484848484848485,0.8235294117647058,0.9310344827586208,2,43
D,153,9,345,150,0.9803921568627452,0.4347826086956521,0.4310344827586206,0.9611283109735124,3,43
E,186,10,170,167,0.8978494623655914,0.9823529411764704,0.8835978835978836,0.8126707352513804,4,43
F,327,9,345,176,0.5382262996941896,0.5101449275362319,0.3548387096774194,0.4797095739291945,4,43
G,965,8,1091,946,0.9803108808290156,0.8670944087992667,0.8522522522522522,0.961221593962978,4,43
A,141,7,152,140,0.9929078014184396,0.9210526315789472,0.915032679738562,0.9858156028368794,2,44
B,98,3,114,98,1.0,0.8596491228070176,0.8596491228070176,1.0,1,44
C,29,12,19,19,0.6551724137931034,1.0,0.6551724137931034,0.4926108374384236,3,44
D,153,9,289,152,0.9934640522875816,0.5259515570934256,0.5241379310344828,0.9869281045751634,2,44
E,186,8,182,168,0.9032258064516128,0.9230769230769232,0.84,0.822377215925603,3,44
F,327,10,674,171,0.5229357798165137,0.2537091988130563,0.2060240963855421,0.4396540402619088,4,44
G,965,10,674,494,0.5119170984455959,0.7329376854599406,0.4314410480349345,0.4987551867219917,3,44
A,141,4,137,92,0.6524822695035462,0.6715328467153284,0.4946236559139785,0.5124620060790274,4,45
B,98,6,96,81,0.826530612244898,0.84375,0.7168141592920354,0.7102882390069429,2,45
C,29,10,17,17,0.5862068965517241,1.0,0.5862068965517241,0.4261083743842364,4,45
D,153,9,211,151,0.9869281045751634,0.7156398104265402,0.7089201877934272,0.974028207774338,2,45
E,186,8,181,163,0.8763440860215054,0.9005524861878453,0.7990196078431373,0.7747166521360069,4,45
F,327,12,957,116,0.3547400611620795,0.1212121212121212,0.0993150684931506,0.2843098628543554,5,45
G,965,12,957,839,0.8694300518134715,0.8766980146290491,0.7746999076638966,0.7724528626405521,3,45
A,141,12,151,137,0.9716312056737588,0.9072847682119204,0.8838709677419355,0.9440729483282676,3,46
B,98,7,206,98,1.0,0.4757281553398058,0.4757281553398058,1.0,1,46
C,29,8,20,20,0.6896551724137931,1.0,0.6896551724137931,0.5369458128078818,3,46
D,153,10,242,152,0.9934640522875816,0.628099173553719,0.6255144032921811,0.9869281045751634,2,46
E,186,7,206,108,0.5806451612903226,0.5242718446601942,0.380281690140845,0.5058994478349317,3,46
F,327,11,606,312,0.9541284403669724,0.5148514851485149,0.5024154589371981,0.9113712688317293,3,46
G,965,9,676,675,0.6994818652849741,0.9985207100591716,0.6987577639751553,0.5785285834067895,3,46
A,141,11,664,140,0.9929078014184396,0.2108433734939759,0.2105263157894736,0.9858156028368794,2,47
B,98,12,283,98,1.0,0.3462897526501767,0.3462897526501767,1.0,1,47
C,29,11,664,27,0.9310344827586208,0.0406626506024096,0.0405405405405405,0.8669950738916257,2,47
D,153,11,664,151,0.9869281045751634,0.2274096385542168,0.2267267267267267,0.974028207774338,2,47
E,186,12,283,183,0.9838709677419356,0.6466431095406361,0.6398601398601399,0.9680906713164776,2,47
F,327,11,664,317,0.9694189602446484,0.4774096385542168,0.4703264094955489,0.9402262621714416,3,47
G,965,14,949,938,0.9720207253886012,0.98840885142255,0.9610655737704918,0.9454948079031668,3,47
A,141,10,170,123,0.8723404255319149,0.7235294117647059,0.6542553191489362,0.7668693009118541,4,48
B,98,8,252,57,0.5816326530612245,0.2261904761904762,0.1945392491467577,0.5083105407111298,2,48
C,29,6,18,18,0.6206896551724138,1.0,0.6206896551724138,0.4236453201970443,4,48
D,153,3,320,149,0.9738562091503268,0.465625,0.4598765432098765,0.9487444100447197,2,48
E,186,8,252,186,1.0,0.7380952380952381,0.7380952380952381,1.0,1,48
F,327,3,320,151,0.4617737003058104,0.471875,0.3044354838709677,0.3796926886925198,5,48
G,965,9,1087,954,0.98860103626943,0.8776448942042319,0.8688524590163934,0.9773826672113172,4,48
A,141,3,191,138,0.9787234042553192,0.7225130890052356,0.711340206185567,0.9580547112462006,2,49
B,98,1,115,98,1.0,0.8521739130434782,0.8521739130434782,1.0,1,49
C,29,6,26,25,0.8620689655172413,0.9615384615384616,0.8333333333333334,0.7463054187192119,3,49
D,153,4,422,153,1.0,0.3625592417061611,0.3625592417061611,1.0,1,49
E,186,10,168,167,0.8978494623655914,0.9940476190476192,0.893048128342246,0.8136006974716652,3,49
F,327,4,422,250,0.764525993883792,0.5924170616113744,0.501002004008016,0.6134969325153374,4,49
G,965,5,968,940,0.9740932642487048,0.9710743801652892,0.94662638469285,0.9490787521768108,5,49
