panel_index,municipality,reference_profile,consensus_class,second_class,affinity_share_B,affinity_share_E,B_E_balance,B_E_transition_direction,family_votes_B_over_E,family_votes_E_over_B,lofo_class_match_count,anchor_consensus_class,affinity_entropy,affinity_margin
193,Всеволожский муниципальный район,E,E,B,0.32923493636748774,0.6210593832450767,-0.3070884891709823,E-leaning,1,3,4,E,0.45522982111944227,0.29182444687758896
195,Выборгский муниципальный район,E,E,B,0.26995818995015103,0.49032005807444506,-0.28984371011120263,E-leaning,1,3,4,E,0.6798681889489531,0.22036186812429404
207,Гатчинский муниципальный район,E,E,B,0.26995818995015103,0.49032005807444506,-0.28984371011120263,E-leaning,1,3,4,E,0.6798681889489531,0.22036186812429404
504,Ломоносовский муниципальный район,E,E,B,0.299607285875461,0.5992593835216613,-0.3333665690899181,E-leaning,1,3,4,E,0.5310327098006474,0.2996520976462003
507,Лужский муниципальный район,E,E,B,0.26426979332544875,0.47908368771533844,-0.2889794692144625,E-leaning,1,3,4,E,0.6961191730126262,0.21481389438988968
738,Псковский муниципальный район,E,E,B,0.299607285875461,0.5992593835216613,-0.3333665690899181,E-leaning,1,3,4,E,0.5310327098006474,0.2996520976462003
868,Тахтамукайский муниципальный район,E,E,B,0.2929677003069943,0.5861918501201306,-0.33352779898788365,E-leaning,1,3,4,E,0.5556282149508186,0.2932241498131363
898,Тосненский муниципальный район,E,E,B,0.26995818995015103,0.49032005807444506,-0.28984371011120263,E-leaning,1,3,4,E,0.6798681889489531,0.22036186812429404
1090,внутригородская территория города федерального значения  Александровский муниципальный округ,E,B,E,0.5191077841607395,0.43975745495777796,0.08275441215901012,B-leaning,4,0,4,B,0.46105357222337534,0.07935032920296159
1091,внутригородская территория города федерального значения город Зеленогорск,E,E,B,0.30354673942618465,0.6041894744090379,-0.3312005518790811,E-leaning,1,3,4,E,0.5198074247914846,0.30064273498285327
1093,внутригородская территория города федерального значения город Красное Село,E,E,B,0.299607285875461,0.5992593835216613,-0.3333665690899181,E-leaning,1,3,4,E,0.5310327098006474,0.2996520976462003
1094,внутригородская территория города федерального значения город Кронштадт,E,E,B,0.299607285875461,0.5992593835216613,-0.3333665690899181,E-leaning,1,3,4,E,0.5310327098006474,0.2996520976462003
1095,внутригородская территория города федерального значения город Ломоносов,E,E,B,0.299607285875461,0.5992593835216613,-0.3333665690899181,E-leaning,1,3,4,E,0.5310327098006474,0.2996520976462003
1096,внутригородская территория города федерального значения город Павловск,E,E,B,0.30354673942618465,0.6041894744090379,-0.3312005518790811,E-leaning,1,3,4,E,0.5198074247914846,0.30064273498285327
1097,внутригородская территория города федерального значения город Петергоф,E,E,B,0.3270426837512482,0.6229154649540969,-0.31145875384729355,E-leaning,1,3,4,E,0.4551872276570794,0.2958727812028487
1098,внутригородская территория города федерального значения город Пушкин,E,E,B,0.4047975159789998,0.5504723827742983,-0.15249602964085396,E-leaning,1,3,4,E,0.4635691747108482,0.1456748667952985
1099,внутригородская территория города федерального значения город Сестрорецк,E,E,B,0.4047975159789998,0.5504723827742983,-0.15249602964085396,E-leaning,1,3,4,E,0.4635691747108482,0.1456748667952985
1100,внутригородская территория города федерального значения городской округ Троицк,E,E,B,0.30354673942618465,0.6041894744090379,-0.3312005518790811,E-leaning,1,3,4,E,0.5198074247914846,0.30064273498285327
1101,внутригородская территория города федерального значения городской округ Щербинка,E,E,B,0.30354673942618465,0.6041894744090379,-0.3312005518790811,E-leaning,1,3,4,E,0.5198074247914846,0.30064273498285327
1102,внутригородская территория города федерального значения муниципальное образование Савелки,E,E,B,0.4288103351889823,0.5305542706861511,-0.10605345962743526,E-leaning,1,3,4,E,0.45898222652959253,0.10174393549716881
1103,внутригородская территория города федерального значения муниципальный округ Автово,E,E,B,0.32923493636748774,0.6210593832450767,-0.3070884891709823,E-leaning,1,3,4,E,0.45522982111944227,0.29182444687758896
1104,внутригородская территория города федерального значения муниципальный округ Адмиралтейский округ,B,B,E,0.6409063879400063,0.32430078072436624,0.328018292335883,B-leaning,4,0,4,B,0.4226353096457766,0.3166056072156401
1105,внутригородская территория города федерального значения муниципальный округ Академический,B,B,E,0.6468346709265598,0.3182921346219576,0.3404138548590817,B-leaning,4,0,4,B,0.4206902401057257,0.3285425363046022
1106,внутригородская территория города федерального значения муниципальный округ Академическое,E,B,E,0.5191077841607395,0.43975745495777796,0.08275441215901012,B-leaning,4,0,4,B,0.46105357222337534,0.07935032920296159
1107,внутригородская территория города федерального значения муниципальный округ Алексеевский,B,B,E,0.6452180586783532,0.3200649421501972,0.33684744914088505,B-leaning,4,0,4,B,0.4209705747608935,0.32515311652815604
1108,внутригородская территория города федерального значения муниципальный округ Алтуфьевский,E,E,B,0.3287705980129189,0.6172661273032193,-0.30495172287724187,E-leaning,1,3,4,E,0.46275574711842815,0.28849552929030037
1109,внутригородская территория города федерального значения муниципальный округ Аптекарский остров,B,B,E,0.6468346709265598,0.3182921346219576,0.3404138548590817,B-leaning,4,0,4,B,0.4206902401057257,0.3285425363046022
1110,внутригородская территория города федерального значения муниципальный округ Арбат,B,B,E,0.6468346709265598,0.3182921346219576,0.3404138548590817,B-leaning,4,0,4,B,0.4206902401057257,0.3285425363046022
1111,внутригородская территория города федерального значения муниципальный округ Аэропорт,B,B,E,0.6468346709265598,0.3182921346219576,0.3404138548590817,B-leaning,4,0,4,B,0.4206902401057257,0.3285425363046022
1112,внутригородская территория города федерального значения муниципальный округ Бабушкинский,E,E,B,0.41343649555601647,0.5456595691019657,-0.13786217921048455,E-leaning,1,3,4,E,0.45760717484497515,0.1322230735459492
1113,внутригородская территория города федерального значения муниципальный округ Балканский,E,E,B,0.32923493636748774,0.6210593832450767,-0.3070884891709823,E-leaning,1,3,4,E,0.45522982111944227,0.29182444687758896
1114,внутригородская территория города федерального значения муниципальный округ Басманный,B,B,E,0.6468346709265598,0.3182921346219576,0.3404138548590817,B-leaning,4,0,4,B,0.4206902401057257,0.3285425363046022
1115,внутригородская территория города федерального значения муниципальный округ Беговой,B,B,E,0.6468346709265598,0.3182921346219576,0.3404138548590817,B-leaning,4,0,4,B,0.4206902401057257,0.3285425363046022
1116,внутригородская территория города федерального значения муниципальный округ Бескудниковский,E,E,B,0.41343649555601647,0.5456595691019657,-0.13786217921048455,E-leaning,1,3,4,E,0.45760717484497515,0.1322230735459492
1117,внутригородская территория города федерального значения муниципальный округ Бибирево,E,E,B,0.3287705980129189,0.6172661273032193,-0.30495172287724187,E-leaning,1,3,4,E,0.46275574711842815,0.28849552929030037
1118,внутригородская территория города федерального значения муниципальный округ Бирюлево Восточное,E,E,B,0.30494040926149146,0.6080743852531909,-0.33201430887309097,E-leaning,1,3,4,E,0.5120211620528349,0.30313397599169944
1119,внутригородская территория города федерального значения муниципальный округ Бирюлево Западное,E,E,B,0.299607285875461,0.5992593835216613,-0.3333665690899181,E-leaning,1,3,4,E,0.5310327098006474,0.2996520976462003
1120,внутригородская территория города федерального значения муниципальный округ Богородское,E,E,B,0.41343649555601647,0.5456595691019657,-0.13786217921048455,E-leaning,1,3,4,E,0.45760717484497515,0.1322230735459492
1121,внутригородская территория города федерального значения муниципальный округ Большая Охта,E,B,E,0.5191077841607395,0.43975745495777796,0.08275441215901012,B-leaning,4,0,4,B,0.46105357222337534,0.07935032920296159
1122,внутригородская территория города федерального значения муниципальный округ Братеево,E,E,B,0.3287705980129189,0.6172661273032193,-0.30495172287724187,E-leaning,1,3,4,E,0.46275574711842815,0.28849552929030037
1123,внутригородская территория города федерального значения муниципальный округ Бутырский,B,B,E,0.6409063879400063,0.32430078072436624,0.328018292335883,B-leaning,4,0,4,B,0.4226353096457766,0.3166056072156401
1124,внутригородская территория города федерального значения муниципальный округ Васильевский,B,B,E,0.6409063879400063,0.32430078072436624,0.328018292335883,B-leaning,4,0,4,B,0.4226353096457766,0.3166056072156401
1125,внутригородская территория города федерального значения муниципальный округ Введенский,B,B,E,0.6409063879400063,0.32430078072436624,0.328018292335883,B-leaning,4,0,4,B,0.4226353096457766,0.3166056072156401
1126,внутригородская территория города федерального значения муниципальный округ Вешняки,E,E,B,0.32923493636748774,0.6210593832450767,-0.3070884891709823,E-leaning,1,3,4,E,0.45522982111944227,0.29182444687758896
1127,внутригородская территория города федерального значения муниципальный округ Владимирский округ,B,B,E,0.6409063879400063,0.32430078072436624,0.328018292335883,B-leaning,4,0,4,B,0.4226353096457766,0.3166056072156401
1128,внутригородская территория города федерального значения муниципальный округ Внуково,E,E,B,0.30354673942618465,0.6041894744090379,-0.3312005518790811,E-leaning,1,3,4,E,0.5198074247914846,0.30064273498285327
1129,внутригородская территория города федерального значения муниципальный округ Войковский,B,B,E,0.6452180586783532,0.3200649421501972,0.33684744914088505,B-leaning,4,0,4,B,0.4209705747608935,0.32515311652815604
1130,внутригородская территория города федерального значения муниципальный округ Волковское,E,E,B,0.32923493636748774,0.6210593832450767,-0.3070884891709823,E-leaning,1,3,4,E,0.45522982111944227,0.29182444687758896
1131,внутригородская территория города федерального значения муниципальный округ Восточное Дегунино,E,E,B,0.41343649555601647,0.5456595691019657,-0.13786217921048455,E-leaning,1,3,4,E,0.45760717484497515,0.1322230735459492
1132,внутригородская территория города федерального значения муниципальный округ Восточное Измайлово,E,E,B,0.41343649555601647,0.5456595691019657,-0.13786217921048455,E-leaning,1,3,4,E,0.45760717484497515,0.1322230735459492
1133,внутригородская территория города федерального значения муниципальный округ Восточный,E,E,B,0.299607285875461,0.5992593835216613,-0.3333665690899181,E-leaning,1,3,4,E,0.5310327098006474,0.2996520976462003
1134,внутригородская территория города федерального значения муниципальный округ Выхино-Жулебино,E,E,B,0.3287705040735227,0.6180097761533447,-0.305497778228455,E-leaning,1,3,4,E,0.46126953232828694,0.28923927207982203
1135,внутригородская территория города федерального значения муниципальный округ Гавань,B,B,E,0.6409063879400063,0.32430078072436624,0.328018292335883,B-leaning,4,0,4,B,0.4226353096457766,0.3166056072156401
1136,внутригородская территория города федерального значения муниципальный округ Гагаринский,B,B,E,0.6468346709265598,0.3182921346219576,0.3404138548590817,B-leaning,4,0,4,B,0.4206902401057257,0.3285425363046022
1137,внутригородская территория города федерального значения муниципальный округ Гагаринское,E,B,E,0.5191077841607395,0.43975745495777796,0.08275441215901012,B-leaning,4,0,4,B,0.46105357222337534,0.07935032920296159
1138,внутригородская территория города федерального значения муниципальный округ Георгиевский,E,E,B,0.32923493636748774,0.6210593832450767,-0.3070884891709823,E-leaning,1,3,4,E,0.45522982111944227,0.29182444687758896
1139,внутригородская территория города федерального значения муниципальный округ Головинский,E,E,B,0.41343649555601647,0.5456595691019657,-0.13786217921048455,E-leaning,1,3,4,E,0.45760717484497515,0.1322230735459492
1140,внутригородская территория города федерального значения муниципальный округ Гольяново,E,E,B,0.3287705980129189,0.6172661273032193,-0.30495172287724187,E-leaning,1,3,4,E,0.46275574711842815,0.28849552929030037
1141,внутригородская территория города федерального значения муниципальный округ Горелово,E,E,B,0.30840555804043457,0.6084015506467578,-0.3272182226377998,E-leaning,1,3,4,E,0.5077486328545758,0.29999599260632326
1142,внутригородская территория города федерального значения муниципальный округ Гражданка,E,B,E,0.5191077841607395,0.43975745495777796,0.08275441215901012,B-leaning,4,0,4,B,0.46105357222337534,0.07935032920296159
1143,внутригородская территория города федерального значения муниципальный округ Даниловский,B,B,E,0.6452180586783532,0.3200649421501972,0.33684744914088505,B-leaning,4,0,4,B,0.4209705747608935,0.32515311652815604
1144,внутригородская территория города федерального значения муниципальный округ Дачное,E,E,B,0.32923493636748774,0.6210593832450767,-0.3070884891709823,E-leaning,1,3,4,E,0.45522982111944227,0.29182444687758896
1145,внутригородская территория города федерального значения муниципальный округ Дворцовый округ,B,B,E,0.6409063879400063,0.32430078072436624,0.328018292335883,B-leaning,4,0,4,B,0.4226353096457766,0.3166056072156401
1146,внутригородская территория города федерального значения муниципальный округ Дмитровский,E,E,B,0.41343649555601647,0.5456595691019657,-0.13786217921048455,E-leaning,1,3,4,E,0.45760717484497515,0.1322230735459492
1147,внутригородская территория города федерального значения муниципальный округ Донской,B,B,E,0.6452180586783532,0.3200649421501972,0.33684744914088505,B-leaning,4,0,4,B,0.4209705747608935,0.32515311652815604
1148,внутригородская территория города федерального значения муниципальный округ Дорогомилово,B,B,E,0.6468346709265598,0.3182921346219576,0.3404138548590817,B-leaning,4,0,4,B,0.4206902401057257,0.3285425363046022
1149,внутригородская территория города федерального значения муниципальный округ Екатерингофский,E,E,B,0.32923493636748774,0.6210593832450767,-0.3070884891709823,E-leaning,1,3,4,E,0.45522982111944227,0.29182444687758896
1150,внутригородская территория города федерального значения муниципальный округ Замоскворечье,B,B,E,0.6468346709265598,0.3182921346219576,0.3404138548590817,B-leaning,4,0,4,B,0.4206902401057257,0.3285425363046022
1151,внутригородская территория города федерального значения муниципальный округ Западное Дегунино,E,E,B,0.41343649555601647,0.5456595691019657,-0.13786217921048455,E-leaning,1,3,4,E,0.45760717484497515,0.1322230735459492
1152,внутригородская территория города федерального значения муниципальный округ Звездное,B,B,E,0.6409063879400063,0.32430078072436624,0.328018292335883,B-leaning,4,0,4,B,0.4226353096457766,0.3166056072156401
1153,внутригородская территория города федерального значения муниципальный округ Зюзино,B,B,E,0.6347448681815191,0.3303187163422668,0.31544672985404637,B-leaning,4,0,4,B,0.42501405994020536,0.3044261518392523
1154,внутригородская территория города федерального значения муниципальный округ Зябликово,E,E,B,0.3287705040735227,0.6180097761533447,-0.305497778228455,E-leaning,1,3,4,E,0.46126953232828694,0.28923927207982203
1155,внутригородская территория города федерального значения муниципальный округ Ивановский,E,E,B,0.4434649829516675,0.5129561953821192,-0.072657542518574,B-leaning,3,1,3,E,0.46606853796898656,0.06949121243045175
1156,внутригородская территория города федерального значения муниципальный округ Ивановское,E,E,B,0.3287705980129189,0.6172661273032193,-0.30495172287724187,E-leaning,1,3,4,E,0.46275574711842815,0.28849552929030037
1157,внутригородская территория города федерального значения муниципальный округ Измайлово,B,B,E,0.6409063879400063,0.32430078072436624,0.328018292335883,B-leaning,4,0,4,B,0.4226353096457766,0.3166056072156401
1158,внутригородская территория города федерального значения муниципальный округ Измайловское,B,B,E,0.6409063879400063,0.32430078072436624,0.328018292335883,B-leaning,4,0,4,B,0.4226353096457766,0.3166056072156401
1159,внутригородская территория города федерального значения муниципальный округ Капотня,E,E,B,0.28412528670049675,0.5759815571431174,-0.3393255995248032,E-leaning,1,3,4,E,0.5813095208538094,0.29185627044262064
1160,внутригородская территория города федерального значения муниципальный округ Княжево,E,E,B,0.32923493636748774,0.6210593832450767,-0.3070884891709823,E-leaning,1,3,4,E,0.45522982111944227,0.29182444687758896
1161,внутригородская территория города федерального значения муниципальный округ Коломна,B,B,E,0.6409063879400063,0.32430078072436624,0.328018292335883,B-leaning,4,0,4,B,0.4226353096457766,0.3166056072156401
1162,внутригородская территория города федерального значения муниципальный округ Коломяги,B,B,E,0.6409063879400063,0.32430078072436624,0.328018292335883,B-leaning,4,0,4,B,0.4226353096457766,0.3166056072156401
1163,внутригородская территория города федерального значения муниципальный округ Комендантский аэродром,E,B,E,0.5820056460762215,0.3816918210199935,0.20785965709737492,B-leaning,4,0,4,B,0.44223424978712617,0.20031382505622802
1164,внутригородская территория города федерального значения муниципальный округ Константиновское,E,E,B,0.3270426837512482,0.6229154649540969,-0.31145875384729355,E-leaning,1,3,4,E,0.4551872276570794,0.2958727812028487
1165,внутригородская территория города федерального значения муниципальный округ Коньково,B,B,E,0.6409063879400063,0.32430078072436624,0.328018292335883,B-leaning,4,0,4,B,0.4226353096457766,0.3166056072156401
1166,внутригородская территория города федерального значения муниципальный округ Коптево,E,E,B,0.41343649555601647,0.5456595691019657,-0.13786217921048455,E-leaning,1,3,4,E,0.45760717484497515,0.1322230735459492
1167,внутригородская территория города федерального значения муниципальный округ Косино-Ухтомский,E,E,B,0.41343649555601647,0.5456595691019657,-0.13786217921048455,E-leaning,1,3,4,E,0.45760717484497515,0.1322230735459492
1168,внутригородская территория города федерального значения муниципальный округ Котловка,E,E,B,0.41343649555601647,0.5456595691019657,-0.13786217921048455,E-leaning,1,3,4,E,0.45760717484497515,0.1322230735459492
1169,внутригородская территория города федерального значения муниципальный округ Красненькая речка,E,E,B,0.32923493636748774,0.6210593832450767,-0.3070884891709823,E-leaning,1,3,4,E,0.45522982111944227,0.29182444687758896
1170,внутригородская территория города федерального значения муниципальный округ Красносельский,B,B,E,0.6452180586783532,0.3200649421501972,0.33684744914088505,B-leaning,4,0,4,B,0.4209705747608935,0.32515311652815604
1171,внутригородская территория города федерального значения муниципальный округ Кронверкское,B,B,E,0.6409063879400063,0.32430078072436624,0.328018292335883,B-leaning,4,0,4,B,0.4226353096457766,0.3166056072156401
1172,внутригородская территория города федерального значения муниципальный округ Крылатское,B,B,E,0.6468346709265598,0.3182921346219576,0.3404138548590817,B-leaning,4,0,4,B,0.4206902401057257,0.3285425363046022
1173,внутригородская территория города федерального значения муниципальный округ Крюково,E,E,B,0.41343649555601647,0.5456595691019657,-0.13786217921048455,E-leaning,1,3,4,E,0.45760717484497515,0.1322230735459492
1174,внутригородская территория города федерального значения муниципальный округ Кузьминки,E,E,B,0.32578758640834343,0.6207387601682595,-0.3116143304691894,E-leaning,1,3,4,E,0.4607934781791344,0.29495117375991603
1175,внутригородская территория города федерального значения муниципальный округ Кунцево,B,B,E,0.6407722204093538,0.3245022470382859,0.32764771475551707,B-leaning,4,0,4,B,0.42255368812116484,0.3162699733710679
1176,внутригородская территория города федерального значения муниципальный округ Купчино,E,E,B,0.32923493636748774,0.6210593832450767,-0.3070884891709823,E-leaning,1,3,4,E,0.45522982111944227,0.29182444687758896
1177,внутригородская территория города федерального значения муниципальный округ Куркино,B,B,E,0.6468346709265598,0.3182921346219576,0.3404138548590817,B-leaning,4,0,4,B,0.4206902401057257,0.3285425363046022
1178,внутригородская территория города федерального значения муниципальный округ Ланское,B,B,E,0.6409063879400063,0.32430078072436624,0.328018292335883,B-leaning,4,0,4,B,0.4226353096457766,0.3166056072156401
1179,внутригородская территория города федерального значения муниципальный округ Лахта-Ольгино,E,E,B,0.33208148552172273,0.6185570707106527,-0.3013506903447155,E-leaning,1,3,4,E,0.4554426901751564,0.28647558518892996
1180,внутригородская территория города федерального значения муниципальный округ Левобережный,B,B,E,0.6432039032024529,0.3220551987135509,0.3327072532664376,B-leaning,4,0,4,B,0.42172652248855963,0.321148704488902
1181,внутригородская территория города федерального значения муниципальный округ Лефортово,B,B,E,0.6409063879400063,0.32430078072436624,0.328018292335883,B-leaning,4,0,4,B,0.4226353096457766,0.3166056072156401
1182,внутригородская территория города федерального значения муниципальный округ Лианозово,E,E,B,0.41343649555601647,0.5456595691019657,-0.13786217921048455,E-leaning,1,3,4,E,0.45760717484497515,0.1322230735459492
1183,внутригородская территория города федерального значения муниципальный округ Лиговка-Ямская,B,B,E,0.6409063879400063,0.32430078072436624,0.328018292335883,B-leaning,4,0,4,B,0.4226353096457766,0.3166056072156401
1184,внутригородская территория города федерального значения муниципальный округ Литейный округ,B,B,E,0.6409063879400063,0.32430078072436624,0.328018292335883,B-leaning,4,0,4,B,0.4226353096457766,0.3166056072156401
1185,внутригородская территория города федерального значения муниципальный округ Ломоносовский,B,B,E,0.6468346709265598,0.3182921346219576,0.3404138548590817,B-leaning,4,0,4,B,0.4206902401057257,0.3285425363046022
1186,внутригородская территория города федерального значения муниципальный округ Лосиноостровский,E,E,B,0.41343649555601647,0.5456595691019657,-0.13786217921048455,E-leaning,1,3,4,E,0.45760717484497515,0.1322230735459492
1187,внутригородская территория города федерального значения муниципальный округ Люблино,E,E,B,0.32578758640834343,0.6207387601682595,-0.3116143304691894,E-leaning,1,3,4,E,0.4607934781791344,0.29495117375991603
1188,внутригородская территория города федерального значения муниципальный округ Малая Охта,E,B,E,0.5191077841607395,0.43975745495777796,0.08275441215901012,B-leaning,4,0,4,B,0.46105357222337534,0.07935032920296159
1189,внутригородская территория города федерального значения муниципальный округ Марфино,B,B,E,0.6407722204093538,0.3245022470382859,0.32764771475551707,B-leaning,4,0,4,B,0.42255368812116484,0.3162699733710679
1190,внутригородская территория города федерального значения муниципальный округ Марьина роща,B,B,E,0.6452180586783532,0.3200649421501972,0.33684744914088505,B-leaning,4,0,4,B,0.4209705747608935,0.32515311652815604
1191,внутригородская территория города федерального значения муниципальный округ Марьино,E,E,B,0.41343649555601647,0.5456595691019657,-0.13786217921048455,E-leaning,1,3,4,E,0.45760717484497515,0.1322230735459492
1192,внутригородская территория города федерального значения муниципальный округ Матушкино,E,E,B,0.31910320187814506,0.6098392857835633,-0.31297533245276127,E-leaning,1,3,4,E,0.49002879408180167,0.2907360839054182
1193,внутригородская территория города федерального значения муниципальный округ Метрогородок,E,E,B,0.3165327437971853,0.6117171876645392,-0.3180010403044404,E-leaning,1,3,4,E,0.49187227530202576,0.2951844438673539
1194,внутригородская территория города федерального значения муниципальный округ Мещанский,B,B,E,0.6468346709265598,0.3182921346219576,0.3404138548590817,B-leaning,4,0,4,B,0.4206902401057257,0.3285425363046022
1195,внутригородская территория города федерального значения муниципальный округ Митино,B,B,E,0.5738394179035335,0.38918037367825314,0.19174999915834837,B-leaning,3,1,4,B,0.4450881358437121,0.1846590442252804
1196,внутригородская территория города федерального значения муниципальный округ Можайский,B,B,E,0.6384831386596854,0.3267393714093754,0.32297606406631046,B-leaning,4,0,4,B,0.4234464475714647,0.31174376725031
1197,внутригородская территория города федерального значения муниципальный округ Молжаниновский,E,E,B,0.30354673942618465,0.6041894744090379,-0.3312005518790811,E-leaning,1,3,4,E,0.5198074247914846,0.30064273498285327
1199,внутригородская территория города федерального значения муниципальный округ Морской,B,B,E,0.6409063879400063,0.32430078072436624,0.328018292335883,B-leaning,4,0,4,B,0.4226353096457766,0.3166056072156401
1200,внутригородская территория города федерального значения муниципальный округ Москворечье-Сабурово,E,E,B,0.41343649555601647,0.5456595691019657,-0.13786217921048455,E-leaning,1,3,4,E,0.45760717484497515,0.1322230735459492
1201,внутригородская территория города федерального значения муниципальный округ Московская застава,B,B,E,0.6409063879400063,0.32430078072436624,0.328018292335883,B-leaning,4,0,4,B,0.4226353096457766,0.3166056072156401
1202,внутригородская территория города федерального значения муниципальный округ Нагатино-Садовники,B,B,E,0.6407722204093538,0.3245022470382859,0.32764771475551707,B-leaning,4,0,4,B,0.42255368812116484,0.3162699733710679
1203,внутригородская территория города федерального значения муниципальный округ Нагатинский затон,B,B,E,0.6409063879400063,0.32430078072436624,0.328018292335883,B-leaning,4,0,4,B,0.4226353096457766,0.3166056072156401
1204,внутригородская территория города федерального значения муниципальный округ Нагорный,B,B,E,0.6409063879400063,0.32430078072436624,0.328018292335883,B-leaning,4,0,4,B,0.4226353096457766,0.3166056072156401
1205,внутригородская территория города федерального значения муниципальный округ Нарвский округ,E,E,B,0.32923493636748774,0.6210593832450767,-0.3070884891709823,E-leaning,1,3,4,E,0.45522982111944227,0.29182444687758896
1206,внутригородская территория города федерального значения муниципальный округ Народный,E,E,B,0.3270426837512482,0.6229154649540969,-0.31145875384729355,E-leaning,1,3,4,E,0.4551872276570794,0.2958727812028487
1207,внутригородская территория города федерального значения муниципальный округ Невская застава,E,E,B,0.32923493636748774,0.6210593832450767,-0.3070884891709823,E-leaning,1,3,4,E,0.45522982111944227,0.29182444687758896
1208,внутригородская территория города федерального значения муниципальный округ Невский округ,E,B,E,0.5191077841607395,0.43975745495777796,0.08275441215901012,B-leaning,4,0,4,B,0.46105357222337534,0.07935032920296159
1209,внутригородская территория города федерального значения муниципальный округ Некрасовка,E,E,B,0.30354673942618465,0.6041894744090379,-0.3312005518790811,E-leaning,1,3,4,E,0.5198074247914846,0.30064273498285327
1210,внутригородская территория города федерального значения муниципальный округ Нижегородский,E,E,B,0.33793187436439415,0.6130528421621527,-0.28930114545124613,E-leaning,1,3,4,E,0.45656691763475993,0.2751209677977586
1211,внутригородская территория города федерального значения муниципальный округ Ново-Переделкино,E,E,B,0.41343649555601647,0.5456595691019657,-0.13786217921048455,E-leaning,1,3,4,E,0.45760717484497515,0.1322230735459492
1212,внутригородская территория города федерального значения муниципальный округ Новогиреево,E,E,B,0.41343649555601647,0.5456595691019657,-0.13786217921048455,E-leaning,1,3,4,E,0.45760717484497515,0.1322230735459492
1213,внутригородская территория города федерального значения муниципальный округ Новоизмайловское,E,B,E,0.5191077841607395,0.43975745495777796,0.08275441215901012,B-leaning,4,0,4,B,0.46105357222337534,0.07935032920296159
1214,внутригородская территория города федерального значения муниципальный округ Новокосино,E,E,B,0.41343649555601647,0.5456595691019657,-0.13786217921048455,E-leaning,1,3,4,E,0.45760717484497515,0.1322230735459492
1215,внутригородская территория города федерального значения муниципальный округ Обручевский,B,B,E,0.6468346709265598,0.3182921346219576,0.3404138548590817,B-leaning,4,0,4,B,0.4206902401057257,0.3285425363046022
1216,внутригородская территория города федерального значения муниципальный округ Обуховский,E,E,B,0.32923493636748774,0.6210593832450767,-0.3070884891709823,E-leaning,1,3,4,E,0.45522982111944227,0.29182444687758896
1217,внутригородская территория города федерального значения муниципальный округ Озеро Долгое,E,B,E,0.5191077841607395,0.43975745495777796,0.08275441215901012,B-leaning,4,0,4,B,0.46105357222337534,0.07935032920296159
1218,внутригородская территория города федерального значения муниципальный округ Оккервиль,E,E,B,0.32923493636748774,0.6210593832450767,-0.3070884891709823,E-leaning,1,3,4,E,0.45522982111944227,0.29182444687758896
1219,внутригородская территория города федерального значения муниципальный округ Орехово-Борисово Северное,E,E,B,0.41343649555601647,0.5456595691019657,-0.13786217921048455,E-leaning,1,3,4,E,0.45760717484497515,0.1322230735459492
1220,внутригородская территория города федерального значения муниципальный округ Орехово-Борисово Южное,E,E,B,0.41343649555601647,0.5456595691019657,-0.13786217921048455,E-leaning,1,3,4,E,0.45760717484497515,0.1322230735459492
1221,внутригородская территория города федерального значения муниципальный округ Останкинский,B,B,E,0.6452180586783532,0.3200649421501972,0.33684744914088505,B-leaning,4,0,4,B,0.4209705747608935,0.32515311652815604
1222,внутригородская территория города федерального значения муниципальный округ Остров Декабристов,B,B,E,0.6409063879400063,0.32430078072436624,0.328018292335883,B-leaning,4,0,4,B,0.4226353096457766,0.3166056072156401
1223,внутригородская территория города федерального значения муниципальный округ Отрадное,E,E,B,0.41343649555601647,0.5456595691019657,-0.13786217921048455,E-leaning,1,3,4,E,0.45760717484497515,0.1322230735459492
1224,внутригородская территория города федерального значения муниципальный округ Очаково-Матвеевское,B,B,E,0.6407722204093538,0.3245022470382859,0.32764771475551707,B-leaning,4,0,4,B,0.42255368812116484,0.3162699733710679
1225,внутригородская территория города федерального значения муниципальный округ Перово,E,E,B,0.32578758640834343,0.6207387601682595,-0.3116143304691894,E-leaning,1,3,4,E,0.4607934781791344,0.29495117375991603
1226,внутригородская территория города федерального значения муниципальный округ Печатники,E,E,B,0.32923493636748774,0.6210593832450767,-0.3070884891709823,E-leaning,1,3,4,E,0.45522982111944227,0.29182444687758896
1227,внутригородская территория города федерального значения муниципальный округ Пискаревка,B,B,E,0.6409063879400063,0.32430078072436624,0.328018292335883,B-leaning,4,0,4,B,0.4226353096457766,0.3166056072156401
1228,внутригородская территория города федерального значения муниципальный округ Покровское-Стрешнево,B,B,E,0.6409063879400063,0.32430078072436624,0.328018292335883,B-leaning,4,0,4,B,0.4226353096457766,0.3166056072156401
1229,внутригородская территория города федерального значения муниципальный округ Полюстрово,E,E,B,0.32923493636748774,0.6210593832450767,-0.3070884891709823,E-leaning,1,3,4,E,0.45522982111944227,0.29182444687758896
1230,внутригородская территория города федерального значения муниципальный округ Пороховые,E,E,B,0.32923493636748774,0.6210593832450767,-0.3070884891709823,E-leaning,1,3,4,E,0.45522982111944227,0.29182444687758896
1231,внутригородская территория города федерального значения муниципальный округ Посадский,B,B,E,0.6468346709265598,0.3182921346219576,0.3404138548590817,B-leaning,4,0,4,B,0.4206902401057257,0.3285425363046022
1232,внутригородская территория города федерального значения муниципальный округ Правобережный,E,B,E,0.5191077841607395,0.43975745495777796,0.08275441215901012,B-leaning,4,0,4,B,0.46105357222337534,0.07935032920296159
1233,внутригородская территория города федерального значения муниципальный округ Преображенское,B,B,E,0.6409063879400063,0.32430078072436624,0.328018292335883,B-leaning,4,0,4,B,0.4226353096457766,0.3166056072156401
1234,внутригородская территория города федерального значения муниципальный округ Пресненский,B,B,E,0.6468346709265598,0.3182921346219576,0.3404138548590817,B-leaning,4,0,4,B,0.4206902401057257,0.3285425363046022
1235,внутригородская территория города федерального значения муниципальный округ Прометей,E,E,B,0.32923493636748774,0.6210593832450767,-0.3070884891709823,E-leaning,1,3,4,E,0.45522982111944227,0.29182444687758896
1236,внутригородская территория города федерального значения муниципальный округ Проспект Вернадского,B,B,E,0.6468346709265598,0.3182921346219576,0.3404138548590817,B-leaning,4,0,4,B,0.4206902401057257,0.3285425363046022
1237,внутригородская территория города федерального значения муниципальный округ Пулковский меридиан,E,B,E,0.5191077841607395,0.43975745495777796,0.08275441215901012,B-leaning,4,0,4,B,0.46105357222337534,0.07935032920296159
1238,внутригородская территория города федерального значения муниципальный округ Раменки,B,B,E,0.6468346709265598,0.3182921346219576,0.3404138548590817,B-leaning,4,0,4,B,0.4206902401057257,0.3285425363046022
1239,внутригородская территория города федерального значения муниципальный округ Ржевка,E,E,B,0.32923493636748774,0.6210593832450767,-0.3070884891709823,E-leaning,1,3,4,E,0.45522982111944227,0.29182444687758896
1240,внутригородская территория города федерального значения муниципальный округ Ростокино,B,B,E,0.6407722204093538,0.3245022470382859,0.32764771475551707,B-leaning,4,0,4,B,0.42255368812116484,0.3162699733710679
1241,внутригородская территория города федерального значения муниципальный округ Рыбацкое,E,E,B,0.32923493636748774,0.6210593832450767,-0.3070884891709823,E-leaning,1,3,4,E,0.45522982111944227,0.29182444687758896
1242,внутригородская территория города федерального значения муниципальный округ Рязанский,E,E,B,0.41343649555601647,0.5456595691019657,-0.13786217921048455,E-leaning,1,3,4,E,0.45760717484497515,0.1322230735459492
1243,внутригородская территория города федерального значения муниципальный округ Савеловский,B,B,E,0.6452180586783532,0.3200649421501972,0.33684744914088505,B-leaning,4,0,4,B,0.4209705747608935,0.32515311652815604
1244,внутригородская территория города федерального значения муниципальный округ Сампсониевское,B,B,E,0.6409063879400063,0.32430078072436624,0.328018292335883,B-leaning,4,0,4,B,0.4226353096457766,0.3166056072156401
1245,внутригородская территория города федерального значения муниципальный округ Светлановское,B,B,E,0.6409063879400063,0.32430078072436624,0.328018292335883,B-leaning,4,0,4,B,0.4226353096457766,0.3166056072156401
1246,внутригородская территория города федерального значения муниципальный округ Свиблово,B,B,E,0.6452180586783532,0.3200649421501972,0.33684744914088505,B-leaning,4,0,4,B,0.4209705747608935,0.32515311652815604
1247,внутригородская территория города федерального значения муниципальный округ Северное Бутово,B,B,E,0.6407722204093538,0.3245022470382859,0.32764771475551707,B-leaning,4,0,4,B,0.42255368812116484,0.3162699733710679
1248,внутригородская территория города федерального значения муниципальный округ Северное Измайлово,E,E,B,0.32923493636748774,0.6210593832450767,-0.3070884891709823,E-leaning,1,3,4,E,0.45522982111944227,0.29182444687758896
1249,внутригородская территория города федерального значения муниципальный округ Северное Медведково,E,E,B,0.41343649555601647,0.5456595691019657,-0.13786217921048455,E-leaning,1,3,4,E,0.45760717484497515,0.1322230735459492
1250,внутригородская территория города федерального значения муниципальный округ Северное Тушино,E,E,B,0.41343649555601647,0.5456595691019657,-0.13786217921048455,E-leaning,1,3,4,E,0.45760717484497515,0.1322230735459492
1251,внутригородская территория города федерального значения муниципальный округ Семеновский,B,B,E,0.5815484692927129,0.37896354062454135,0.21091347799557836,B-leaning,4,0,4,B,0.4483455777510709,0.20258492866817152
1252,внутригородская территория города федерального значения муниципальный округ Сенной округ,B,B,E,0.6409063879400063,0.32430078072436624,0.328018292335883,B-leaning,4,0,4,B,0.4226353096457766,0.3166056072156401
1253,внутригородская территория города федерального значения муниципальный округ Сергиевское,E,E,B,0.32923493636748774,0.6210593832450767,-0.3070884891709823,E-leaning,1,3,4,E,0.45522982111944227,0.29182444687758896
1254,внутригородская территория города федерального значения муниципальный округ Силино,E,E,B,0.31387198101774544,0.6058001788351597,-0.317426372745812,E-leaning,1,3,4,E,0.5047119225023323,0.29192819781741425
1255,внутригородская территория города федерального значения муниципальный округ Смольнинское,B,B,E,0.6409063879400063,0.32430078072436624,0.328018292335883,B-leaning,4,0,4,B,0.4226353096457766,0.3166056072156401
1256,внутригородская территория города федерального значения муниципальный округ Сокол,B,B,E,0.6468346709265598,0.3182921346219576,0.3404138548590817,B-leaning,4,0,4,B,0.4206902401057257,0.3285425363046022
1257,внутригородская территория города федерального значения муниципальный округ Соколиная гора,E,B,E,0.5191077841607395,0.43975745495777796,0.08275441215901012,B-leaning,4,0,4,B,0.46105357222337534,0.07935032920296159
1258,внутригородская территория города федерального значения муниципальный округ Сокольники,B,B,E,0.6452180586783532,0.3200649421501972,0.33684744914088505,B-leaning,4,0,4,B,0.4209705747608935,0.32515311652815604
1259,внутригородская территория города федерального значения муниципальный округ Солнцево,B,B,E,0.5717167741947671,0.391257121708901,0.18739828073586592,B-leaning,3,1,4,B,0.4455972640234965,0.1804596524858661
1260,внутригородская территория города федерального значения муниципальный округ Сосновая поляна,E,E,B,0.32923493636748774,0.6210593832450767,-0.3070884891709823,E-leaning,1,3,4,E,0.45522982111944227,0.29182444687758896
1261,внутригородская территория города федерального значения муниципальный округ Сосновское,E,B,E,0.5191077841607395,0.43975745495777796,0.08275441215901012,B-leaning,4,0,4,B,0.46105357222337534,0.07935032920296159
1262,внутригородская территория города федерального значения муниципальный округ Старое Крюково,E,E,B,0.31387198101774544,0.6058001788351597,-0.317426372745812,E-leaning,1,3,4,E,0.5047119225023323,0.29192819781741425
1263,внутригородская территория города федерального значения муниципальный округ Строгино,B,B,E,0.5717167741947671,0.391257121708901,0.18739828073586592,B-leaning,3,1,4,B,0.4455972640234965,0.1804596524858661
1264,внутригородская территория города федерального значения муниципальный округ Таганский,B,B,E,0.6468346709265598,0.3182921346219576,0.3404138548590817,B-leaning,4,0,4,B,0.4206902401057257,0.3285425363046022
1265,внутригородская территория города федерального значения муниципальный округ Тверской,B,B,E,0.6468346709265598,0.3182921346219576,0.3404138548590817,B-leaning,4,0,4,B,0.4206902401057257,0.3285425363046022
1266,внутригородская территория города федерального значения муниципальный округ Текстильщики,E,E,B,0.32578758640834343,0.6207387601682595,-0.3116143304691894,E-leaning,1,3,4,E,0.4607934781791344,0.29495117375991603
1267,внутригородская территория города федерального значения муниципальный округ Теплый Стан,B,B,E,0.6384831386596854,0.3267393714093754,0.32297606406631046,B-leaning,4,0,4,B,0.4234464475714647,0.31174376725031
1268,внутригородская территория города федерального значения муниципальный округ Тимирязевский,B,B,E,0.6409063879400063,0.32430078072436624,0.328018292335883,B-leaning,4,0,4,B,0.4226353096457766,0.3166056072156401
1269,внутригородская территория города федерального значения муниципальный округ Тропарево-Никулино,B,B,E,0.6468346709265598,0.3182921346219576,0.3404138548590817,B-leaning,4,0,4,B,0.4206902401057257,0.3285425363046022
1270,внутригородская территория города федерального значения муниципальный округ Ульянка,E,E,B,0.32923493636748774,0.6210593832450767,-0.3070884891709823,E-leaning,1,3,4,E,0.45522982111944227,0.29182444687758896
1271,внутригородская территория города федерального значения муниципальный округ Урицк,E,E,B,0.32923493636748774,0.6210593832450767,-0.3070884891709823,E-leaning,1,3,4,E,0.45522982111944227,0.29182444687758896
1272,внутригородская территория города федерального значения муниципальный округ Филевский парк,B,B,E,0.6468346709265598,0.3182921346219576,0.3404138548590817,B-leaning,4,0,4,B,0.4206902401057257,0.3285425363046022
1273,внутригородская территория города федерального значения муниципальный округ Фили-Давыдково,B,B,E,0.6407722204093538,0.3245022470382859,0.32764771475551707,B-leaning,4,0,4,B,0.42255368812116484,0.3162699733710679
1274,внутригородская территория города федерального значения муниципальный округ Финляндский округ,E,E,B,0.32923493636748774,0.6210593832450767,-0.3070884891709823,E-leaning,1,3,4,E,0.45522982111944227,0.29182444687758896
1275,внутригородская территория города федерального значения муниципальный округ Хамовники,B,B,E,0.6468346709265598,0.3182921346219576,0.3404138548590817,B-leaning,4,0,4,B,0.4206902401057257,0.3285425363046022
1276,внутригородская территория города федерального значения муниципальный округ Ховрино,B,B,E,0.6407722204093538,0.3245022470382859,0.32764771475551707,B-leaning,4,0,4,B,0.42255368812116484,0.3162699733710679
1277,внутригородская территория города федерального значения муниципальный округ Хорошево-Мневники,B,B,E,0.6468346709265598,0.3182921346219576,0.3404138548590817,B-leaning,4,0,4,B,0.4206902401057257,0.3285425363046022
1278,внутригородская территория города федерального значения муниципальный округ Хорошевский,B,B,E,0.6468346709265598,0.3182921346219576,0.3404138548590817,B-leaning,4,0,4,B,0.4206902401057257,0.3285425363046022
1279,внутригородская территория города федерального значения муниципальный округ Царицыно,E,E,B,0.3287705980129189,0.6172661273032193,-0.30495172287724187,E-leaning,1,3,4,E,0.46275574711842815,0.28849552929030037
1280,внутригородская территория города федерального значения муниципальный округ Черемушки,B,B,E,0.6468346709265598,0.3182921346219576,0.3404138548590817,B-leaning,4,0,4,B,0.4206902401057257,0.3285425363046022
1281,внутригородская территория города федерального значения муниципальный округ Чертаново Северное,B,B,E,0.6409063879400063,0.32430078072436624,0.328018292335883,B-leaning,4,0,4,B,0.4226353096457766,0.3166056072156401
1282,внутригородская территория города федерального значения муниципальный округ Чертаново Центральное,E,E,B,0.34179329808829356,0.6121205023032598,-0.28338745503420215,E-leaning,1,3,4,E,0.45233513510141315,0.2703272042149662
1283,внутригородская территория города федерального значения муниципальный округ Чертаново Южное,E,E,B,0.41343649555601647,0.5456595691019657,-0.13786217921048455,E-leaning,1,3,4,E,0.45760717484497515,0.1322230735459492
1284,внутригородская территория города федерального значения муниципальный округ Чкаловское,B,B,E,0.6468346709265598,0.3182921346219576,0.3404138548590817,B-leaning,4,0,4,B,0.4206902401057257,0.3285425363046022
1285,внутригородская территория города федерального значения муниципальный округ Шувалово-Озерки,E,B,E,0.5191077841607395,0.43975745495777796,0.08275441215901012,B-leaning,4,0,4,B,0.46105357222337534,0.07935032920296159
1286,внутригородская территория города федерального значения муниципальный округ Щукино,B,B,E,0.6468346709265598,0.3182921346219576,0.3404138548590817,B-leaning,4,0,4,B,0.4206902401057257,0.3285425363046022
1287,внутригородская территория города федерального значения муниципальный округ Юго-Запад,E,E,B,0.32923493636748774,0.6210593832450767,-0.3070884891709823,E-leaning,1,3,4,E,0.45522982111944227,0.29182444687758896
1288,внутригородская территория города федерального значения муниципальный округ Южно-Приморский,B,B,E,0.6409063879400063,0.32430078072436624,0.328018292335883,B-leaning,4,0,4,B,0.4226353096457766,0.3166056072156401
1289,внутригородская территория города федерального значения муниципальный округ Южное Бутово,E,E,B,0.41343649555601647,0.5456595691019657,-0.13786217921048455,E-leaning,1,3,4,E,0.45760717484497515,0.1322230735459492
1290,внутригородская территория города федерального значения муниципальный округ Южное Медведково,E,E,B,0.41343649555601647,0.5456595691019657,-0.13786217921048455,E-leaning,1,3,4,E,0.45760717484497515,0.1322230735459492
1291,внутригородская территория города федерального значения муниципальный округ Южное Тушино,E,E,B,0.41343649555601647,0.5456595691019657,-0.13786217921048455,E-leaning,1,3,4,E,0.45760717484497515,0.1322230735459492
1292,внутригородская территория города федерального значения муниципальный округ Южнопортовый,B,B,E,0.642775835073606,0.3225225815184825,0.33176606119976126,B-leaning,4,0,4,B,0.4218130473587987,0.3202532535551235
1293,внутригородская территория города федерального значения муниципальный округ Юнтолово,B,B,E,0.6409063879400063,0.32430078072436624,0.328018292335883,B-leaning,4,0,4,B,0.4226353096457766,0.3166056072156401
1294,внутригородская территория города федерального значения муниципальный округ Якиманка,B,B,E,0.6468346709265598,0.3182921346219576,0.3404138548590817,B-leaning,4,0,4,B,0.4206902401057257,0.3285425363046022
1295,внутригородская территория города федерального значения муниципальный округ Ярославский,E,E,B,0.32578758640834343,0.6207387601682595,-0.3116143304691894,E-leaning,1,3,4,E,0.4607934781791344,0.29495117375991603
1296,внутригородская территория города федерального значения муниципальный округ Ясенево,E,E,B,0.41343649555601647,0.5456595691019657,-0.13786217921048455,E-leaning,1,3,4,E,0.45760717484497515,0.1322230735459492
1297,внутригородская территория города федерального значения муниципальный округ округ Петровский,B,B,E,0.6409063879400063,0.32430078072436624,0.328018292335883,B-leaning,4,0,4,B,0.4226353096457766,0.3166056072156401
1298,внутригородская территория города федерального значения муниципальный округ № 15,E,E,B,0.32923493636748774,0.6210593832450767,-0.3070884891709823,E-leaning,1,3,4,E,0.45522982111944227,0.29182444687758896
1299,внутригородская территория города федерального значения муниципальный округ № 21,E,E,B,0.32923493636748774,0.6210593832450767,-0.3070884891709823,E-leaning,1,3,4,E,0.45522982111944227,0.29182444687758896
1300,внутригородская территория города федерального значения муниципальный округ № 54,E,E,B,0.32923493636748774,0.6210593832450767,-0.3070884891709823,E-leaning,1,3,4,E,0.45522982111944227,0.29182444687758896
1301,внутригородская территория города федерального значения муниципальный округ № 65,B,B,E,0.6409063879400063,0.32430078072436624,0.328018292335883,B-leaning,4,0,4,B,0.4226353096457766,0.3166056072156401
1302,внутригородская территория города федерального значения муниципальный округ № 7,B,B,E,0.6409063879400063,0.32430078072436624,0.328018292335883,B-leaning,4,0,4,B,0.4226353096457766,0.3166056072156401
1303,внутригородская территория города федерального значения муниципальный округ № 72,E,E,B,0.32923493636748774,0.6210593832450767,-0.3070884891709823,E-leaning,1,3,4,E,0.45522982111944227,0.29182444687758896
1304,внутригородская территория города федерального значения муниципальный округ № 78,B,B,E,0.6409063879400063,0.32430078072436624,0.328018292335883,B-leaning,4,0,4,B,0.4226353096457766,0.3166056072156401
1305,внутригородская территория города федерального значения поселение Внуковское,B,B,E,0.6631451841686931,0.3324032786867544,0.33222079870757837,B-leaning,4,0,4,B,0.34202522891010645,0.33074190548193866
1307,внутригородская территория города федерального значения поселение Воскресенское,E,E,B,0.40453807881543896,0.5474802497380721,-0.15014644848258152,E-leaning,1,3,4,E,0.469386747899702,0.14294217092263312
1308,внутригородская территория города федерального значения поселение Десеновское,E,E,B,0.40453807881543896,0.5474802497380721,-0.15014644848258152,E-leaning,1,3,4,E,0.469386747899702,0.14294217092263312
1310,внутригородская территория города федерального значения поселение Кокошкино,E,E,B,0.26995818995015103,0.49032005807444506,-0.28984371011120263,E-leaning,1,3,4,E,0.6798681889489531,0.22036186812429404
1312,внутригородская территория города федерального значения поселение Марушкинское,E,E,B,0.30354673942618465,0.6041894744090379,-0.3312005518790811,E-leaning,1,3,4,E,0.5198074247914846,0.30064273498285327
1314,внутригородская территория города федерального значения поселение Московский,B,B,E,0.6407722204093538,0.3245022470382859,0.32764771475551707,B-leaning,4,0,4,B,0.42255368812116484,0.3162699733710679
1317,внутригородская территория города федерального значения поселение Первомайское,E,E,B,0.40453807881543896,0.5474802497380721,-0.15014644848258152,E-leaning,1,3,4,E,0.469386747899702,0.14294217092263312
1318,внутригородская территория города федерального значения поселение Рязановское,E,E,B,0.30354673942618465,0.6041894744090379,-0.3312005518790811,E-leaning,1,3,4,E,0.5198074247914846,0.30064273498285327
1319,внутригородская территория города федерального значения поселение Сосенское,B,B,E,0.6519297000502424,0.32845821424255317,0.3299423433233833,B-leaning,4,0,4,B,0.3865064643340227,0.32347148580768925
1320,внутригородская территория города федерального значения поселение Филимонковское,E,E,B,0.30354673942618465,0.6041894744090379,-0.3312005518790811,E-leaning,1,3,4,E,0.5198074247914846,0.30064273498285327
1322,внутригородская территория города федерального значения поселок Левашово,E,E,B,0.30354673942618465,0.6041894744090379,-0.3312005518790811,E-leaning,1,3,4,E,0.5198074247914846,0.30064273498285327
1323,внутригородская территория города федерального значения поселок Лисий Нос,E,E,B,0.40101232417132276,0.5514241889976644,-0.15792324501071986,E-leaning,1,3,4,E,0.46797787301979804,0.15041186482634167
1324,внутригородская территория города федерального значения поселок Металлострой,E,E,B,0.299607285875461,0.5992593835216613,-0.3333665690899181,E-leaning,1,3,4,E,0.5310327098006474,0.2996520976462003
1325,внутригородская территория города федерального значения поселок Парголово,E,E,B,0.32923493636748774,0.6210593832450767,-0.3070884891709823,E-leaning,1,3,4,E,0.45522982111944227,0.29182444687758896
1326,внутригородская территория города федерального значения поселок Песочный,E,E,B,0.30354673942618465,0.6041894744090379,-0.3312005518790811,E-leaning,1,3,4,E,0.5198074247914846,0.30064273498285327
1327,внутригородская территория города федерального значения поселок Понтонный,E,E,B,0.25941923763322794,0.47299237284864204,-0.2916026072755722,E-leaning,1,3,4,E,0.7090990834941822,0.2135731352154141
1328,внутригородская территория города федерального значения поселок Стрельна,E,E,B,0.3270426837512482,0.6229154649540969,-0.31145875384729355,E-leaning,1,3,4,E,0.4551872276570794,0.2958727812028487
1329,внутригородская территория города федерального значения поселок Шушары,E,E,B,0.3270426837512482,0.6229154649540969,-0.31145875384729355,E-leaning,1,3,4,E,0.4551872276570794,0.2958727812028487
1343,городской округ Балашиха,E,E,B,0.30494040926149146,0.6080743852531909,-0.33201430887309097,E-leaning,1,3,4,E,0.5120211620528349,0.30313397599169944
1349,городской округ Богородский,E,E,B,0.26995818995015103,0.49032005807444506,-0.28984371011120263,E-leaning,1,3,4,E,0.6798681889489531,0.22036186812429404
1351,городской округ Бронницы,E,E,B,0.2633269063731531,0.4745672083796733,-0.2862745450643413,E-leaning,1,3,4,E,0.700407016821719,0.21124030200652022
1366,городской округ Воскресенск,E,E,B,0.26400598423663363,0.4775033826900397,-0.2879227262337719,E-leaning,1,3,4,E,0.6981131908343269,0.2134973984534061
1376,городской округ Дзержинский,E,E,B,0.30494040926149146,0.6080743852531909,-0.33201430887309097,E-leaning,1,3,4,E,0.5120211620528349,0.30313397599169944
1377,городской округ Дмитровский,E,E,B,0.26995818995015103,0.49032005807444506,-0.28984371011120263,E-leaning,1,3,4,E,0.6798681889489531,0.22036186812429404
1379,городской округ Долгопрудный,E,E,B,0.4080843355070255,0.550708804149017,-0.14875416056184615,E-leaning,1,3,4,E,0.45744860691537614,0.14262446864199152
1381,городской округ Домодедово,E,E,B,0.30354673942618465,0.6041894744090379,-0.3312005518790811,E-leaning,1,3,4,E,0.5198074247914846,0.30064273498285327
1382,городской округ Дубна,E,E,B,0.3018786137999983,0.6052667324451602,-0.33444267768218305,E-leaning,1,3,4,E,0.520196501411235,0.30338811864516185
1383,городской округ Егорьевск,E,E,B,0.2572679149269253,0.4605849557927815,-0.28322940418419457,E-leaning,1,3,4,E,0.7192400894900692,0.20331704086585622
1385,городской округ Жуковский,E,E,B,0.30354673942618465,0.6041894744090379,-0.3312005518790811,E-leaning,1,3,4,E,0.5198074247914846,0.30064273498285327
1396,городской округ Истра,E,E,B,0.30354673942618465,0.6041894744090379,-0.3312005518790811,E-leaning,1,3,4,E,0.5198074247914846,0.30064273498285327
1405,городской округ Кашира,E,D,E,0.09923854358012027,0.2976278198039716,-0.49988936964115527,E-leaning,0,4,3,D,0.7708711290408529,0.04107840569060067
1411,городской округ Клин,E,E,B,0.26995818995015103,0.49032005807444506,-0.28984371011120263,E-leaning,1,3,4,E,0.6798681889489531,0.22036186812429404
1412,городской округ Коломна,E,E,B,0.26995818995015103,0.49032005807444506,-0.28984371011120263,E-leaning,1,3,4,E,0.6798681889489531,0.22036186812429404
1414,городской округ Королёв,E,E,B,0.4047975159789998,0.5504723827742983,-0.15249602964085396,E-leaning,1,3,4,E,0.4635691747108482,0.1456748667952985
1417,городской округ Котельники,E,E,B,0.40101232417132276,0.5514241889976644,-0.15792324501071986,E-leaning,1,3,4,E,0.46797787301979804,0.15041186482634167
1421,городской округ Красногорск,E,E,B,0.40744499740891854,0.5451638089197718,-0.14457016415963556,E-leaning,1,3,4,E,0.4686527816328455,0.13771881151085325
1432,городской округ Ленинский,E,E,B,0.40101232417132276,0.5514241889976644,-0.15792324501071986,E-leaning,1,3,4,E,0.46797787301979804,0.15041186482634167
1434,городской округ Лобня,E,E,B,0.30354673942618465,0.6041894744090379,-0.3312005518790811,E-leaning,1,3,4,E,0.5198074247914846,0.30064273498285327
1435,городской округ Лосино-Петровский,E,E,B,0.26995818995015103,0.49032005807444506,-0.28984371011120263,E-leaning,1,3,4,E,0.6798681889489531,0.22036186812429404
1439,городской округ Лыткарино,E,E,B,0.3018786137999983,0.6052667324451602,-0.33444267768218305,E-leaning,1,3,4,E,0.520196501411235,0.30338811864516185
1440,городской округ Люберцы,E,E,B,0.30494040926149146,0.6080743852531909,-0.33201430887309097,E-leaning,1,3,4,E,0.5120211620528349,0.30313397599169944
1449,городской округ Мытищи,E,E,B,0.4047975159789998,0.5504723827742983,-0.15249602964085396,E-leaning,1,3,4,E,0.4635691747108482,0.1456748667952985
1452,городской округ Наро-Фоминский,E,E,B,0.30354673942618465,0.6041894744090379,-0.3312005518790811,E-leaning,1,3,4,E,0.5198074247914846,0.30064273498285327
1464,городской округ Одинцовский,E,E,B,0.4047975159789998,0.5504723827742983,-0.15249602964085396,E-leaning,1,3,4,E,0.4635691747108482,0.1456748667952985
1467,городской округ Орехово-Зуевский,E,E,B,0.26995818995015103,0.49032005807444506,-0.28984371011120263,E-leaning,1,3,4,E,0.6798681889489531,0.22036186812429404
1480,городской округ Петрозаводский,E,E,B,0.26995818995015103,0.49032005807444506,-0.28984371011120263,E-leaning,1,3,4,E,0.6798681889489531,0.22036186812429404
1483,городской округ Подольск,E,E,B,0.30354673942618465,0.6041894744090379,-0.3312005518790811,E-leaning,1,3,4,E,0.5198074247914846,0.30064273498285327
1491,городской округ Пушкинский,E,E,B,0.30354673942618465,0.6041894744090379,-0.3312005518790811,E-leaning,1,3,4,E,0.5198074247914846,0.30064273498285327
1494,городской округ Раменский,E,E,B,0.30354673942618465,0.6041894744090379,-0.3312005518790811,E-leaning,1,3,4,E,0.5198074247914846,0.30064273498285327
1497,городской округ Реутов,E,E,B,0.41343649555601647,0.5456595691019657,-0.13786217921048455,E-leaning,1,3,4,E,0.45760717484497515,0.1322230735459492
1506,городской округ Сергиево-Посадский,E,E,B,0.26995818995015103,0.49032005807444506,-0.28984371011120263,E-leaning,1,3,4,E,0.6798681889489531,0.22036186812429404
1509,городской округ Серпухов,E,E,B,0.26995818995015103,0.49032005807444506,-0.28984371011120263,E-leaning,1,3,4,E,0.6798681889489531,0.22036186812429404
1514,городской округ Солнечногорск,E,E,B,0.30354673942618465,0.6041894744090379,-0.3312005518790811,E-leaning,1,3,4,E,0.5198074247914846,0.30064273498285327
1517,городской округ Сосновоборский,E,E,B,0.3018786137999983,0.6052667324451602,-0.33444267768218305,E-leaning,1,3,4,E,0.520196501411235,0.30338811864516185
1521,городской округ Ступино,E,E,B,0.26995818995015103,0.49032005807444506,-0.28984371011120263,E-leaning,1,3,4,E,0.6798681889489531,0.22036186812429404
1542,городской округ Фрязино,E,E,B,0.3018786137999983,0.6052667324451602,-0.33444267768218305,E-leaning,1,3,4,E,0.520196501411235,0.30338811864516185
1552,городской округ Чехов,E,E,B,0.27350869504827535,0.4946870109392941,-0.28791922965343647,E-leaning,1,3,4,E,0.6746907013806198,0.22117831589101877
1558,городской округ Щёлково,E,E,B,0.30354673942618465,0.6041894744090379,-0.3312005518790811,E-leaning,1,3,4,E,0.5198074247914846,0.30064273498285327
1560,городской округ Электросталь,E,E,B,0.299607285875461,0.5992593835216613,-0.3333665690899181,E-leaning,1,3,4,E,0.5310327098006474,0.2996520976462003
1661,городской округ город Мурманск,E,A,E,0.12359152474311982,0.36932132775055615,-0.4985258586061904,E-leaning,0,3,3,A,0.7001440679756364,0.029654587645683406
1683,городской округ город Обнинск,E,E,B,0.296736562569871,0.597228158167982,-0.33613361761087596,E-leaning,1,3,4,E,0.5369511862116152,0.300491595598111
1789,муниципальный округ Зеленоградский,E,E,D,0.1265758587002305,0.35222152483967156,-0.47127589643696577,E-leaning,0,4,2,E,0.7506691718253005,0.04731338309581895
1792,муниципальный округ Калининский,E,E,B,0.2571822359589304,0.4698709874455704,-0.29253532566804835,E-leaning,1,3,4,E,0.7124429679179607,0.21268875148663996
