profile,panel_index,municipality,raw_self_affinity_full
A,14,Алданский муниципальный район,0.9230119121926171
A,23,Амгинский муниципальный район,0.9230119121926171
A,25,Анадырский муниципальный район,0.9230119121926171
A,101,Бикинский муниципальный район,0.9230119121926171
A,102,Билибинский муниципальный район,0.9230119121926171
A,143,Булунский муниципальный район,0.9230119121926171
A,155,Ванинский муниципальный район,0.9230119121926171
A,165,Верхнебуреинский муниципальный район,0.9230119121926171
A,166,Верхневилюйский муниципальный район,0.9230119121926171
A,168,Верхнеколымский муниципальный район,0.9230119121926171
A,175,Верхоянский муниципальный район,0.9230119121926171
A,179,Вилюйский муниципальный район,0.9230119121926171
A,205,Газимуро-Заводский муниципальный округ,0.9230119121926171
A,215,Горный муниципальный район,0.9230119121926171
A,258,Елизовский муниципальный район,0.9230119121926171
A,292,Зейский муниципальный округ,0.9230119121926171
A,362,Карагинский муниципальный район,0.9230119121926171
A,378,Катангский муниципальный район,0.9230119121926171
A,408,Кобяйский муниципальный район,0.9230119121926171
A,542,Мегино-Кангаласский муниципальный район,0.9230119121926171
A,556,Мильковский муниципальный округ,0.9230119121926171
A,562,Могойтуйский муниципальный район,0.9230119121926171
A,585,Намский муниципальный район,0.9230119121926171
A,638,Нюрбинский муниципальный район,0.9230119121926171
A,641,Облученский муниципальный район,0.9230119121926171
A,645,Оймяконский муниципальный район,0.9230119121926171
A,649,Олекминский муниципальный район,0.9230119121926171
A,650,Оленекский эвенкийский национальный муниципальный район,0.9230119121926171
A,656,Олюторский муниципальный район,0.9230119121926171
A,671,Охотский муниципальный округ,0.9230119121926171
A,804,Соболевский муниципальный район,0.9230119121926171
A,806,Советско-Гаванский муниципальный район,0.9230119121926171
A,855,Таймырский Долгано-Ненецкий муниципальный район,0.9230119121926171
A,866,Таттинский муниципальный район,0.9230119121926171
A,891,Томпонский муниципальный район,0.9230119121926171
A,911,Туруханский муниципальный район,0.9230119121926171
B,1104,внутригородская территория города федерального значения муниципальный округ Адмиралтейский округ,0.9872680484634084
B,1123,внутригородская территория города федерального значения муниципальный округ Бутырский,0.9872680484634084
B,1124,внутригородская территория города федерального значения муниципальный округ Васильевский,0.9872680484634084
B,1125,внутригородская территория города федерального значения муниципальный округ Введенский,0.9872680484634084
B,1127,внутригородская территория города федерального значения муниципальный округ Владимирский округ,0.9872680484634084
B,1135,внутригородская территория города федерального значения муниципальный округ Гавань,0.9872680484634084
B,1145,внутригородская территория города федерального значения муниципальный округ Дворцовый округ,0.9872680484634084
B,1152,внутригородская территория города федерального значения муниципальный округ Звездное,0.9872680484634084
B,1157,внутригородская территория города федерального значения муниципальный округ Измайлово,0.9872680484634084
B,1158,внутригородская территория города федерального значения муниципальный округ Измайловское,0.9872680484634084
B,1161,внутригородская территория города федерального значения муниципальный округ Коломна,0.9872680484634084
B,1162,внутригородская территория города федерального значения муниципальный округ Коломяги,0.9872680484634084
B,1165,внутригородская территория города федерального значения муниципальный округ Коньково,0.9872680484634084
B,1171,внутригородская территория города федерального значения муниципальный округ Кронверкское,0.9872680484634084
B,1178,внутригородская территория города федерального значения муниципальный округ Ланское,0.9872680484634084
B,1180,внутригородская территория города федерального значения муниципальный округ Левобережный,0.9877835118893495
B,1181,внутригородская территория города федерального значения муниципальный округ Лефортово,0.9872680484634084
B,1183,внутригородская территория города федерального значения муниципальный округ Лиговка-Ямская,0.9872680484634084
B,1184,внутригородская территория города федерального значения муниципальный округ Литейный округ,0.9872680484634084
B,1199,внутригородская территория города федерального значения муниципальный округ Морской,0.9872680484634084
B,1201,внутригородская территория города федерального значения муниципальный округ Московская застава,0.9872680484634084
B,1203,внутригородская территория города федерального значения муниципальный округ Нагатинский затон,0.9872680484634084
B,1204,внутригородская территория города федерального значения муниципальный округ Нагорный,0.9872680484634084
B,1222,внутригородская территория города федерального значения муниципальный округ Остров Декабристов,0.9872680484634084
B,1227,внутригородская территория города федерального значения муниципальный округ Пискаревка,0.9872680484634084
C,0,Абазинский муниципальный район,0.7322023830243519
C,12,Алагирский муниципальный район,0.7322023830243519
C,34,Ардонский муниципальный район,0.7322023830243519
C,237,Дигорский муниципальный район,0.7322023830243519
C,326,Ирафский муниципальный район,0.7322023830243519
C,726,Правобережный муниципальный район,0.7322023830243519
C,948,Усть-Джегутинский муниципальный район,0.7322023830243519
C,974,Хабезский муниципальный район,0.7322023830243519
D,21,Альметьевский муниципальный район,0.982127195126132
D,256,Елабужский муниципальный район,0.982127195126132
D,264,Емельяновский муниципальный район,0.982127195126132
D,293,Зеленодольский муниципальный район,0.982127195126132
D,307,Ивановский муниципальный район,0.982127195126132
D,328,Иркутский муниципальный район,0.982127195126132
D,382,Кемеровский муниципальный округ,0.982127195126132
D,521,Майминский муниципальный район,0.982127195126132
D,543,Медведевский муниципальный район,0.982127195126132
D,557,Минераловодский муниципальный округ,0.982127195126132
D,603,Нижнекамский муниципальный район,0.982127195126132
D,613,Новгородский муниципальный район,0.982127195126132
D,685,Пензенский муниципальный район,0.982127195126132
D,815,Сосновский муниципальный район,0.982127195126132
D,832,Стерлитамакский муниципальный район,0.982127195126132
D,892,Томский муниципальный район,0.982127195126132
D,917,Тюменский муниципальный район,0.982127195126132
D,966,Уфимский муниципальный район,0.982127195126132
D,1044,Шелеховский муниципальный район,0.982127195126132
D,1059,Шпаковский муниципальный округ,0.982127195126132
D,1066,Энгельсский муниципальный район,0.982127195126132
D,1334,городской округ Ангарский,0.982127195126132
D,1337,городской округ Арамильский,0.982127195126132
D,1340,городской округ Асбестовский,0.982127195126132
D,1357,городской округ Верхняя Пышма,0.982127195126132
D,1391,городской округ Иваново,0.982127195126132
D,1406,городской округ Кемеровский,0.982127195126132
D,1413,городской округ Копейский,0.982127195126132
D,1418,городской округ Котлас,0.982127195126132
D,1422,городской округ Краснокамский,0.982127195126132
D,1441,городской округ Магнитогорский,0.982127195126132
D,1445,городской округ Междуреченский,0.982127195126132
D,1446,городской округ Миасский,0.982127195126132
D,1459,городской округ Новокузнецкий,0.982127195126132
D,1460,городской округ Новокуйбышевск,0.982127195126132
D,1477,городской округ Первоуральск,0.982127195126132
D,1479,городской округ Пермский,0.982127195126132
D,1484,городской округ Полевской,0.982127195126132
D,1488,городской округ Прокопьевский,0.982127195126132
E,193,Всеволожский муниципальный район,0.8637207279334197
E,1097,внутригородская территория города федерального значения город Петергоф,0.8625855935586465
E,1103,внутригородская территория города федерального значения муниципальный округ Автово,0.8637207279334197
E,1113,внутригородская территория города федерального значения муниципальный округ Балканский,0.8637207279334197
E,1126,внутригородская территория города федерального значения муниципальный округ Вешняки,0.8637207279334197
E,1130,внутригородская территория города федерального значения муниципальный округ Волковское,0.8637207279334197
E,1134,внутригородская территория города федерального значения муниципальный округ Выхино-Жулебино,0.8606937031488161
E,1138,внутригородская территория города федерального значения муниципальный округ Георгиевский,0.8637207279334197
E,1144,внутригородская территория города федерального значения муниципальный округ Дачное,0.8637207279334197
E,1149,внутригородская территория города федерального значения муниципальный округ Екатерингофский,0.8637207279334197
E,1154,внутригородская территория города федерального значения муниципальный округ Зябликово,0.8606937031488161
E,1160,внутригородская территория города федерального значения муниципальный округ Княжево,0.8637207279334197
E,1164,внутригородская территория города федерального значения муниципальный округ Константиновское,0.8625855935586465
E,1169,внутригородская территория города федерального значения муниципальный округ Красненькая речка,0.8637207279334197
E,1174,внутригородская территория города федерального значения муниципальный округ Кузьминки,0.8628828902502318
E,1176,внутригородская территория города федерального значения муниципальный округ Купчино,0.8637207279334197
E,1179,внутригородская территория города федерального значения муниципальный округ Лахта-Ольгино,0.8621801880565849
E,1187,внутригородская территория города федерального значения муниципальный округ Люблино,0.8628828902502318
E,1205,внутригородская территория города федерального значения муниципальный округ Нарвский округ,0.8637207279334197
E,1206,внутригородская территория города федерального значения муниципальный округ Народный,0.8625855935586465
E,1207,внутригородская территория города федерального значения муниципальный округ Невская застава,0.8637207279334197
E,1210,внутригородская территория города федерального значения муниципальный округ Нижегородский,0.857855872527973
E,1216,внутригородская территория города федерального значения муниципальный округ Обуховский,0.8637207279334197
E,1218,внутригородская территория города федерального значения муниципальный округ Оккервиль,0.8637207279334197
E,1225,внутригородская территория города федерального значения муниципальный округ Перово,0.8628828902502318
E,1226,внутригородская территория города федерального значения муниципальный округ Печатники,0.8637207279334197
E,1229,внутригородская территория города федерального значения муниципальный округ Полюстрово,0.8637207279334197
E,1230,внутригородская территория города федерального значения муниципальный округ Пороховые,0.8637207279334197
E,1235,внутригородская территория города федерального значения муниципальный округ Прометей,0.8637207279334197
E,1239,внутригородская территория города федерального значения муниципальный округ Ржевка,0.8637207279334197
E,1241,внутригородская территория города федерального значения муниципальный округ Рыбацкое,0.8637207279334197
E,1248,внутригородская территория города федерального значения муниципальный округ Северное Измайлово,0.8637207279334197
E,1253,внутригородская территория города федерального значения муниципальный округ Сергиевское,0.8637207279334197
E,1260,внутригородская территория города федерального значения муниципальный округ Сосновая поляна,0.8637207279334197
E,1266,внутригородская территория города федерального значения муниципальный округ Текстильщики,0.8628828902502318
E,1270,внутригородская территория города федерального значения муниципальный округ Ульянка,0.8637207279334197
E,1271,внутригородская территория города федерального значения муниципальный округ Урицк,0.8637207279334197
E,1274,внутригородская территория города федерального значения муниципальный округ Финляндский округ,0.8637207279334197
E,1287,внутригородская территория города федерального значения муниципальный округ Юго-Запад,0.8637207279334197
E,1295,внутригородская территория города федерального значения муниципальный округ Ярославский,0.8628828902502318
E,1298,внутригородская территория города федерального значения муниципальный округ № 15,0.8637207279334197
E,1299,внутригородская территория города федерального значения муниципальный округ № 21,0.8637207279334197
E,1300,внутригородская территория города федерального значения муниципальный округ № 54,0.8637207279334197
E,1303,внутригородская территория города федерального значения муниципальный округ № 72,0.8637207279334197
E,1325,внутригородская территория города федерального значения поселок Парголово,0.8637207279334197
E,1328,внутригородская территория города федерального значения поселок Стрельна,0.8625855935586465
E,1329,внутригородская территория города федерального значения поселок Шушары,0.8625855935586465
F,68,Балахнинский муниципальный округ,0.5998364063951135
F,83,Безенчукский муниципальный район,0.5966922388943426
F,111,Богородский муниципальный округ,0.5998364063951135
F,130,Боровичский муниципальный район,0.5998364063951135
F,162,Вельский муниципальный район,0.6007413158044677
F,171,Верхнеуслонский муниципальный район,0.5972290473755884
F,203,Гагаринский муниципальный район,0.5998364063951135
F,216,Городецкий муниципальный округ,0.5998364063951135
F,224,Гурьевский муниципальный округ,0.5983026650008614
F,274,Жигаловский муниципальный район,0.6019222964218424
F,309,Иглинский муниципальный район,0.6019222964218424
F,332,Искитимский муниципальный район,0.5966922388943426
F,399,Кирово-Чепецкий муниципальный район,0.5999437699014424
F,424,Кольчугинский муниципальный район,0.5998364063951135
F,427,Кондопожский муниципальный район,0.5967075750231743
F,431,Коркинский муниципальный округ,0.6021063460802739
F,435,Костромской муниципальный район,0.6013088006229123
F,673,Павловский муниципальный округ,0.5998364063951135
F,712,Подпорожский муниципальный район,0.6023517448820768
F,734,Прокопьевский муниципальный округ,0.6063548079434714
F,759,Рыбновский муниципальный район,0.6088906122954345
F,774,Саткинский муниципальный район,0.5998364063951135
F,776,Сафоновский муниципальный район,0.5966922388943426
F,802,Смидовичский муниципальный район,0.598256654694585
F,807,Сокольский муниципальный округ,0.6013241362260895
F,818,Среднеахтубинский муниципальный район,0.6058179967425352
F,827,Старорусский муниципальный район,0.5966922388943426
F,836,Суздальский муниципальный район,0.5998364063951135
F,847,Сызранский муниципальный район,0.5992229089963655
F,856,Тайшетский муниципальный район,0.6013241362260895
F,895,Топкинский муниципальный округ,0.597060334291652
F,924,Угличский муниципальный район,0.5998364063951135
F,929,Узловский муниципальный район,0.5998364063951135
F,944,Усть-Абаканский муниципальный район,0.6136298605635122
F,970,Ферзиковский муниципальный район,0.6007413158044677
F,1022,Читинский муниципальный район,0.6029856909363548
F,1087,Ярцевский муниципальный район,0.5966922388943426
F,1346,городской округ Белоярский,0.6024744446657918
F,1348,городской округ Богданович,0.5998364063951135
F,1367,городской округ Вышневолоцкий,0.6007413158044677
F,1372,городской округ Гусевский,0.5966922388943426
F,1387,городской округ Зарайск,0.6022903954644511
F,1392,городской округ Ивдельский,0.6007413158044677
F,1397,городской округ Калтанский,0.6144120756285322
F,1400,городской округ Карабашский,0.5966922388943426
F,1409,городской округ Кировградский,0.5966922388943426
F,1425,городской округ Красноуфимск,0.597060334291652
F,1430,городской округ Кыштымский,0.5998364063951135
F,1448,городской округ Мысковский,0.6013088006229123
F,1457,городской округ Нижнетуринский,0.5966922388943426
F,1458,городской округ Нижняя Салда,0.5966922388943426
F,1471,городской округ Отрадный,0.5998364063951135
F,1496,городской округ Режевской,0.6012781256112767
F,1507,городской округ Серебряные Пруды,0.5988548138276016
F,1523,городской округ Сухой Лог,0.6012781256112767
F,1533,городской округ Троицкий,0.6144734261317487
F,1538,городской округ Удомельский,0.6100562416885528
F,1545,городской округ Чапаевск,0.6007413158044677
F,1553,городской округ Чусовской,0.6013088006229123
F,1557,городской округ Шуя,0.5966922388943426
F,1562,городской округ Южноуральский,0.5998364063951135
F,1569,городской округ город Алапаевск,0.6028425427485098
F,1572,городской округ город Алексин,0.5998364063951135
F,1573,городской округ город Арзамас,0.5998364063951135
F,1578,городской округ город Белокуриха,0.5998364063951135
F,1587,городской округ город Бугуруслан,0.6007413158044677
F,1590,городской округ город Великие Луки,0.5998364063951135
F,1594,городской округ город Волжск,0.5966922388943426
F,1597,городской округ город Выкса,0.5998364063951135
F,1598,городской округ город Вятские Поляны,0.5966922388943426
F,1603,городской округ город Гусь-Хрустальный,0.5998364063951135
F,1608,городской округ город Донской,0.5998364063951135
F,1612,городской округ город Ефремов,0.5998364063951135
F,1615,городской округ город Ирбит,0.5998364063951135
F,1624,городской округ город Камышин,0.5998364063951135
F,1657,городской округ город Мичуринск,0.5979805812696738
F,1662,городской округ город Мценск,0.5966922388943426
F,1705,городской округ город Саяногорск,0.6037627873610865
F,1722,городской округ город Торжок,0.6007413158044677
F,1740,городской округ город Шадринск,0.6012934667566803
F,1741,городской округ город Шарыпово,0.5998364063951135
F,1853,муниципальный округ Ржевский,0.5998364063951135
G,1,Абанский муниципальный район,0.9390888690515673
G,2,Абатский муниципальный район,0.9390888690515673
G,6,Адамовский муниципальный район,0.9390888690515673
G,8,Азовский немецкий национальный муниципальный район,0.9392963455549415
G,10,Аксубаевский муниципальный район,0.9391926047527444
G,15,Александро-Невский муниципальный район,0.939213351682756
G,16,Александрово-Гайский муниципальный район,0.9390888690515673
G,17,Александровский муниципальный округ,0.9396542243937733
G,20,Альменевский муниципальный округ,0.9390888690515673
G,26,Андроповский муниципальный округ,0.9395504882906978
G,27,Антроповский муниципальный район,0.9390888690515673
G,29,Апанасенковский муниципальный округ,0.9390888690515673
G,31,Аргаяшский муниципальный район,0.9394208312158268
G,32,Ардатовский муниципальный округ,0.9390888690515673
G,33,Ардатовский муниципальный район,0.9390888690515673
G,35,Арзгирский муниципальный округ,0.9390888690515673
G,36,Аркадакский муниципальный район,0.9390888690515673
G,37,Армизонский муниципальный район,0.9390888690515673
G,38,Аромашевский муниципальный район,0.9390888690515673
G,41,Архангельский муниципальный район,0.9390888690515673
G,43,Асекеевский муниципальный район,0.9390888690515673
G,46,Аткарский муниципальный район,0.9395504882906978
G,48,Атюрьевский муниципальный район,0.9390888690515673
G,49,Атяшевский муниципальный район,0.9390888690515673
G,58,Баевский муниципальный район,0.9390888690515673
G,59,Базарно-Карабулакский муниципальный район,0.9390888690515673
G,60,Базарносызганский муниципальный район,0.9390888690515673
G,65,Бакчарский муниципальный район,0.9390888690515673
G,66,Балаганский муниципальный район,0.9390888690515673
G,72,Балтайский муниципальный район,0.9390888690515673
G,77,Барышский муниципальный район,0.9390888690515673
G,78,Барятинский муниципальный район,0.9390888690515673
G,80,Башмаковский муниципальный район,0.9390888690515673
G,85,Бековский муниципальный район,0.9397787105493031
G,88,Белинский муниципальный район,0.9390888690515673
G,94,Белохолуницкий муниципальный район,0.9390888690515673
G,96,Беляевский муниципальный район,0.9394208312158268
G,97,Бердюжский муниципальный район,0.9390888690515673
G,103,Бирилюсский муниципальный район,0.9390888690515673
G,109,Богатовский муниципальный район,0.9390888690515673
G,112,Боградский муниципальный район,0.9390888690515673
G,116,Болховский муниципальный район,0.9390888690515673
G,117,Большеберезниковский муниципальный район,0.9390888690515673
G,118,Большеболдинский муниципальный округ,0.9390888690515673
G,119,Большеглушицкий муниципальный район,0.9390888690515673
G,120,Большемурашкинский муниципальный округ,0.9390888690515673
G,123,Большесельский муниципальный район,0.9390888690515673
G,124,Большеуковский муниципальный район,0.9390888690515673
G,125,Большеулуйский муниципальный район,0.9396542243937733
G,126,Большечерниговский муниципальный район,0.9392963455549415
G,127,Бондарский муниципальный округ,0.9390888690515673
G,132,Борский муниципальный район,0.9390888690515673
G,135,Брединский муниципальный район,0.9390888690515673
G,142,Буйский муниципальный район,0.9392963455549415
G,147,Бурлинский муниципальный район,0.9390888690515673
G,149,Быковский муниципальный район,0.9390888690515673
G,150,Быстроистокский муниципальный район,0.9390888690515673
G,151,Вагайский муниципальный район,0.9392963455549415
G,152,Вадинский муниципальный район,0.9390888690515673
G,153,Вадский муниципальный округ,0.9390888690515673
G,156,Варгашинский муниципальный округ,0.9390888690515673
G,157,Варнавинский муниципальный округ,0.9390888690515673
G,159,Вачский муниципальный округ,0.9390888690515673
G,160,Велижский муниципальный район,0.9390888690515673
G,163,Венгеровский муниципальный район,0.9390888690515673
G,169,Верхнетоемский муниципальный округ,0.9390888690515673
G,173,Верховский муниципальный район,0.9397787105493031
G,174,Верхошижемский муниципальный район,0.9390888690515673
G,176,Ветлужский муниципальный округ,0.9390888690515673
G,177,Вешкаймский муниципальный район,0.9390888690515673
G,181,Вичугский муниципальный район,0.9390888690515673
G,183,Вознесенский муниципальный округ,0.9390888690515673
G,188,Волчихинский муниципальный район,0.9390888690515673
G,190,Воскресенский муниципальный округ,0.9390888690515673
G,191,Воскресенский муниципальный район,0.9390888690515673
G,192,Вохомский муниципальный район,0.9390888690515673
G,199,Вятскополянский муниципальный район,0.9394208312158268
G,200,Гаврилов-Ямский муниципальный район,0.9394208312158268
G,201,Гаврилово-Посадский муниципальный район,0.9390888690515673
G,202,Гавриловский муниципальный округ,0.9390888690515673
G,204,Гагинский муниципальный округ,0.9390888690515673
G,206,Галичский муниципальный район,0.9390888690515673
G,211,Гиагинский муниципальный район,0.9394208312158268
G,212,Глазуновский муниципальный район,0.9390888690515673
G,213,Глинковский муниципальный район,0.9390888690515673
G,217,Городовиковский муниципальный район,0.9390888690515673
G,219,Горьковский муниципальный район,0.9390888690515673
G,220,Грачёвский муниципальный округ,0.9390888690515673
G,221,Грачёвский муниципальный район,0.9390888690515673
G,225,Гусь-Хрустальный муниципальный район,0.9396542243937733
G,227,Далматовский муниципальный округ,0.9390888690515673
G,231,Даровской муниципальный район,0.9390888690515673
G,233,Демидовский муниципальный район,0.9390888690515673
G,234,Дергачевский муниципальный район,0.9390888690515673
G,239,Добринский муниципальный район,0.939674971323785
G,240,Добровский муниципальный район,0.9395504882906978
G,241,Доволенский муниципальный район,0.9390888690515673
G,242,Долгоруковский муниципальный район,0.9390888690515673
G,243,Должанский муниципальный район,0.9390888690515673
G,244,Домбаровский муниципальный район,0.9390888690515673
G,247,Дубовский муниципальный район,0.939674971323785
G,250,Думиничский муниципальный район,0.9390888690515673
G,252,Духовщинский муниципальный район,0.9390888690515673
G,255,Екатериновский муниципальный район,0.9390888690515673
G,257,Еланский муниципальный район,0.9395504882906978
G,259,Елховский муниципальный район,0.9390888690515673
G,260,Ельниковский муниципальный район,0.9390888690515673
G,266,Енотаевский муниципальный район,0.9390888690515673
G,269,Ермишинский муниципальный район,0.9395504882906978
G,270,Ершичский муниципальный район,0.9390888690515673
G,271,Ершовский муниципальный район,0.9390888690515673
G,273,Жердевский муниципальный округ,0.9395504882906978
G,281,Завьяловский муниципальный район,0.9390888690515673
G,282,Задонский муниципальный район,0.939674971323785
G,285,Залегощенский муниципальный район,0.9390888690515673
G,286,Залесовский муниципальный округ,0.9390888690515673
G,288,Захаровский муниципальный район,0.9390888690515673
G,290,Звериноголовский муниципальный округ,0.9390888690515673
G,291,Здвинский муниципальный район,0.9390888690515673
G,295,Земетчинский муниципальный район,0.9390888690515673
G,300,Знаменский муниципальный округ,0.9390888690515673
G,301,Зональный муниципальный район,0.9397787105493031
G,302,Зубово-Полянский муниципальный район,0.9395504882906978
G,303,Зуевский муниципальный район,0.9390888690515673
G,304,Зырянский муниципальный район,0.9390888690515673
G,308,Ивантеевский муниципальный район,0.9390888690515673
G,310,Идринский муниципальный район,0.9390888690515673
G,313,Измалковский муниципальный район,0.9390888690515673
G,314,Износковский муниципальный район,0.9390888690515673
G,316,Икрянинский муниципальный район,0.9390888690515673
G,318,Илекский муниципальный район,0.9390888690515673
G,321,Ильинский муниципальный район,0.9390888690515673
G,322,Инжавинский муниципальный округ,0.9390888690515673
G,324,Инсарский муниципальный район,0.9390888690515673
G,327,Ирбейский муниципальный район,0.9390888690515673
G,329,Исаклинский муниципальный район,0.9390888690515673
G,331,Исилькульский муниципальный район,0.9390888690515673
G,333,Иссинский муниципальный район,0.9390888690515673
G,334,Ичалковский муниципальный район,0.9390888690515673
G,339,Кадомский муниципальный район,0.9390888690515673
G,340,Кадошкинский муниципальный район,0.9390888690515673
G,342,Кадыйский муниципальный район,0.9390888690515673
G,343,Казанский муниципальный район,0.9390888690515673
G,344,Казачинский муниципальный район,0.9390888690515673
G,349,Калачинский муниципальный район,0.9394208312158268
G,352,Калининский муниципальный район,0.9390888690515673
G,353,Калманский муниципальный район,0.9396542243937733
G,355,Камешкирский муниципальный район,0.9390888690515673
G,357,Камско-Устьинский муниципальный район,0.9390888690515673
G,358,Камызякский муниципальный район,0.9390888690515673
G,365,Каратузский муниципальный район,0.9390888690515673
G,366,Каргапольский муниципальный округ,0.9390888690515673
G,369,Кардымовский муниципальный район,0.9394208312158268
G,371,Карсунский муниципальный район,0.9390888690515673
G,377,Катайский муниципальный округ,0.9394208312158268
G,380,Кваркенский муниципальный район,0.9390888690515673
G,385,Кизильский муниципальный район,0.9390888690515673
G,386,Киквидзенский муниципальный район,0.9390888690515673
G,387,Килемарский муниципальный район,0.9390888690515673
G,388,Кильмезский муниципальный район,0.9390888690515673
G,392,Кинельский муниципальный район,0.9397787105493031
G,393,Кинешемский муниципальный район,0.9392963455549415
G,397,Кирилловский муниципальный округ,0.9392963455549415
G,402,Клепиковский муниципальный район,0.9397787105493031
G,403,Клетский муниципальный район,0.9390888690515673
G,405,Клявлинский муниципальный район,0.9390888690515673
G,432,Кормиловский муниципальный район,0.9391926047527444
G,434,Косихинский муниципальный район,0.9397787105493031
G,438,Котласский муниципальный округ,0.9392963455549415
G,445,Кошкинский муниципальный район,0.9395504882906978
G,448,Красноборский муниципальный округ,0.9395504882906978
G,459,Краснотуранский муниципальный район,0.9394208312158268
G,474,Куменский муниципальный район,0.9394208312158268
G,476,Кунашакский муниципальный район,0.9394208312158268
G,484,Кусинский муниципальный район,0.9394208312158268
G,513,Любимский муниципальный район,0.9394208312158268
G,549,Меленковский муниципальный район,0.9394208312158268
G,572,Мосальский муниципальный район,0.939674971323785
G,573,Москаленский муниципальный район,0.9394208312158268
G,591,Некоузский муниципальный район,0.9391926047527444
G,592,Некрасовский муниципальный район,0.9397787105493031
G,608,Нижнетавдинский муниципальный район,0.939674971323785
G,618,Нововаршавский муниципальный район,0.9397787105493031
G,621,Новониколаевский муниципальный район,0.939674971323785
G,622,Новоорский муниципальный район,0.9393170878476622
G,629,Новоспасский муниципальный район,0.939317092484953
G,687,Переволоцкий муниципальный район,0.9395504882906978
G,729,Прилузский муниципальный район,0.9391926047527444
G,736,Пронский муниципальный район,0.9397787105493031
G,737,Пряжинский муниципальный район,0.9394208312158268
G,751,Родниковский муниципальный район,0.9394208312158268
G,763,Савинский муниципальный район,0.9391926047527444
G,771,Саргатский муниципальный район,0.9396542243937733
G,773,Сарпинский муниципальный район,0.9395504882906978
G,778,Свердловский муниципальный район,0.9397787105493031
G,779,Светлинский муниципальный район,0.9394208312158268
G,792,Сердобский муниципальный район,0.9394208312158268
G,842,Суровикинский муниципальный район,0.9395504882906978
G,854,Таврический муниципальный район,0.9394208312158268
G,865,Татищевский муниципальный район,0.9394208312158268
G,874,Тейковский муниципальный район,0.9396542243937733
G,878,Тепло-Огаревский муниципальный район,0.939674971323785
G,879,Тербунский муниципальный район,0.939674971323785
G,894,Тоншаевский муниципальный округ,0.9394208312158268
G,905,Труновский муниципальный округ,0.9395504882906978
G,921,Убинский муниципальный район,0.9395504882906978
G,923,Увельский муниципальный район,0.9392963455549415
G,935,Умётский муниципальный округ,0.9395504882906978
G,939,Урицкий муниципальный район,0.9396542243937733
G,971,Фурмановский муниципальный район,0.9394208312158268
G,982,Хвалынский муниципальный район,0.9395504882906978
G,984,Хворостянский муниципальный район,0.939674971323785
G,987,Хлевенский муниципальный район,0.9395504882906978
G,1039,Шацкий муниципальный район,0.9395504882906978
G,1050,Шигонский муниципальный район,0.9397787105493031
G,1052,Шиловский муниципальный район,0.939213351682756
G,1077,Юхновский муниципальный район,0.9397787105493031
G,1360,городской округ Вичуга,0.9394208312158268
G,1365,городской округ Воротынский,0.9395504882906978
G,1375,городской округ Дегтярск,0.9394208312158268
G,1443,городской округ Малышевский,0.9394208312158268
G,1444,городской округ Мамоновский,0.9395504882906978
G,1450,городской округ Навашинский,0.9394208312158268
G,1465,городской округ Октябрьск,0.9394208312158268
G,1534,городской округ Тугулымский,0.9394208312158268
G,1589,городской округ город Буй,0.9394208312158268
G,1593,городской округ город Волгореченск,0.9394208312158268
G,1640,городской округ город Котовск,0.9394208312158268
G,1677,городской округ город Новоульяновск,0.9394208312158268
G,1709,городской округ город Скопин,0.939674971323785
G,1771,муниципальный округ Большесосновский,0.9391926047527444
G,1774,муниципальный округ Весьегонский,0.9397787105493031
G,1784,муниципальный округ Демянский,0.939213351682756
G,1808,муниципальный округ Красногородский,0.9395504882906978
G,1809,муниципальный округ Красногорский район,0.9393170878476622
G,1823,муниципальный округ Максатихинский,0.9397787105493031
G,1828,муниципальный округ Мошенской,0.939213351682756
G,1848,муниципальный округ Правдинский,0.9395504882906978
G,1858,муниципальный округ Селижаровский,0.939674971323785
G,1864,муниципальный округ Спировский,0.939213351682756
G,1878,муниципальный округ Чарышский район,0.9395504882906978
G,1901,муниципальный район город Нерехта и Нерехтский район,0.9394208312158268
