mo,community
Абазинский муниципальный район,5
Абанский муниципальный район,6
Абатский муниципальный район,1
Абзелиловский муниципальный район,0
Агинский муниципальный район,0
Агрызский муниципальный район,0
Адамовский муниципальный район,1
Азнакаевский муниципальный район,0
Азовский немецкий национальный муниципальный район,6
Акбулакский муниципальный район,0
Аксубаевский муниципальный район,0
Актанышский муниципальный район,0
Алагирский муниципальный район,5
Аларский муниципальный район,7
Алданский муниципальный район,4
Александро-Невский муниципальный район,1
Александрово-Гайский муниципальный район,1
Александровский муниципальный округ,6
Аликовский муниципальный округ,0
Алькеевский муниципальный район,0
Альменевский муниципальный округ,1
Альметьевский муниципальный район,8
Альшеевский муниципальный район,0
Амгинский муниципальный район,4
Амурский муниципальный район,4
Анадырский муниципальный район,4
Андроповский муниципальный округ,1
Антроповский муниципальный район,1
Анучинский муниципальный округ,6
Апанасенковский муниципальный округ,1
Апастовский муниципальный район,0
Аргаяшский муниципальный район,6
Ардатовский муниципальный округ,1
Ардатовский муниципальный район,0
Ардонский муниципальный район,5
Арзгирский муниципальный округ,1
Аркадакский муниципальный район,1
Армизонский муниципальный район,1
Аромашевский муниципальный район,1
Арсеньевский муниципальный район,6
Арский муниципальный район,0
Архангельский муниципальный район,0
Архаринский муниципальный округ,7
Асекеевский муниципальный район,1
Асиновский муниципальный район,6
Аскинский муниципальный район,0
Аткарский муниципальный район,6
Атнинский муниципальный район,0
Атюрьевский муниципальный район,0
Атяшевский муниципальный район,0
Аургазинский муниципальный район,0
Ахтубинский муниципальный район,6
Ашинский муниципальный район,7
Бабаевский муниципальный округ,7
Бабушкинский муниципальный округ,1
Бабынинский муниципальный район,6
Бавлинский муниципальный район,0
Баганский муниципальный район,6
Баевский муниципальный район,1
Базарно-Карабулакский муниципальный район,1
Базарносызганский муниципальный район,1
Бай-Тайгинский муниципальный район,0
Байкаловский муниципальный район,1
Баймакский муниципальный район,0
Бакалинский муниципальный район,0
Бакчарский муниципальный район,1
Балаганский муниципальный район,1
Балаковский муниципальный район,8
Балахнинский муниципальный округ,8
Балахтинский муниципальный район,0
Балашовский муниципальный район,7
Балейский муниципальный район,7
Балтайский муниципальный район,1
Балтасинский муниципальный район,0
Балтачевский муниципальный район,0
Барабинский муниципальный район,7
Барун-Хемчикский муниципальный район,0
Барышский муниципальный район,1
Барятинский муниципальный район,1
Батыревский муниципальный округ,0
Башмаковский муниципальный район,1
Баяндаевский муниципальный район,0
Бежаницкий муниципальный район,0
Безенчукский муниципальный район,7
Бейский муниципальный район,7
Бековский муниципальный район,0
Белебеевский муниципальный район,8
Белевский муниципальный район,6
Белинский муниципальный район,1
Беловский муниципальный округ,7
Белогорский муниципальный округ,7
Белокатайский муниципальный район,1
Беломорский муниципальный округ,7
Белорецкий муниципальный район,8
Белохолуницкий муниципальный район,1
Белоярский муниципальный район,8
Беляевский муниципальный район,0
Бердюжский муниципальный район,1
Бессоновский муниципальный район,0
Бижбулякский муниципальный район,0
Бийский муниципальный район,7
Бикинский муниципальный район,4
Билибинский муниципальный район,4
Бирилюсский муниципальный район,1
Биробиджанский муниципальный район,8
Бирский муниципальный район,8
Благоварский муниципальный район,0
Благовещенский муниципальный округ,4
Благодарненский муниципальный округ,6
Богатовский муниципальный район,1
Богородицкий муниципальный район,7
Богородский муниципальный округ,8
Боградский муниципальный район,1
Богучанский муниципальный район,7
Бокситогорский муниципальный район,7
Болотнинский муниципальный район,7
Болховский муниципальный район,1
Большеберезниковский муниципальный район,1
Большеболдинский муниципальный округ,1
Большеглушицкий муниципальный район,1
Большемурашкинский муниципальный округ,1
Большемуртинский муниципальный район,6
Большереченский муниципальный район,0
Большесельский муниципальный район,1
Большеуковский муниципальный район,1
Большеулуйский муниципальный район,0
Большечерниговский муниципальный район,6
Бондарский муниципальный округ,1
Борзинский муниципальный район,7
Борисоглебский муниципальный район,6
Боровичский муниципальный район,8
Боровский муниципальный район,8
Борский муниципальный район,1
Боханский муниципальный район,6
Братский муниципальный район,6
Брединский муниципальный район,1
Брейтовский муниципальный район,1
Бугульминский муниципальный район,8
Бугурусланский муниципальный район,0
Будённовский муниципальный округ,8
Буздякский муниципальный район,0
Буинский муниципальный район,0
Буйский муниципальный район,6
Булунский муниципальный район,4
Бураевский муниципальный район,0
Бурейский муниципальный округ,7
Бурзянский муниципальный район,0
Бурлинский муниципальный район,1
Бутурлинский муниципальный округ,6
Быковский муниципальный район,1
Быстроистокский муниципальный район,0
Вагайский муниципальный район,6
Вадинский муниципальный район,1
Вадский муниципальный округ,1
Валдайский муниципальный район,7
Ванинский муниципальный район,4
Варгашинский муниципальный округ,1
Варнавинский муниципальный округ,1
Варненский муниципальный район,6
Вачский муниципальный округ,1
Велижский муниципальный район,1
Великоустюгский муниципальный округ,7
Вельский муниципальный район,8
Венгеровский муниципальный район,1
Веневский муниципальный район,6
Верхнебуреинский муниципальный район,4
Верхневилюйский муниципальный район,4
Верхнекетский муниципальный район,1
Верхнеколымский муниципальный район,4
Верхнетоемский муниципальный округ,1
Верхнеуральский муниципальный район,6
Верхнеуслонский муниципальный район,0
Верховажский муниципальный округ,1
Верховский муниципальный район,6
Верхошижемский муниципальный район,1
Верхоянский муниципальный район,4
Ветлужский муниципальный округ,1
Вешкаймский муниципальный район,1
Викуловский муниципальный район,7
Вилюйский муниципальный район,4
Виноградовский муниципальный округ,6
Вичугский муниципальный район,6
Вожегодский муниципальный округ,6
Вознесенский муниципальный округ,1
Вологодский муниципальный округ,8
Володарский муниципальный округ,7
Волосовский муниципальный район,8
Волховский муниципальный район,8
Волчихинский муниципальный район,0
Вольский муниципальный район,7
Воскресенский муниципальный округ,1
Воскресенский муниципальный район,1
Вохомский муниципальный район,1
Всеволожский муниципальный район,3
Вурнарский муниципальный округ,0
Выборгский муниципальный район,4
Высокогорский муниципальный район,8
Вытегорский муниципальный район,7
Вязниковский муниципальный район,7
Вятскополянский муниципальный район,0
Гаврилов-Ямский муниципальный район,6
Гаврилово-Посадский муниципальный район,1
Гавриловский муниципальный округ,1
Гагаринский муниципальный район,8
Гагинский муниципальный округ,1
Газимуро-Заводский муниципальный округ,4
Галичский муниципальный район,1
Гатчинский муниципальный район,4
Гафурийский муниципальный район,0
Гдовский муниципальный район,7
Георгиевский муниципальный округ,8
Гиагинский муниципальный район,6
Глазуновский муниципальный район,0
Глинковский муниципальный район,1
Горномарийский муниципальный район,0
Горный муниципальный район,4
Городецкий муниципальный округ,8
Городовиковский муниципальный район,1
Гороховецкий муниципальный район,1
Горьковский муниципальный район,0
Грачёвский муниципальный округ,1
Грачёвский муниципальный район,1
Грязинский муниципальный район,7
Грязовецкий муниципальный округ,6
Гурьевский муниципальный округ,8
Гусь-Хрустальный муниципальный район,0
Давлекановский муниципальный район,0
Далматовский муниципальный округ,1
Дальнеконстантиновский муниципальный округ,7
Дальнереченский муниципальный район,0
Данковский муниципальный район,6
Даровской муниципальный район,1
Дедовичский муниципальный район,6
Демидовский муниципальный район,1
Дергачевский муниципальный район,0
Дзун-Хемчикский муниципальный район,0
Дивеевский муниципальный округ,6
Дигорский муниципальный район,5
Дновский муниципальный район,6
Добринский муниципальный район,1
Добровский муниципальный район,6
Доволенский муниципальный район,0
Долгоруковский муниципальный район,1
Должанский муниципальный район,1
Домбаровский муниципальный район,0
Дорогобужский муниципальный район,7
Дрожжановский муниципальный район,0
Дубовский муниципальный район,0
Дуванский муниципальный район,0
Дульдургинский муниципальный район,7
Думиничский муниципальный район,1
Духовницкий муниципальный район,0
Духовщинский муниципальный район,1
Дюртюлинский муниципальный район,8
Егорьевский муниципальный район,0
Екатериновский муниципальный район,1
Елабужский муниципальный район,8
Еланский муниципальный район,1
Елизовский муниципальный район,4
Елховский муниципальный район,1
Ельниковский муниципальный район,1
Ельнинский муниципальный район,6
Ельцовский муниципальный район,0
Еманжелинский муниципальный район,6
Емельяновский муниципальный район,8
Енисейский муниципальный район,6
Енотаевский муниципальный район,1
Ермаковский муниципальный район,6
Ермекеевский муниципальный район,0
Ермишинский муниципальный район,0
Ершичский муниципальный район,1
Ершовский муниципальный район,0
Еткульский муниципальный район,6
Жердевский муниципальный округ,1
Жигаловский муниципальный район,8
Жиздринский муниципальный район,6
Жирновский муниципальный район,6
Жуковский муниципальный район,7
Забайкальский муниципальный район,8
Завитинский муниципальный округ,7
Заволжский муниципальный район,6
Завьяловский муниципальный район,1
Задонский муниципальный район,1
Заинский муниципальный район,0
Заларинский муниципальный район,6
Залегощенский муниципальный район,0
Залесовский муниципальный округ,1
Заокский муниципальный район,8
Захаровский муниципальный район,0
Звениговский муниципальный район,0
Звериноголовский муниципальный округ,1
Здвинский муниципальный район,0
Зейский муниципальный округ,4
Зеленодольский муниципальный район,8
Зеленчукский муниципальный район,5
Земетчинский муниципальный район,1
Зианчуринский муниципальный район,0
Зилаирский муниципальный район,0
Зиминский муниципальный район,6
Змеиногорский муниципальный район,0
Знаменский муниципальный округ,1
Зональный муниципальный район,0
Зубово-Полянский муниципальный район,1
Зуевский муниципальный район,0
Зырянский муниципальный район,1
Ибресинский муниципальный округ,0
Ивановский муниципальный округ,7
Ивановский муниципальный район,8
Ивантеевский муниципальный район,1
Иглинский муниципальный район,8
Идринский муниципальный район,1
Ижемский муниципальный район,6
Ижморский муниципальный округ,6
Измалковский муниципальный район,1
Износковский муниципальный район,1
Изобильненский муниципальный округ,7
Икрянинский муниципальный район,1
Иланский муниципальный район,6
Илекский муниципальный район,0
Илишевский муниципальный район,0
Иловлинский муниципальный район,0
Ильинский муниципальный район,1
Инжавинский муниципальный округ,1
Инзенский муниципальный район,0
Инсарский муниципальный район,1
Ипатовский муниципальный округ,6
Ирафский муниципальный район,5
Ирбейский муниципальный район,1
Иркутский муниципальный район,8
Исаклинский муниципальный район,1
Исетский муниципальный район,6
Исилькульский муниципальный район,6
Искитимский муниципальный район,0
Иссинский муниципальный район,1
Ичалковский муниципальный район,1
Ишимбайский муниципальный район,8
Ишимский муниципальный район,7
Каа-Хемский муниципальный район,0
Кавалеровский муниципальный округ,7
Кадомский муниципальный район,1
Кадошкинский муниципальный район,1
Кадуйский муниципальный округ,7
Кадыйский муниципальный район,1
Казанский муниципальный район,1
Казачинский муниципальный район,0
Казачинско-Ленский муниципальный район,7
Кайбицкий муниципальный район,0
Каларский муниципальный округ,8
Калачевский муниципальный район,7
Калачинский муниципальный район,6
Калганский муниципальный округ,7
Калевальский муниципальный район,7
Калининский муниципальный район,1
Калманский муниципальный район,0
Калтасинский муниципальный район,0
Камешкирский муниципальный район,1
Камешковский муниципальный район,6
Камско-Устьинский муниципальный район,1
Камызякский муниципальный район,0
Камышлинский муниципальный район,0
Камышловский муниципальный район,8
Кандалакшский муниципальный район,4
Карагинский муниципальный район,4
Караидельский муниципальный район,0
Карасукский муниципальный район,6
Каратузский муниципальный район,1
Каргапольский муниципальный округ,0
Каргасокский муниципальный район,6
Каргатский муниципальный район,1
Кардымовский муниципальный район,6
Кармаскалинский муниципальный район,0
Карсунский муниципальный район,0
Карталинский муниципальный район,6
Карымский муниципальный район,8
Касимовский муниципальный район,1
Каслинский муниципальный район,6
Катав-Ивановский муниципальный район,6
Катайский муниципальный округ,6
Катангский муниципальный район,4
Качугский муниципальный район,6
Кваркенский муниципальный район,1
Кежемский муниципальный район,7
Кемеровский муниципальный округ,8
Кемский муниципальный район,7
Кигинский муниципальный район,0
Кизильский муниципальный район,0
Киквидзенский муниципальный район,1
Килемарский муниципальный район,0
Кильмезский муниципальный район,1
Кимовский муниципальный район,6
Кингисеппский муниципальный район,4
Кинель-Черкасский муниципальный район,6
Кинельский муниципальный район,1
Кинешемский муниципальный район,6
Киреевский муниципальный район,6
Киренский муниципальный район,7
Киржачский муниципальный район,8
Кирилловский муниципальный округ,6
Киришский муниципальный район,8
Кирово-Чепецкий муниципальный район,0
Кировский муниципальный округ,6
Кичменгско-Городецкий муниципальный округ,0
Клепиковский муниципальный район,1
Клетский муниципальный район,1
Ключевский муниципальный район,0
Клявлинский муниципальный район,1
Княгининский муниципальный округ,6
Княжпогостский муниципальный район,7
Кобяйский муниципальный район,4
Ковдорский муниципальный округ,4
Ковернинский муниципальный округ,6
Ковылкинский муниципальный район,0
Кожевниковский муниципальный район,1
Козельский муниципальный район,7
Козловский муниципальный округ,0
Козульский муниципальный район,1
Койгородский муниципальный район,1
Кологривский муниципальный округ,1
Колосовский муниципальный район,1
Колпашевский муниципальный район,6
Колпнянский муниципальный район,1
Колыванский муниципальный район,6
Колышлейский муниципальный район,1
Кольский муниципальный район,8
Кольчугинский муниципальный район,8
Комсомольский муниципальный округ,0
Кондинский муниципальный район,8
Кондопожский муниципальный район,7
Коношский муниципальный район,7
Константиновский муниципальный район,7
Кораблинский муниципальный район,1
Коркинский муниципальный округ,7
Кормиловский муниципальный район,1
Корткеросский муниципальный район,1
Косихинский муниципальный район,0
Костромской муниципальный район,8
Котельниковский муниципальный район,6
Котельничский муниципальный район,1
Котласский муниципальный округ,6
Котовский муниципальный район,6
Коченевский муниципальный район,6
Кочковский муниципальный район,1
Кочубеевский муниципальный округ,6
Кош-Агачский муниципальный район,0
Кошехабльский муниципальный район,0
Кошкинский муниципальный район,1
Крапивинский муниципальный округ,6
Краснобаковский муниципальный округ,6
Красноборский муниципальный округ,1
Красногвардейский муниципальный округ,6
Красногорский муниципальный район,0
Краснозерский муниципальный район,1
Краснозоренский муниципальный район,1
Краснокамский муниципальный район,0
Краснокутский муниципальный район,0
Краснооктябрьский муниципальный округ,1
Краснопартизанский муниципальный район,1
Красносельский муниципальный район,6
Краснослободский муниципальный район,0
Краснотуранский муниципальный район,6
Красночетайский муниципальный округ,0
Красночикойский муниципальный район,7
Краснощёковский муниципальный район,0
Кривошеинский муниципальный район,1
Кромской муниципальный район,7
Крутинский муниципальный район,0
Крутихинский муниципальный район,0
Кстовский муниципальный округ,8
Кугарчинский муниципальный район,0
Куженерский муниципальный район,0
Кузоватовский муниципальный район,0
Куйтунский муниципальный район,1
Кукморский муниципальный район,0
Кулундинский муниципальный район,6
Куменский муниципальный район,0
Кумылженский муниципальный район,1
Кунашакский муниципальный район,6
Купинский муниципальный район,6
Курагинский муниципальный район,6
Куркинский муниципальный район,1
Курманаевский муниципальный район,1
Курский муниципальный округ,5
Куртамышский муниципальный округ,1
Курьинский муниципальный район,1
Кусинский муниципальный район,6
Кушнаренковский муниципальный район,0
Кызылский муниципальный район,0
Кыринский муниципальный район,7
Кытмановский муниципальный район,0
Кыштовский муниципальный район,1
Лаганский муниципальный район,1
Лазовский муниципальный округ,7
Лаишевский муниципальный район,8
Лахденпохский муниципальный район,7
Лебедянский муниципальный район,6
Лебяжьевский муниципальный округ,1
Лев-Толстовский муниципальный район,6
Левокумский муниципальный округ,1
Лежневский муниципальный район,1
Лениногорский муниципальный район,8
Лиманский муниципальный район,1
Ловозерский муниципальный район,7
Лодейнопольский муниципальный район,8
Локтевский муниципальный район,0
Ломоносовский муниципальный район,4
Лопатинский муниципальный район,0
Лоухский муниципальный район,7
Лужский муниципальный район,4
Лукояновский муниципальный округ,1
Лунинский муниципальный район,1
Лухский муниципальный район,1
Лысковский муниципальный округ,7
Лысогорский муниципальный район,1
Любимский муниципальный район,6
Любинский муниципальный район,6
Любытинский муниципальный район,6
Людиновский муниципальный район,7
Лямбирский муниципальный район,7
Магдагачинский муниципальный район,7
Мазановский муниципальный район,7
Майкопский муниципальный район,0
Майминский муниципальный район,8
Майнский муниципальный район,1
Майский муниципальный район,1
Макарьевский муниципальный район,1
Малмыжский муниципальный район,1
Малоархангельский муниципальный район,1
Маловишерский муниципальный район,7
Малодербетовский муниципальный район,1
Малосердобинский муниципальный район,1
Малоярославецкий муниципальный район,8
Мамадышский муниципальный район,0
Мамонтовский муниципальный район,1
Манский муниципальный район,1
Мантуровский муниципальный округ,1
Мари-Турекский муниципальный район,0
Мариинский муниципальный округ,7
Мариинско-Посадский муниципальный округ,0
Марксовский муниципальный район,7
Марьяновский муниципальный район,1
Маслянинский муниципальный район,6
Матвеевский муниципальный район,0
Мегино-Кангаласский муниципальный район,4
Медведевский муниципальный район,8
Медвежьегорский муниципальный район,7
Медынский муниципальный район,6
Междуреченский муниципальный округ,1
Межевской муниципальный округ,1
Мезенский муниципальный округ,1
Меленковский муниципальный район,6
Мелеузовский муниципальный район,8
Менделеевский муниципальный район,0
Мензелинский муниципальный район,0
Мечетлинский муниципальный район,0
Мещовский муниципальный район,1
Милославский муниципальный район,1
Мильковский муниципальный округ,4
Минераловодский муниципальный округ,8
Мирнинский муниципальный район,4
Мишкинский муниципальный округ,1
Мишкинский муниципальный район,0
Миякинский муниципальный район,0
Могойтуйский муниципальный район,0
Могочинский муниципальный округ,7
Моздокский муниципальный район,0
Мокроусовский муниципальный округ,1
Мокшанский муниципальный район,0
Молчановский муниципальный район,1
Монастырщинский муниципальный район,0
Моргаушский муниципальный округ,0
Мордовский муниципальный округ,1
Моркинский муниципальный район,0
Мосальский муниципальный район,1
Москаленский муниципальный район,6
Мотыгинский муниципальный район,7
Мошковский муниципальный район,0
Муезерский муниципальный район,7
Муромцевский муниципальный район,0
Муслюмовский муниципальный район,0
Мучкапский муниципальный округ,1
Мышкинский муниципальный район,6
Нагайбакский муниципальный район,0
Нагорский муниципальный район,0
Надеждинский муниципальный район,8
Называевский муниципальный район,1
Намский муниципальный район,4
Нанайский муниципальный район,7
Наримановский муниципальный район,8
Наровчатский муниципальный район,1
Неверкинский муниципальный район,1
Нейский муниципальный округ,1
Некоузский муниципальный район,6
Некрасовский муниципальный район,6
Немецкий национальный муниципальный район,1
Нерчинский муниципальный район,7
Нерюнгринский муниципальный район,4
Нефтегорский муниципальный район,6
Нефтекумский муниципальный округ,6
Нефтеюганский муниципальный район,4
Нехаевский муниципальный район,1
Нижневартовский муниципальный район,7
Нижнеилимский муниципальный район,7
Нижнеингашский муниципальный район,1
Нижнекамский муниципальный район,8
Нижнеколымский муниципальный район,4
Нижнеломовский муниципальный район,1
Нижнеомский муниципальный район,1
Нижнесергинский муниципальный район,6
Нижнетавдинский муниципальный район,1
Нижнеудинский муниципальный район,7
Никифоровский муниципальный округ,0
Никольский муниципальный округ,6
Никольский муниципальный район,0
Новгородский муниципальный район,8
Новичихинский муниципальный район,1
Новоалександровский муниципальный округ,6
Новоаннинский муниципальный район,6
Новобурасский муниципальный район,1
Нововаршавский муниципальный район,0
Новодеревеньковский муниципальный район,1
Новодугинский муниципальный район,1
Новониколаевский муниципальный район,1
Новоорский муниципальный район,0
Новоселицкий муниципальный округ,1
Новоселовский муниципальный район,1
Новосергиевский муниципальный район,0
Новосибирский муниципальный район,8
Новосильский муниципальный район,1
Новосокольнический муниципальный район,1
Новоспасский муниципальный район,6
Новоторъяльский муниципальный район,0
Новоузенский муниципальный район,5
Новошешминский муниципальный район,0
Нолинский муниципальный район,0
Нукутский муниципальный район,6
Нуримановский муниципальный район,0
Нурлатский муниципальный район,0
Нюксенский муниципальный округ,6
Нюрбинский муниципальный район,4
Нязепетровский муниципальный район,1
Няндомский муниципальный округ,7
Облученский муниципальный район,4
Одесский муниципальный район,1
Одоевский муниципальный район,6
Озинский муниципальный район,1
Оймяконский муниципальный район,4
Оконешниковский муниципальный район,1
Октябрьский муниципальный округ,7
Окуловский муниципальный район,6
Олекминский муниципальный район,4
Оленекский эвенкийский национальный муниципальный район,4
Оловяннинский муниципальный район,7
Олонецкий муниципальный район,7
Ольгинский муниципальный округ,7
Ольховский муниципальный район,1
Ольхонский муниципальный район,0
Олюторский муниципальный район,4
Омский муниципальный район,0
Омутинский муниципальный район,1
Омутнинский муниципальный район,6
Онгудайский муниципальный район,0
Онежский муниципальный район,7
Ононский муниципальный округ,7
Орджоникидзевский муниципальный район,1
Ордынский муниципальный район,6
Оричевский муниципальный район,0
Орловский муниципальный район,0
Оршанский муниципальный район,1
Осинский муниципальный район,0
Островский муниципальный округ,1
Островский муниципальный район,7
Охотский муниципальный округ,4
Павинский муниципальный округ,1
Павловский муниципальный округ,8
Павлоградский муниципальный район,1
Палехский муниципальный район,1
Палласовский муниципальный район,1
Панкрушихинский муниципальный район,1
Парабельский муниципальный район,7
Параньгинский муниципальный район,0
Партизанский муниципальный округ,7
Партизанский муниципальный район,1
Парфеньевский муниципальный округ,1
Парфинский муниципальный район,6
Пачелмский муниципальный район,1
Пензенский муниципальный район,8
Первомайский муниципальный округ,1
Переволоцкий муниципальный район,0
Перелюбский муниципальный район,1
Пестравский муниципальный район,1
Пестречинский муниципальный район,0
Пестяковский муниципальный район,1
Петровск-Забайкальский муниципальный район,7
Петровский муниципальный район,0
Петропавловский муниципальный район,1
Петуховский муниципальный округ,1
Петушинский муниципальный район,8
Печенгский муниципальный округ,4
Пий-Хемский муниципальный район,7
Пильнинский муниципальный округ,1
Пировский муниципальный округ,1
Пителинский муниципальный район,6
Питерский муниципальный район,1
Питкярантский муниципальный округ,7
Пичаевский муниципальный округ,1
Плавский муниципальный район,7
Пластовский муниципальный район,7
Плесецкий муниципальный округ,7
Плюсский муниципальный район,1
Пограничный муниципальный округ,7
Поддорский муниципальный район,1
Подосиновский муниципальный район,0
Подпорожский муниципальный район,8
Пожарский муниципальный округ,7
Покровский муниципальный район,1
Половинский муниципальный округ,1
Полтавский муниципальный район,1
Поназыревский муниципальный округ,1
Пономарёвский муниципальный район,0
Порецкий муниципальный округ,0
Порховский муниципальный район,6
Поспелихинский муниципальный район,0
Похвистневский муниципальный район,1
Починковский муниципальный округ,6
Починковский муниципальный район,6
Пошехонский муниципальный район,6
Правобережный муниципальный район,5
Предгорный муниципальный округ,8
Приаргунский муниципальный округ,7
Прилузский муниципальный район,1
Приморский муниципальный округ,8
Приозерский муниципальный район,4
Прионежский муниципальный район,8
Притобольный муниципальный округ,1
Прокопьевский муниципальный округ,7
Промышленновский муниципальный округ,7
Пронский муниципальный район,0
Пряжинский муниципальный район,6
Псковский муниципальный район,4
Пугачевский муниципальный район,1
Пудожский муниципальный район,6
Пустошкинский муниципальный район,1
Путятинский муниципальный округ,1
Пучежский муниципальный район,1
Пушкиногорский муниципальный район,1
Пыщугский муниципальный округ,0
Радищевский муниципальный район,1
Ребрихинский муниципальный район,1
Ржаксинский муниципальный округ,1
Ровенский муниципальный район,0
Родинский муниципальный район,1
Родниковский муниципальный район,6
Ромненский муниципальный округ,6
Ромодановский муниципальный район,0
Рославльский муниципальный район,7
Ростовский муниципальный район,7
Ртищевский муниципальный район,6
Рузаевский муниципальный район,7
Русско-Полянский муниципальный район,1
Рыбновский муниципальный район,7
Ряжский муниципальный округ,6
Рязанский муниципальный район,8
Сабинский муниципальный район,0
Савинский муниципальный район,6
Сакмарский муниципальный район,0
Салаватский муниципальный район,0
Самойловский муниципальный район,1
Сампурский муниципальный округ,1
Сапожковский муниципальный район,1
Сараевский муниципальный район,1
Саракташский муниципальный район,0
Саргатский муниципальный район,0
Сармановский муниципальный район,0
Сарпинский муниципальный район,0
Саткинский муниципальный район,8
Сафакулевский муниципальный округ,0
Сафоновский муниципальный район,7
Саянский муниципальный район,1
Свердловский муниципальный район,0
Светлинский муниципальный район,6
Светлоярский муниципальный район,0
Свободненский муниципальный район,8
Себежский муниципальный район,6
Северо-Енисейский муниципальный район,4
Сегежский муниципальный округ,7
Седельниковский муниципальный район,1
Селемджинский муниципальный район,4
Селивановский муниципальный район,6
Сенгилеевский муниципальный район,0
Серафимовичский муниципальный район,1
Сергачский муниципальный округ,6
Сергиевский муниципальный район,6
Сердобский муниципальный район,6
Сернурский муниципальный район,0
Серышевский муниципальный округ,7
Сеченовский муниципальный округ,1
Сковородинский муниципальный округ,7
Сладковский муниципальный район,1
Сланцевский муниципальный район,8
Слободо-Туринский муниципальный район,6
Слободской муниципальный район,0
Слюдянский муниципальный район,7
Смидовичский муниципальный район,8
Собинский муниципальный район,7
Соболевский муниципальный район,4
Советский муниципальный округ,6
Советско-Гаванский муниципальный район,4
Сокольский муниципальный округ,7
Солигаличский муниципальный округ,1
Солнечный муниципальный район,7
Солонешенский муниципальный район,1
Солтонский муниципальный район,1
Сорокинский муниципальный район,6
Сортавальский муниципальный район,4
Сосновоборский муниципальный район,0
Сосновский муниципальный район,8
Спас-Деменский муниципальный район,0
Спасский муниципальный округ,1
Среднеахтубинский муниципальный район,8
Среднеколымский муниципальный район,4
Сретенский муниципальный район,7
Ставропольский муниципальный район,8
Становлянский муниципальный район,1
Старожиловский муниципальный район,1
Старокулаткинский муниципальный район,1
Старомайнский муниципальный район,0
Старополтавский муниципальный район,1
Старорусский муниципальный район,7
Старошайговский муниципальный район,1
Староюрьевский муниципальный округ,1
Степновский муниципальный округ,1
Стерлибашевский муниципальный район,0
Стерлитамакский муниципальный район,8
Суворовский муниципальный район,6
Судиславский муниципальный район,0
Судогодский муниципальный район,6
Суздальский муниципальный район,8
Сузунский муниципальный район,0
Сунский муниципальный район,1
Сунтарский муниципальный район,4
Суоярвский муниципальный округ,6
Сургутский муниципальный район,8
Суровикинский муниципальный район,1
Сурский муниципальный район,0
Сусанинский муниципальный район,1
Сухиничский муниципальный район,6
Сухобузимский муниципальный район,1
Сызранский муниципальный район,8
Сыктывдинский муниципальный район,7
Сысольский муниципальный район,1
Сычевский муниципальный район,6
Сямженский муниципальный округ,1
Таборинский муниципальный район,7
Табунский муниципальный район,1
Таврический муниципальный район,6
Таймырский Долгано-Ненецкий муниципальный район,4
Тайшетский муниципальный район,7
Тальменский муниципальный район,6
Тамалинский муниципальный район,1
Тандинский муниципальный район,0
Тарногский муниципальный округ,1
Тарский муниципальный район,7
Тарусский муниципальный район,7
Тасеевский муниципальный район,1
Татарский муниципальный район,6
Татищевский муниципальный район,6
Таттинский муниципальный район,4
Татышлинский муниципальный район,0
Тахтамукайский муниципальный район,8
Ташлинский муниципальный район,0
Таштагольский муниципальный район,8
Таштыпский муниципальный район,0
Тевризский муниципальный район,1
Тегульдетский муниципальный район,1
Тейковский муниципальный район,0
Темкинский муниципальный район,1
Темниковский муниципальный район,0
Теньгушевский муниципальный район,1
Тепло-Огаревский муниципальный район,1
Тербунский муниципальный район,1
Тереньгульский муниципальный район,1
Тернейский муниципальный округ,7
Тетюшский муниципальный район,0
Теучежский муниципальный район,8
Тигильский муниципальный район,4
Тисульский муниципальный округ,6
Тихвинский муниципальный район,8
Тогульский муниципальный район,1
Тогучинский муниципальный район,6
Тоджинский муниципальный район,0
Токарёвский муниципальный округ,1
Томпонский муниципальный район,4
Томский муниципальный район,8
Тонкинский муниципальный округ,1
Тоншаевский муниципальный округ,6
Топкинский муниципальный округ,8
Топчихинский муниципальный район,0
Торбеевский муниципальный район,6
Тосненский муниципальный район,4
Тотемский муниципальный округ,7
Тоцкий муниципальный район,7
Третьяковский муниципальный район,1
Троицкий муниципальный район,1
Троицко-Печорский муниципальный район,1
Троснянский муниципальный район,6
Труновский муниципальный округ,1
Тужинский муниципальный район,1
Туймазинский муниципальный район,8
Туркменский муниципальный округ,1
Турковский муниципальный район,1
Турочакский муниципальный район,6
Туруханский муниципальный район,4
Тутаевский муниципальный район,8
Тындинский муниципальный округ,4
Тюкалинский муниципальный район,0
Тюльганский муниципальный район,0
Тюлячинский муниципальный район,0
Тюменский муниципальный район,8
Тюменцевский муниципальный район,1
Тюхтетский муниципальный округ,1
Тяжинский муниципальный округ,1
Убинский муниципальный район,0
Уватский муниципальный район,7
Увельский муниципальный район,6
Угличский муниципальный район,8
Угловский муниципальный район,0
Угранский муниципальный район,6
Удорский муниципальный район,6
Ужурский муниципальный район,7
Узловский муниципальный район,8
Уйский муниципальный район,1
Улаганский муниципальный район,6
Улуг-Хемский муниципальный район,0
Ульчский муниципальный район,1
Улётовский муниципальный район,6
Умётский муниципальный округ,0
Упоровский муниципальный район,6
Уренский муниципальный округ,7
Уржумский муниципальный район,1
Урицкий муниципальный район,0
Урмарский муниципальный округ,0
Урупский муниципальный район,5
Усманский муниципальный район,6
Усольский муниципальный район,7
Усть-Абаканский муниципальный район,7
Усть-Алданский муниципальный район,4
Усть-Большерецкий муниципальный район,4
Усть-Вымский муниципальный район,7
Усть-Джегутинский муниципальный район,5
Усть-Илимский муниципальный район,6
Усть-Ишимский муниципальный район,1
Усть-Калманский муниципальный район,1
Усть-Камчатский муниципальный район,4
Усть-Канский муниципальный район,0
Усть-Коксинский муниципальный район,6
Усть-Кубинский муниципальный округ,1
Усть-Куломский муниципальный район,1
Усть-Кутский муниципальный район,4
Усть-Майский муниципальный район,4
Усть-Пристанский муниципальный район,1
Усть-Таркский муниципальный район,1
Усть-Удинский муниципальный район,1
Усть-Цилемский муниципальный район,7
Усть-Янский муниципальный район,4
Устьянский муниципальный округ,7
Устюженский муниципальный округ,6
Уфимский муниципальный район,8
Ухоловский муниципальный район,1
Учалинский муниципальный район,8
Уярский муниципальный район,1
Ферзиковский муниципальный район,8
Фурмановский муниципальный район,6
Хабаровский муниципальный район,4
Хабарский муниципальный район,0
Хабезский муниципальный район,5
Хайбуллинский муниципальный район,0
Хангаласский муниципальный район,4
Ханкайский муниципальный округ,7
Ханты-Мансийский муниципальный район,8
Харабалинский муниципальный район,0
Харовский муниципальный округ,6
Хасанский муниципальный округ,7
Хвалынский муниципальный район,6
Хвастовичский муниципальный район,1
Хворостянский муниципальный район,1
Хилокский муниципальный район,0
Хиславичский муниципальный район,1
Хлевенский муниципальный район,1
Холм-Жирковский муниципальный район,6
Холмогорский муниципальный округ,6
Холмский муниципальный район,6
Хорольский муниципальный округ,6
Хотынецкий муниципальный район,0
Целинный муниципальный округ,1
Цивильский муниципальный округ,0
Чагодощенский муниципальный округ,7
Чаинский муниципальный район,1
Чамзинский муниципальный район,6
Чановский муниципальный район,6
Чаплыгинский муниципальный район,6
Частоозерский муниципальный округ,1
Чебаркульский муниципальный район,7
Чебоксарский муниципальный округ,0
Чебулинский муниципальный округ,7
Чеди-Хольский муниципальный район,0
Чекмагушевский муниципальный район,0
Челно-Вершинский муниципальный район,1
Чемальский муниципальный район,7
Чердаклинский муниципальный район,0
Черемховский муниципальный район,6
Черемшанский муниципальный район,0
Черепановский муниципальный район,6
Череповецкий муниципальный район,8
Черлакский муниципальный район,0
Черниговский муниципальный округ,7
Черноярский муниципальный район,1
Чернский муниципальный район,6
Чернышевский муниципальный район,7
Чернышковский муниципальный район,1
Чесменский муниципальный район,1
Чистоозерный муниципальный район,1
Чистопольский муниципальный район,0
Читинский муниципальный район,8
Чишминский муниципальный район,8
Чойский муниципальный район,1
Чугуевский муниципальный округ,7
Чудовский муниципальный район,7
Чулымский муниципальный район,0
Чунский муниципальный район,6
Чурапчинский муниципальный район,4
Чухломский муниципальный район,1
Чучковский муниципальный район,1
Шабалинский муниципальный район,0
Шаблыкинский муниципальный район,1
Шарангский муниципальный округ,1
Шаранский муниципальный район,0
Шарлыкский муниципальный район,0
Шатковский муниципальный округ,1
Шатровский муниципальный округ,1
Шацкий муниципальный район,0
Шебалинский муниципальный район,6
Шегарский муниципальный район,6
Шекснинский муниципальный район,7
Шелаболихинский муниципальный район,1
Шелеховский муниципальный район,8
Шелопугинский муниципальный район,7
Шемуршинский муниципальный округ,0
Шенкурский муниципальный округ,6
Шенталинский муниципальный район,1
Шербакульский муниципальный район,1
Шигонский муниципальный район,1
Шилкинский муниципальный район,7
Шиловский муниципальный район,1
Шимановский муниципальный округ,7
Шимский муниципальный район,1
Шипуновский муниципальный район,6
Ширинский муниципальный район,1
Шкотовский муниципальный округ,7
Шовгеновский муниципальный район,5
Шпаковский муниципальный округ,8
Шуйский муниципальный район,7
Шумячский муниципальный район,0
Шушенский муниципальный район,7
Щекинский муниципальный район,8
Щучанский муниципальный округ,6
Эвенкийский муниципальный район,4
Энгельсский муниципальный район,8
Эхирит-Булагатский муниципальный район,0
Южский муниципальный район,1
Юргамышский муниципальный округ,1
Юргинский муниципальный район,1
Юринский муниципальный район,1
Юрьев-Польский муниципальный район,6
Юрьевецкий муниципальный район,1
Юрьянский муниципальный район,0
Юстинский муниципальный район,1
Ютазинский муниципальный район,0
Юхновский муниципальный район,1
Ядринский муниципальный округ,0
Яйский муниципальный округ,7
Яковлевский муниципальный округ,7
Яльчикский муниципальный округ,1
Янаульский муниципальный район,0
Янтиковский муниципальный округ,0
Яранский муниципальный район,0
Ярковский муниципальный район,6
Ярославский муниципальный район,8
Ярцевский муниципальный район,7
Ясногорский муниципальный район,7
Яшкинский муниципальный округ,6
внутригородская территория города федерального значения  Александровский муниципальный округ,3
внутригородская территория города федерального значения город Зеленогорск,3
внутригородская территория города федерального значения город Колпино,4
внутригородская территория города федерального значения город Красное Село,4
внутригородская территория города федерального значения город Кронштадт,4
внутригородская территория города федерального значения город Ломоносов,4
внутригородская территория города федерального значения город Павловск,3
внутригородская территория города федерального значения город Петергоф,3
внутригородская территория города федерального значения город Пушкин,3
внутригородская территория города федерального значения город Сестрорецк,3
внутригородская территория города федерального значения городской округ Троицк,3
внутригородская территория города федерального значения городской округ Щербинка,3
внутригородская территория города федерального значения муниципальное образование Савелки,2
внутригородская территория города федерального значения муниципальный округ Автово,3
внутригородская территория города федерального значения муниципальный округ Адмиралтейский округ,3
внутригородская территория города федерального значения муниципальный округ Академический,2
внутригородская территория города федерального значения муниципальный округ Академическое,3
внутригородская территория города федерального значения муниципальный округ Алексеевский,2
внутригородская территория города федерального значения муниципальный округ Алтуфьевский,3
внутригородская территория города федерального значения муниципальный округ Аптекарский остров,2
внутригородская территория города федерального значения муниципальный округ Арбат,2
внутригородская территория города федерального значения муниципальный округ Аэропорт,2
внутригородская территория города федерального значения муниципальный округ Бабушкинский,3
внутригородская территория города федерального значения муниципальный округ Балканский,3
внутригородская территория города федерального значения муниципальный округ Басманный,2
внутригородская территория города федерального значения муниципальный округ Беговой,2
внутригородская территория города федерального значения муниципальный округ Бескудниковский,3
внутригородская территория города федерального значения муниципальный округ Бибирево,3
внутригородская территория города федерального значения муниципальный округ Бирюлево Восточное,3
внутригородская территория города федерального значения муниципальный округ Бирюлево Западное,4
внутригородская территория города федерального значения муниципальный округ Богородское,3
внутригородская территория города федерального значения муниципальный округ Большая Охта,3
внутригородская территория города федерального значения муниципальный округ Братеево,3
внутригородская территория города федерального значения муниципальный округ Бутырский,3
внутригородская территория города федерального значения муниципальный округ Васильевский,3
внутригородская территория города федерального значения муниципальный округ Введенский,3
внутригородская территория города федерального значения муниципальный округ Вешняки,3
внутригородская территория города федерального значения муниципальный округ Владимирский округ,3
внутригородская территория города федерального значения муниципальный округ Внуково,3
внутригородская территория города федерального значения муниципальный округ Войковский,2
внутригородская территория города федерального значения муниципальный округ Волковское,3
внутригородская территория города федерального значения муниципальный округ Восточное Дегунино,3
внутригородская территория города федерального значения муниципальный округ Восточное Измайлово,3
внутригородская территория города федерального значения муниципальный округ Восточный,4
внутригородская территория города федерального значения муниципальный округ Выхино-Жулебино,3
внутригородская территория города федерального значения муниципальный округ Гавань,3
внутригородская территория города федерального значения муниципальный округ Гагаринский,2
внутригородская территория города федерального значения муниципальный округ Гагаринское,3
внутригородская территория города федерального значения муниципальный округ Георгиевский,3
внутригородская территория города федерального значения муниципальный округ Головинский,3
внутригородская территория города федерального значения муниципальный округ Гольяново,3
внутригородская территория города федерального значения муниципальный округ Горелово,3
внутригородская территория города федерального значения муниципальный округ Гражданка,3
внутригородская территория города федерального значения муниципальный округ Даниловский,2
внутригородская территория города федерального значения муниципальный округ Дачное,3
внутригородская территория города федерального значения муниципальный округ Дворцовый округ,3
внутригородская территория города федерального значения муниципальный округ Дмитровский,3
внутригородская территория города федерального значения муниципальный округ Донской,2
внутригородская территория города федерального значения муниципальный округ Дорогомилово,2
внутригородская территория города федерального значения муниципальный округ Екатерингофский,3
внутригородская территория города федерального значения муниципальный округ Замоскворечье,2
внутригородская территория города федерального значения муниципальный округ Западное Дегунино,3
внутригородская территория города федерального значения муниципальный округ Звездное,3
внутригородская территория города федерального значения муниципальный округ Зюзино,3
внутригородская территория города федерального значения муниципальный округ Зябликово,3
внутригородская территория города федерального значения муниципальный округ Ивановский,3
внутригородская территория города федерального значения муниципальный округ Ивановское,3
внутригородская территория города федерального значения муниципальный округ Измайлово,3
внутригородская территория города федерального значения муниципальный округ Измайловское,3
внутригородская территория города федерального значения муниципальный округ Капотня,4
внутригородская территория города федерального значения муниципальный округ Княжево,3
внутригородская территория города федерального значения муниципальный округ Коломна,3
внутригородская территория города федерального значения муниципальный округ Коломяги,3
внутригородская территория города федерального значения муниципальный округ Комендантский аэродром,3
внутригородская территория города федерального значения муниципальный округ Константиновское,3
внутригородская территория города федерального значения муниципальный округ Коньково,3
внутригородская территория города федерального значения муниципальный округ Коптево,3
внутригородская территория города федерального значения муниципальный округ Косино-Ухтомский,3
внутригородская территория города федерального значения муниципальный округ Котловка,3
внутригородская территория города федерального значения муниципальный округ Красненькая речка,3
внутригородская территория города федерального значения муниципальный округ Красносельский,2
внутригородская территория города федерального значения муниципальный округ Кронверкское,3
внутригородская территория города федерального значения муниципальный округ Крылатское,2
внутригородская территория города федерального значения муниципальный округ Крюково,3
внутригородская территория города федерального значения муниципальный округ Кузьминки,3
внутригородская территория города федерального значения муниципальный округ Кунцево,2
внутригородская территория города федерального значения муниципальный округ Купчино,3
внутригородская территория города федерального значения муниципальный округ Куркино,2
внутригородская территория города федерального значения муниципальный округ Ланское,3
внутригородская территория города федерального значения муниципальный округ Лахта-Ольгино,3
внутригородская территория города федерального значения муниципальный округ Левобережный,2
внутригородская территория города федерального значения муниципальный округ Лефортово,2
внутригородская территория города федерального значения муниципальный округ Лианозово,3
внутригородская территория города федерального значения муниципальный округ Лиговка-Ямская,3
внутригородская территория города федерального значения муниципальный округ Литейный округ,3
внутригородская территория города федерального значения муниципальный округ Ломоносовский,2
внутригородская территория города федерального значения муниципальный округ Лосиноостровский,3
внутригородская территория города федерального значения муниципальный округ Люблино,3
внутригородская территория города федерального значения муниципальный округ Малая Охта,3
внутригородская территория города федерального значения муниципальный округ Марфино,2
внутригородская территория города федерального значения муниципальный округ Марьина роща,2
внутригородская территория города федерального значения муниципальный округ Марьино,3
внутригородская территория города федерального значения муниципальный округ Матушкино,3
внутригородская территория города федерального значения муниципальный округ Метрогородок,3
внутригородская территория города федерального значения муниципальный округ Мещанский,2
внутригородская территория города федерального значения муниципальный округ Митино,2
внутригородская территория города федерального значения муниципальный округ Можайский,2
внутригородская территория города федерального значения муниципальный округ Молжаниновский,3
внутригородская территория города федерального значения муниципальный округ Морские ворота,4
внутригородская территория города федерального значения муниципальный округ Морской,3
внутригородская территория города федерального значения муниципальный округ Москворечье-Сабурово,3
внутригородская территория города федерального значения муниципальный округ Московская застава,3
внутригородская территория города федерального значения муниципальный округ Нагатино-Садовники,2
внутригородская территория города федерального значения муниципальный округ Нагатинский затон,3
внутригородская территория города федерального значения муниципальный округ Нагорный,3
внутригородская территория города федерального значения муниципальный округ Нарвский округ,3
внутригородская территория города федерального значения муниципальный округ Народный,3
внутригородская территория города федерального значения муниципальный округ Невская застава,3
внутригородская территория города федерального значения муниципальный округ Невский округ,3
внутригородская территория города федерального значения муниципальный округ Некрасовка,3
внутригородская территория города федерального значения муниципальный округ Нижегородский,3
внутригородская территория города федерального значения муниципальный округ Ново-Переделкино,3
внутригородская территория города федерального значения муниципальный округ Новогиреево,3
внутригородская территория города федерального значения муниципальный округ Новоизмайловское,3
внутригородская территория города федерального значения муниципальный округ Новокосино,3
внутригородская территория города федерального значения муниципальный округ Обручевский,2
внутригородская территория города федерального значения муниципальный округ Обуховский,3
внутригородская территория города федерального значения муниципальный округ Озеро Долгое,3
внутригородская территория города федерального значения муниципальный округ Оккервиль,3
внутригородская территория города федерального значения муниципальный округ Орехово-Борисово Северное,3
внутригородская территория города федерального значения муниципальный округ Орехово-Борисово Южное,3
внутригородская территория города федерального значения муниципальный округ Останкинский,2
внутригородская территория города федерального значения муниципальный округ Остров Декабристов,3
внутригородская территория города федерального значения муниципальный округ Отрадное,3
внутригородская территория города федерального значения муниципальный округ Очаково-Матвеевское,2
внутригородская территория города федерального значения муниципальный округ Перово,3
внутригородская территория города федерального значения муниципальный округ Печатники,3
внутригородская территория города федерального значения муниципальный округ Пискаревка,3
внутригородская территория города федерального значения муниципальный округ Покровское-Стрешнево,2
внутригородская территория города федерального значения муниципальный округ Полюстрово,3
внутригородская территория города федерального значения муниципальный округ Пороховые,3
внутригородская территория города федерального значения муниципальный округ Посадский,2
внутригородская территория города федерального значения муниципальный округ Правобережный,3
внутригородская территория города федерального значения муниципальный округ Преображенское,3
внутригородская территория города федерального значения муниципальный округ Пресненский,2
внутригородская территория города федерального значения муниципальный округ Прометей,3
внутригородская территория города федерального значения муниципальный округ Проспект Вернадского,2
внутригородская территория города федерального значения муниципальный округ Пулковский меридиан,3
внутригородская территория города федерального значения муниципальный округ Раменки,2
внутригородская территория города федерального значения муниципальный округ Ржевка,3
внутригородская территория города федерального значения муниципальный округ Ростокино,2
внутригородская территория города федерального значения муниципальный округ Рыбацкое,3
внутригородская территория города федерального значения муниципальный округ Рязанский,3
внутригородская территория города федерального значения муниципальный округ Савеловский,2
внутригородская территория города федерального значения муниципальный округ Сампсониевское,3
внутригородская территория города федерального значения муниципальный округ Светлановское,3
внутригородская территория города федерального значения муниципальный округ Свиблово,2
внутригородская территория города федерального значения муниципальный округ Северное Бутово,2
внутригородская территория города федерального значения муниципальный округ Северное Измайлово,3
внутригородская территория города федерального значения муниципальный округ Северное Медведково,3
внутригородская территория города федерального значения муниципальный округ Северное Тушино,3
внутригородская территория города федерального значения муниципальный округ Семеновский,3
внутригородская территория города федерального значения муниципальный округ Сенной округ,3
внутригородская территория города федерального значения муниципальный округ Сергиевское,3
внутригородская территория города федерального значения муниципальный округ Силино,3
внутригородская территория города федерального значения муниципальный округ Смольнинское,3
внутригородская территория города федерального значения муниципальный округ Сокол,2
внутригородская территория города федерального значения муниципальный округ Соколиная гора,3
внутригородская территория города федерального значения муниципальный округ Сокольники,2
внутригородская территория города федерального значения муниципальный округ Солнцево,2
внутригородская территория города федерального значения муниципальный округ Сосновая поляна,3
внутригородская территория города федерального значения муниципальный округ Сосновское,3
внутригородская территория города федерального значения муниципальный округ Старое Крюково,3
внутригородская территория города федерального значения муниципальный округ Строгино,2
внутригородская территория города федерального значения муниципальный округ Таганский,2
внутригородская территория города федерального значения муниципальный округ Тверской,2
внутригородская территория города федерального значения муниципальный округ Текстильщики,3
внутригородская территория города федерального значения муниципальный округ Теплый Стан,2
внутригородская территория города федерального значения муниципальный округ Тимирязевский,3
внутригородская территория города федерального значения муниципальный округ Тропарево-Никулино,2
внутригородская территория города федерального значения муниципальный округ Ульянка,3
внутригородская территория города федерального значения муниципальный округ Урицк,3
внутригородская территория города федерального значения муниципальный округ Филевский парк,2
внутригородская территория города федерального значения муниципальный округ Фили-Давыдково,2
внутригородская территория города федерального значения муниципальный округ Финляндский округ,3
внутригородская территория города федерального значения муниципальный округ Хамовники,2
внутригородская территория города федерального значения муниципальный округ Ховрино,2
внутригородская территория города федерального значения муниципальный округ Хорошево-Мневники,2
внутригородская территория города федерального значения муниципальный округ Хорошевский,2
внутригородская территория города федерального значения муниципальный округ Царицыно,3
внутригородская территория города федерального значения муниципальный округ Черемушки,2
внутригородская территория города федерального значения муниципальный округ Чертаново Северное,3
внутригородская территория города федерального значения муниципальный округ Чертаново Центральное,3
внутригородская территория города федерального значения муниципальный округ Чертаново Южное,3
внутригородская территория города федерального значения муниципальный округ Чкаловское,2
внутригородская территория города федерального значения муниципальный округ Шувалово-Озерки,3
внутригородская территория города федерального значения муниципальный округ Щукино,2
внутригородская территория города федерального значения муниципальный округ Юго-Запад,3
внутригородская территория города федерального значения муниципальный округ Южно-Приморский,3
внутригородская территория города федерального значения муниципальный округ Южное Бутово,3
внутригородская территория города федерального значения муниципальный округ Южное Медведково,3
внутригородская территория города федерального значения муниципальный округ Южное Тушино,3
внутригородская территория города федерального значения муниципальный округ Южнопортовый,2
внутригородская территория города федерального значения муниципальный округ Юнтолово,3
внутригородская территория города федерального значения муниципальный округ Якиманка,2
внутригородская территория города федерального значения муниципальный округ Ярославский,3
внутригородская территория города федерального значения муниципальный округ Ясенево,3
внутригородская территория города федерального значения муниципальный округ округ Петровский,3
внутригородская территория города федерального значения муниципальный округ № 15,3
внутригородская территория города федерального значения муниципальный округ № 21,3
внутригородская территория города федерального значения муниципальный округ № 54,3
внутригородская территория города федерального значения муниципальный округ № 65,3
внутригородская территория города федерального значения муниципальный округ № 7,3
внутригородская территория города федерального значения муниципальный округ № 72,3
внутригородская территория города федерального значения муниципальный округ № 78,3
внутригородская территория города федерального значения поселение Внуковское,2
внутригородская территория города федерального значения поселение Вороновское,4
внутригородская территория города федерального значения поселение Воскресенское,3
внутригородская территория города федерального значения поселение Десеновское,3
внутригородская территория города федерального значения поселение Киевский,8
внутригородская территория города федерального значения поселение Кокошкино,4
внутригородская территория города федерального значения поселение Краснопахорское,4
внутригородская территория города федерального значения поселение Марушкинское,3
внутригородская территория города федерального значения поселение Михайлово-Ярцевское,4
внутригородская территория города федерального значения поселение Московский,2
"внутригородская территория города федерального значения поселение Мосрентген""""",3
внутригородская территория города федерального значения поселение Новофедоровское,4
внутригородская территория города федерального значения поселение Первомайское,3
внутригородская территория города федерального значения поселение Рязановское,3
внутригородская территория города федерального значения поселение Сосенское,2
внутригородская территория города федерального значения поселение Филимонковское,3
внутригородская территория города федерального значения поселение Щаповское,4
внутригородская территория города федерального значения поселок Левашово,3
внутригородская территория города федерального значения поселок Лисий Нос,2
внутригородская территория города федерального значения поселок Металлострой,4
внутригородская территория города федерального значения поселок Парголово,3
внутригородская территория города федерального значения поселок Песочный,3
внутригородская территория города федерального значения поселок Понтонный,8
внутригородская территория города федерального значения поселок Стрельна,3
внутригородская территория города федерального значения поселок Шушары,3
городской округ Абдулинский,0
городской округ Алапаевское,7
городской округ Александровск-Сахалинский район,7
городской округ Анадырь,4
городской округ Ангарский,8
городской округ Анжеро-Судженский,8
городской округ Анивский,4
городской округ Арамильский,8
городской округ Арсеньевский,8
городской округ Артинский,6
городской округ Асбестовский,8
городской округ Ачитский,0
городской округ Баксан,5
городской округ Балашиха,3
городской округ Балтийский,8
городской округ Беловский,8
городской округ Белоярский,8
городской округ Бисертский,6
городской округ Богданович,8
городской округ Богородский,4
городской округ Большой Камень,8
городской округ Бронницы,4
городской округ Великий Новгород,8
городской округ Верещагинский,7
городской округ Верхнесалдинский,8
городской округ Верхнеуфалейский,7
городской округ Верхний Тагил,7
городской округ Верхняя Пышма,8
городской округ Верхняя Тура,7
городской округ Верхотурский,7
городской округ Вичуга,6
городской округ Владивостокский,4
городской округ Волоколамский,4
городской округ Волчанский,6
городской округ Воркута,4
городской округ Воротынский,0
городской округ Воскресенск,4
городской округ Вышневолоцкий,8
городской округ Гайский,0
городской округ Гаринский,1
городской округ Голышмановский,1
городской округ Горнозаводский,7
городской округ Гусевский,7
городской округ Дальнегорский,7
городской округ Дальнереченский,7
городской округ Дегтярск,6
городской округ Дзержинский,3
городской округ Дмитровский,4
городской округ Добрянский,8
городской округ Долгопрудный,3
городской округ Долинский,4
городской округ Домодедово,3
городской округ Дубна,3
городской округ Егорьевск,8
городской округ Жигулевск,8
городской округ Жуковский,3
городской округ Заводоуковский,7
городской округ Зарайск,8
городской округ Заречный,7
городской округ Зима,7
городской округ Златоустовский,8
городской округ Иваново,8
городской округ Ивдельский,8
городской округ Ильинский,0
городской округ Инта,4
городской округ Ирбитское,6
городской округ Истра,3
городской округ Калтанский,8
городской округ Каменский,7
городской округ Камышловский,7
городской округ Карабашский,7
городской округ Карачаевский,5
городской округ Карпинск,7
городской округ Качканарский,8
городской округ Кашинский,6
городской округ Кашира,4
городской округ Кемеровский,8
городской округ Кинель,8
городской округ Кинешма,7
городской округ Кировградский,7
городской округ Киселевский,8
городской округ Клин,4
городской округ Коломна,4
городской округ Копейский,8
городской округ Королёв,3
городской округ Корсаковский,4
городской округ Костомукшский,4
городской округ Котельники,3
городской округ Котлас,8
городской округ Кохма,7
городской округ Красновишерский,6
городской округ Красногорск,2
городской округ Краснокамский,8
городской округ Краснотурьинск,8
городской округ Красноуральск,7
городской округ Красноуфимск,8
городской округ Красноуфимский округ,0
городской округ Кувандыкский,0
городской округ Курильский,4
городской округ Кушвинский,7
городской округ Кыштымский,8
городской округ Ленинск-Кузнецкий,8
городской округ Ленинский,3
городской округ Лесозаводский,7
городской округ Лобня,3
городской округ Лосино-Петровский,4
городской округ Лотошино,7
городской округ Луховицы,4
городской округ Лысьвенский,8
городской округ Лыткарино,3
городской округ Люберцы,3
городской округ Магнитогорский,8
городской округ Макаровский,7
городской округ Малышевский,6
городской округ Мамоновский,6
городской округ Междуреченский,8
городской округ Миасский,8
городской округ Можайский,4
городской округ Мысковский,8
городской округ Мытищи,3
городской округ Навашинский,6
городской округ Нальчик,5
городской округ Наро-Фоминский,3
городской округ Находкинский,4
городской округ Невельский,7
городской округ Невьянский,8
городской округ Нелидовский,7
городской округ Нижнетуринский,7
городской округ Нижняя Салда,7
городской округ Новокузнецкий,8
городской округ Новокуйбышевск,8
городской округ Новолялинский,6
городской округ Ногликский,4
городской округ Нытвенский,6
городской округ Одинцовский,3
городской округ Октябрьск,6
городской округ Октябрьский,1
городской округ Орехово-Зуевский,4
городской округ Осинниковский,8
городской округ Осинский,7
городской округ Осташковский,7
городской округ Отрадный,8
городской округ Оханский,6
городской округ Охинский,4
городской округ Очерский,7
городской округ Партизанский,7
городской округ Пелым,6
городской округ Первоуральск,8
городской округ Перевозский,6
городской округ Пермский,8
городской округ Петрозаводский,4
городской округ Петропавловск-Камчатский,4
городской округ Пионерский,8
городской округ Подольск,3
городской округ Полевской,8
городской округ Полысаевский,8
городской округ Поронайский,4
городской округ Похвистнево,7
городской округ Прокопьевский,8
городской округ Протвино,8
городской округ Прохладный,5
городской округ Пушкинский,3
городской округ Пущино,7
городской округ Пышминский,6
городской округ Раменский,3
городской округ Ревда,8
городской округ Режевской,8
городской округ Реутов,3
городской округ Рефтинский,7
городской округ Рузский,4
городской округ Самара,8
городской округ Светловский,0
городской округ Светлогорский,8
городской округ Северодвинск,4
городской округ Североуральский,7
городской округ Семеновский,6
городской округ Сергиево-Посадский,4
городской округ Серебряные Пруды,8
городской округ Серовский,8
городской округ Серпухов,4
городской округ Смирныховский,7
городской округ Советский,8
городской округ Сокольский,6
городской округ Соликамский,8
городской округ Солнечногорск,3
городской округ Соль-Илецкий,0
городской округ Сорочинский,7
городской округ Сосновоборский,3
городской округ Сосьвинский,6
городской округ Спасск-Дальний,7
городской округ Среднеуральск,8
городской округ Ступино,4
городской округ Суксунский,1
городской округ Сухой Лог,8
городской округ Сызрань,8
городской округ Сыктывкар,8
городской округ Сысертский,8
городской округ Тавдинский,7
городской округ Тайгинский,7
городской округ Талдомский,8
городской округ Талицкий,7
городской округ Тейково,7
городской округ Томаринский,7
городской округ Троицкий,8
городской округ Тугулымский,6
городской округ Туринский,6
городской округ Тымовский,7
городской округ Углегорский,4
городской округ Удомельский,7
городской округ Уссурийский,4
городской округ Усть-Катавский,7
городской округ Ухта,8
городской округ Фрязино,3
городской округ Холмский,4
городской округ Чайковский,8
городской округ Чапаевск,8
городской округ Чебаркульский,8
городской округ Челябинский,8
городской округ Чердынский,1
городской округ Черкесский,5
городской округ Черноголовка,4
городской округ Чернушинский,7
городской округ Чехов,3
городской округ Чусовской,8
городской округ Шалинский,1
городской округ Шатура,4
городской округ Шаховская,8
городской округ Шуя,7
городской округ Щёлково,3
городской округ Эгвекинот,4
городской округ Электросталь,4
городской округ Южно-Курильский,4
городской округ Южноуральский,8
городской округ Юргинский,8
городской округ Ясненский,0
городской округ город Абаза,6
городской округ город Абакан,8
городской округ город Агидель,0
городской округ город Адыгейск,5
городской округ город Алапаевск,8
городской округ город Алатырь,0
городской округ город Алейск,7
городской округ город Алексин,8
городской округ город Арзамас,8
городской округ город Архангельск,4
городской округ город Астрахань,8
городской округ город Ачинск,8
городской округ город Барнаул,8
городской округ город Белокуриха,8
городской округ город Бердск,8
городской округ город Березники,8
городской округ город Бийск,8
городской округ город Биробиджан,4
городской округ город Боготол,6
городской округ город Бор,8
городской округ город Бородино,7
городской округ город Братск,8
городской округ город Бугуруслан,8
городской округ город Бузулук,8
городской округ город Буй,6
городской округ город Великие Луки,8
городской округ город Владикавказ,8
городской округ город Владимир,8
городской округ город Волгореченск,6
городской округ город Волжск,7
городской округ город Волжский,8
городской округ город Воткинск,8
городской округ город Выкса,8
городской округ город Вятские Поляны,0
городской округ город Галич,6
городской округ город Глазов,8
городской округ город Горно-Алтайск,8
городской округ город Губкинский,4
городской округ город Гусь-Хрустальный,8
городской округ город Десногорск,7
городской округ город Дзержинск,8
городской округ город Дивногорск,8
городской округ город Димитровград,8
городской округ город Донской,8
городской округ город Екатеринбург,8
городской округ город Елец,8
городской округ город Енисейск,7
городской округ город Ефремов,8
городской округ город Заринск,8
городской округ город Ижевск,8
городской округ город Ирбит,8
городской округ город Иркутск,8
городской округ город Искитим,8
городской округ город Ишим,7
городской округ город Йошкар-Ола,8
городской округ город Казань,8
городской округ город Калининград,8
городской округ город Калуга,8
городской округ город Каменск-Уральский,8
городской округ город Камышин,8
городской округ город Канаш,0
городской округ город Канск,8
городской округ город Касимов,7
городской округ город Кедровый,6
городской округ город Кизел,7
городской округ город Киров,8
городской округ город Кирово-Чепецк,8
городской округ город Кирсанов,1
городской округ город Ковров,8
городской округ город Когалым,4
городской округ город Козьмодемьянск,6
городской округ город Комсомольск-на-Амуре,4
городской округ город Коряжма,8
городской округ город Кострома,8
городской округ город Котельнич,0
городской округ город Котовск,6
городской округ город Красноярск,8
городской округ город Кулебаки,7
городской округ город Кумертау,8
городской округ город Курган,8
городской округ город Лабытнанги,4
городской округ город Лангепас,8
городской округ город Лермонтов,8
городской округ город Лесосибирск,8
городской округ город Ливны,7
городской округ город Липецк,8
городской округ город Магадан,4
городской округ город Майкоп,8
городской округ город Мегион,4
городской округ город Медногорск,6
городской округ город Минусинск,8
городской округ город Михайловка,7
городской округ город Мичуринск,7
городской округ город Можга,8
городской округ город Моршанск,1
городской округ город Муравленко,4
городской округ город Мурманск,3
городской округ город Мценск,7
городской округ город Набережные Челны,8
городской округ город Назарово,7
городской округ город Нарьян-Мар,4
городской округ город Невинномысск,8
городской округ город Нефтекамск,8
городской округ город Нефтеюганск,4
городской округ город Нижневартовск,4
городской округ город Нижний Новгород,8
городской округ город Нижний Тагил,8
городской округ город Новоалтайск,8
городской округ город Новодвинск,7
городской округ город Новомосковск,8
городской округ город Новосибирск,8
городской округ город Новотроицк,7
городской округ город Новоульяновск,6
городской округ город Новочебоксарск,8
городской округ город Новый Уренгой,4
городской округ город Норильск,4
городской округ город Ноябрьск,4
городской округ город Нягань,4
городской округ город Обнинск,4
городской округ город Обь,8
городской округ город Октябрьский,8
городской округ город Омск,8
городской округ город Оренбург,8
городской округ город Орск,8
городской округ город Орёл,8
городской округ город Первомайск,1
городской округ город Переславль-Залесский,8
городской округ город Петровск-Забайкальский,7
городской округ город Покачи,8
городской округ город Псков,8
городской округ город Пыть-Ях,4
городской округ город Радужный,7
городской округ город Рассказово,6
городской округ город Рубцовск,8
городской округ город Рыбинск,8
городской округ город Рязань,8
городской округ город Салават,8
городской округ город Салехард,4
городской округ город Сарапул,8
городской округ город Саратов,8
городской округ город Саяногорск,8
городской округ город Саянск,7
городской округ город Свирск,7
городской округ город Сибай,8
городской округ город Скопин,1
городской округ город Слободской,0
городской округ город Смоленск,8
городской округ город Сорск,7
городской округ город Сосновоборск,8
городской округ город Ставрополь,8
городской округ город Стерлитамак,8
городской округ город Стрежевой,8
городской округ город Сургут,4
городской округ город Тамбов,8
городской округ город Тверь,8
городской округ город Тобольск,8
городской округ город Томск,8
городской округ город Торжок,8
городской округ город Тула,4
городской округ город Тулун,7
городской округ город Тюмень,3
городской округ город Уварово,1
городской округ город Ульяновск,8
городской округ город Урай,4
городской округ город Урюпинск,6
городской округ город Усолье-Сибирское,8
городской округ город Усть-Илимск,8
городской округ город Уфа,8
городской округ город Фролово,6
городской округ город Хабаровск,4
городской округ город Ханты-Мансийск,3
городской округ город Чебоксары,8
городской округ город Черемхово,7
городской округ город Черногорск,7
городской округ город Чкаловск,6
городской округ город Шадринск,8
городской округ город Шарыпово,8
городской округ город Шарья,6
городской округ город Шахунья,6
городской округ город Шиханы,7
городской округ город Шумерля,0
городской округ город Югорск,8
городской округ город Якутск,4
городской округ город Ялуторовск,7
городской округ город Яровое,7
городской округ город Ярославль,8
городской округ город-герой Волгоград,8
городской округ город-курорт Ессентуки,8
городской округ город-курорт Железноводск,8
городской округ город-курорт Кисловодск,8
городской округ город-курорт Пятигорск,8
городской округ округ Муром,8
городской округ поселок Агинское,0
городской округ рабочий поселок Кольцово,3
муниципальный округ Александровский,6
муниципальный округ Алнашский район,0
муниципальный округ Андреапольский,6
муниципальный округ Арбажский,1
муниципальный округ Афанасьевский,0
муниципальный округ Балезинский район,0
муниципальный округ Бардымский,0
муниципальный округ Бежецкий,7
муниципальный округ Бельский,1
муниципальный округ Березовский,1
муниципальный округ Богородский,1
муниципальный округ Бологовский,7
муниципальный округ Большесосновский,1
муниципальный округ Вавожский район,0
муниципальный округ Верхнекамский,1
муниципальный округ Весьегонский,0
муниципальный округ Вилегодский,6
муниципальный округ Волотовский,1
муниципальный округ Вуктыл,7
муниципальный округ Гайнский,1
муниципальный округ Гвардейский,0
муниципальный округ Граховский район,1
муниципальный округ Губахинский,7
муниципальный округ Гурьевский,8
муниципальный округ Дебёсский район,0
муниципальный округ Демянский,1
муниципальный округ Еловский,1
муниципальный округ Жарковский,1
муниципальный округ Завьяловский район,8
муниципальный округ Западнодвинский,6
муниципальный округ Зеленоградский,3
муниципальный округ Зубцовский,6
муниципальный округ Игринский район,0
муниципальный округ Калининский,8
муниципальный округ Калязинский,7
муниципальный округ Камбарский район,0
муниципальный округ Карагайский,6
муниципальный округ Каракулинский район,0
муниципальный округ Каргопольский,7
муниципальный округ Кезский район,0
муниципальный округ Кесовогорский,6
муниципальный округ Кизнерский район,0
муниципальный округ Кикнурский,0
муниципальный округ Кимрский,8
муниципальный округ Кишертский,0
муниципальный округ Киясовский район,0
муниципальный округ Конаковский,8
муниципальный округ Косинский,1
муниципальный округ Кочевский,0
муниципальный округ Красногородский,0
муниципальный округ Красногорский район,0
муниципальный округ Краснознаменский,6
муниципальный округ Красноселькупский район,4
муниципальный округ Краснохолмский,1
муниципальный округ Крестецкий,6
муниципальный округ Кувшиновский,6
муниципальный округ Кудымкарский,8
муниципальный округ Куединский,1
муниципальный округ Кунгурский,8
муниципальный округ Лебяжский,1
муниципальный округ Лесной,1
муниципальный округ Лихославльский,6
муниципальный округ Локнянский,1
муниципальный округ Лузский,0
муниципальный округ Максатихинский,1
муниципальный округ Макушинский,1
муниципальный округ Малопургинский район,0
муниципальный округ Марёвский,1
муниципальный округ Молоковский,1
муниципальный округ Мошенской,6
муниципальный округ Мурашинский,0
муниципальный округ Надымский район,4
муниципальный округ Невельский,1
муниципальный округ Неманский,7
муниципальный округ Нестеровский,7
муниципальный округ Новоржевский,0
муниципальный округ Озерский,0
муниципальный округ Оленинский,1
муниципальный округ Ольский,4
муниципальный округ Опаринский,1
муниципальный округ Опочецкий,1
муниципальный округ Ординский,1
муниципальный округ Орловский,8
муниципальный округ Пеновский,6
муниципальный округ Пермский,8
муниципальный округ Пестовский,7
муниципальный округ Печорский,6
муниципальный округ Пижанский,0
муниципальный округ Полесский,0
муниципальный округ Правдинский,0
муниципальный округ Приуральский район,4
муниципальный округ Пуровский район,4
муниципальный округ Пыталовский,7
муниципальный округ Рамешковский,1
муниципальный округ Ржевский,8
муниципальный округ Сандовский,1
муниципальный округ Санчурский,1
муниципальный округ Сарапульский район,0
муниципальный округ Свечинский,0
муниципальный округ Селижаровский,1
муниципальный округ Селтинский район,0
муниципальный округ Сивинский,1
муниципальный округ Славский,6
муниципальный округ Солецкий,1
муниципальный округ Сонковский,1
муниципальный округ Спировский,1
муниципальный округ Старицкий,6
муниципальный округ Струго-Красненский,7
муниципальный округ Суетский район,1
муниципальный округ Сюмсинский район,0
муниципальный округ Тазовский район,4
муниципальный округ Торопецкий,6
муниципальный округ Увинский район,0
муниципальный округ Уинский,1
муниципальный округ Унинский,1
муниципальный округ Усинск,8
муниципальный округ Фаленский,0
муниципальный округ Фировский,1
муниципальный округ Хвойнинский,6
муниципальный округ Чарышский район,0
муниципальный округ Частинский,1
муниципальный округ Черняховский,8
муниципальный округ Шарканский район,0
муниципальный округ Шумихинский,6
муниципальный округ Шурышкарский район,4
муниципальный округ Юкаменский район,1
муниципальный округ Юрлинский,0
муниципальный округ Юсьвинский,0
муниципальный округ Ягоднинский,4
муниципальный округ Якшур-Бодьинский район,0
муниципальный округ Ямальский район,4
муниципальный округ Ярский район,0
муниципальный округ город Апатиты,4
муниципальный округ город Кировск,4
муниципальный округ город Мончегорск,4
муниципальный округ город Оленегорск,4
муниципальный округ город Полярные Зори,4
муниципальный округ город Славгород,7
муниципальный район Город Краснокаменск и Краснокаменский район,8
муниципальный район Заполярный район,4
муниципальный район Печора,8
муниципальный район Сосногорск,7
муниципальный район город Нерехта и Нерехтский район,6
муниципальный район имени Лазо,6
муниципальный район имени Полины Осипенко,4
