target,scope,month,cluster_id,n,variance_norm,radius,center_density,min_center_distance
static_louvain_alpha70,static,2024-12-01,0,17,0.1440979526016943,0.09952255205368102,0,0.14727073283612171
static_louvain_alpha70,static,2024-12-01,1,342,0.10666810898053297,0.09952255205368102,0,0.11683877319156624
static_louvain_alpha70,static,2024-12-01,2,208,0.10525876009554791,0.09952255205368102,0,0.1250271706190292
static_louvain_alpha70,static,2024-12-01,3,147,0.18691502216384173,0.09952255205368102,0,0.1841162029883113
static_louvain_alpha70,static,2024-12-01,4,316,0.043977932634112704,0.09952255205368102,1,0.08951460698823124
static_louvain_alpha70,static,2024-12-01,5,60,0.025111231921996914,0.09952255205368102,9,0.034522602719303894
static_louvain_alpha70,static,2024-12-01,6,299,0.10764280374036392,0.09952255205368102,0,0.11852363149232861
static_louvain_alpha70,static,2024-12-01,7,219,0.02901927457258118,0.09952255205368102,12,0.051452380264542054
static_louvain_alpha70,static,2024-12-01,8,296,0.05359272103881779,0.09952255205368102,0,0.1041165262816009
static_leiden_alpha70,static,2024-12-01,0,496,0.10484848396105491,0.10496066430161612,0,0.10958937393583121
static_leiden_alpha70,static,2024-12-01,1,434,0.08421707774584164,0.10496066430161612,0,0.11463124219323939
static_leiden_alpha70,static,2024-12-01,2,320,0.06495513580964558,0.10496066430161612,5,0.09180081912424348
static_leiden_alpha70,static,2024-12-01,3,216,0.027070181849137107,0.10496066430161612,12,0.050359092167091814
static_leiden_alpha70,static,2024-12-01,4,171,0.07326267720418247,0.10496066430161612,1,0.08422913603441998
static_leiden_alpha70,static,2024-12-01,5,111,0.07757448700254521,0.10496066430161612,0,0.14431074319311096
static_leiden_alpha70,static,2024-12-01,6,95,0.24790211898690967,0.10496066430161612,0,0.24152508681156096
static_leiden_alpha70,static,2024-12-01,7,61,0.025241264681422754,0.10496066430161612,9,0.037157828876480614
temporal_louvain_alpha70,temporal,2023-01-01,0,420,0.08271643342498951,0.12169277344493706,2,0.1117406621757115
temporal_louvain_alpha70,temporal,2023-01-01,1,185,0.36776367519972036,0.12169277344493706,0,0.21093850833305877
temporal_louvain_alpha70,temporal,2023-01-01,2,725,0.12244660117099483,0.12169277344493706,3,0.07909745018480205
temporal_louvain_alpha70,temporal,2023-01-01,3,112,0.04363327572509487,0.12169277344493706,18,0.05263727835060599
temporal_louvain_alpha70,temporal,2023-01-01,6,146,0.08413899365837182,0.12169277344493706,1,0.08476919352323704
temporal_louvain_alpha70,temporal,2023-01-01,7,12,0.1633848412431492,0.12169277344493706,0,0.1717120357930157
temporal_louvain_alpha70,temporal,2023-01-01,8,133,0.043500653838983265,0.12169277344493706,2,0.08807524533781332
temporal_louvain_alpha70,temporal,2023-01-01,9,171,0.04019991669682599,0.12169277344493706,14,0.08746676196042436
temporal_leiden_alpha70,temporal,2023-01-01,0,1215,0.1833641720251828,0.15303888625758663,7,0.07843910724625751
temporal_leiden_alpha70,temporal,2023-01-01,3,298,0.10463728554535022,0.15303888625758663,8,0.11066034236965813
temporal_leiden_alpha70,temporal,2023-01-01,4,146,0.3616214631737223,0.15303888625758663,0,0.2244190143795899
temporal_leiden_alpha70,temporal,2023-01-01,6,1,0.0,0.15303888625758663,1,0.0
temporal_leiden_alpha70,temporal,2023-01-01,8,230,0.05207907838428208,0.15303888625758663,47,0.0577615261105847
temporal_leiden_alpha70,temporal,2023-01-01,9,14,0.14145042632211394,0.15303888625758663,0,0.21387702777335063
temporal_louvain_alpha70,temporal,2023-02-01,0,420,0.08183917710708766,0.12241328485456833,6,0.09915909328444523
temporal_louvain_alpha70,temporal,2023-02-01,1,185,0.3703041055086671,0.12241328485456833,0,0.20610716632893403
temporal_louvain_alpha70,temporal,2023-02-01,2,725,0.11750042149844382,0.12241328485456833,2,0.1007840766685248
temporal_louvain_alpha70,temporal,2023-02-01,3,112,0.05321686759067114,0.12241328485456833,13,0.06258656643225033
temporal_louvain_alpha70,temporal,2023-02-01,6,146,0.08628226072206166,0.12241328485456833,0,0.1373075968285162
temporal_louvain_alpha70,temporal,2023-02-01,7,12,0.15934875518542105,0.12241328485456833,0,0.14720259790393983
temporal_louvain_alpha70,temporal,2023-02-01,8,133,0.047060969484094155,0.12241328485456833,4,0.09998806963198172
temporal_louvain_alpha70,temporal,2023-02-01,9,171,0.043488230672237456,0.12241328485456833,8,0.0626777662850981
temporal_leiden_alpha70,temporal,2023-02-01,0,1215,0.17977140163887345,0.15507045688035573,11,0.10106482284080252
temporal_leiden_alpha70,temporal,2023-02-01,3,297,0.10987370584352911,0.15507045688035573,7,0.09536700198020683
temporal_leiden_alpha70,temporal,2023-02-01,4,147,0.3747363637903156,0.15507045688035573,0,0.25683067195075343
temporal_leiden_alpha70,temporal,2023-02-01,6,1,0.0,0.15507045688035573,1,0.0
temporal_leiden_alpha70,temporal,2023-02-01,8,230,0.06071342874230379,0.15507045688035573,42,0.0473681890174259
temporal_leiden_alpha70,temporal,2023-02-01,9,14,0.14059157747993942,0.15507045688035573,0,0.22299230326251201
temporal_louvain_alpha70,temporal,2023-03-01,0,375,0.07993214483678973,0.12127975250474594,3,0.11168542159470757
temporal_louvain_alpha70,temporal,2023-03-01,1,191,0.35531529763918307,0.12127975250474594,0,0.21139352475572729
temporal_louvain_alpha70,temporal,2023-03-01,2,750,0.11754376110130352,0.12127975250474594,2,0.10020367647481107
temporal_louvain_alpha70,temporal,2023-03-01,3,111,0.05106019020028911,0.12127975250474594,10,0.033450113098764
temporal_louvain_alpha70,temporal,2023-03-01,6,150,0.0872198365361219,0.12127975250474594,0,0.1304094474815117
temporal_louvain_alpha70,temporal,2023-03-01,7,15,0.16213065137742572,0.12127975250474594,1,0.08788438212360292
temporal_louvain_alpha70,temporal,2023-03-01,8,141,0.042708906530108955,0.12127975250474594,3,0.08401609355932181
temporal_louvain_alpha70,temporal,2023-03-01,9,171,0.045451027305973446,0.12127975250474594,8,0.07839019950409899
temporal_leiden_alpha70,temporal,2023-03-01,0,1208,0.17676504528184028,0.15437290664870792,3,0.12769870029180794
temporal_leiden_alpha70,temporal,2023-03-01,3,303,0.10239668921431531,0.15437290664870792,5,0.10118556170806166
temporal_leiden_alpha70,temporal,2023-03-01,4,149,0.3679594395352158,0.15437290664870792,0,0.2704807261556914
temporal_leiden_alpha70,temporal,2023-03-01,6,1,0.0,0.15437290664870792,1,0.0
temporal_leiden_alpha70,temporal,2023-03-01,8,230,0.05915893743429038,0.15437290664870792,41,0.06422576363036758
temporal_leiden_alpha70,temporal,2023-03-01,9,13,0.15163568359248322,0.15437290664870792,0,0.20851624589770862
temporal_louvain_alpha70,temporal,2023-04-01,0,324,0.07520425709795564,0.11569745321954411,1,0.11501562148187176
temporal_louvain_alpha70,temporal,2023-04-01,1,194,0.3477320182563827,0.11569745321954411,0,0.14287374482461587
temporal_louvain_alpha70,temporal,2023-04-01,2,785,0.13734207760795988,0.11569745321954411,0,0.14585649193623673
temporal_louvain_alpha70,temporal,2023-04-01,3,111,0.04128673320475866,0.11569745321954411,14,0.035985997902051765
temporal_louvain_alpha70,temporal,2023-04-01,6,152,0.08472474149311299,0.11569745321954411,0,0.14912153471718959
temporal_louvain_alpha70,temporal,2023-04-01,7,16,0.0976579687112331,0.11569745321954411,0,0.14066772421848764
temporal_louvain_alpha70,temporal,2023-04-01,8,155,0.03988572178590672,0.11569745321954411,6,0.07104707091365271
temporal_louvain_alpha70,temporal,2023-04-01,9,167,0.03286412545796055,0.11569745321954411,14,0.06023096440864563
temporal_leiden_alpha70,temporal,2023-04-01,0,1176,0.19293020701557162,0.148463344365195,4,0.10697007034016318
temporal_leiden_alpha70,temporal,2023-04-01,3,330,0.10278790430393303,0.148463344365195,9,0.09912416311118809
temporal_leiden_alpha70,temporal,2023-04-01,4,154,0.3632341581990626,0.148463344365195,0,0.23156493587232457
temporal_leiden_alpha70,temporal,2023-04-01,6,1,0.0,0.148463344365195,1,0.0
temporal_leiden_alpha70,temporal,2023-04-01,8,228,0.04797826243420191,0.148463344365195,51,0.06252032033328128
temporal_leiden_alpha70,temporal,2023-04-01,9,15,0.08655859437077622,0.148463344365195,0,0.16464331045856662
temporal_louvain_alpha70,temporal,2023-05-01,0,286,0.07379081203406417,0.11641025238981789,1,0.10383302390082305
temporal_louvain_alpha70,temporal,2023-05-01,1,197,0.3364858069245595,0.11641025238981789,0,0.17678854380524922
temporal_louvain_alpha70,temporal,2023-05-01,2,805,0.14165733474431497,0.11641025238981789,0,0.12028678699651349
temporal_louvain_alpha70,temporal,2023-05-01,3,114,0.03723471567584868,0.11641025238981789,16,0.0355392507091145
temporal_louvain_alpha70,temporal,2023-05-01,6,158,0.08762420949653289,0.11641025238981789,0,0.1468606559491747
temporal_louvain_alpha70,temporal,2023-05-01,7,16,0.12119921938045206,0.11641025238981789,0,0.15263787130116663
temporal_louvain_alpha70,temporal,2023-05-01,8,160,0.03805302612457035,0.11641025238981789,5,0.07367980940663292
temporal_louvain_alpha70,temporal,2023-05-01,9,168,0.03124107475316796,0.11641025238981789,17,0.04485442983830984
temporal_leiden_alpha70,temporal,2023-05-01,0,1180,0.19707586158436935,0.1272484082893491,3,0.10531143326712321
temporal_leiden_alpha70,temporal,2023-05-01,3,329,0.10400472012538613,0.1272484082893491,5,0.08584576143169544
temporal_leiden_alpha70,temporal,2023-05-01,4,151,0.34278313268602856,0.1272484082893491,0,0.22350144294316637
temporal_leiden_alpha70,temporal,2023-05-01,6,1,0.0,0.1272484082893491,1,0.0
temporal_leiden_alpha70,temporal,2023-05-01,8,228,0.04313146850553254,0.1272484082893491,43,0.04079121564424272
temporal_leiden_alpha70,temporal,2023-05-01,9,14,0.10642053029515507,0.1272484082893491,0,0.19058931498071596
temporal_leiden_alpha70,temporal,2023-05-01,10,1,0.0,0.1272484082893491,1,0.0
temporal_louvain_alpha70,temporal,2023-06-01,0,268,0.07133574087382989,0.10273245712603214,0,0.1209965310755634
temporal_louvain_alpha70,temporal,2023-06-01,1,213,0.3382164720433188,0.10273245712603214,0,0.13784037749728706
temporal_louvain_alpha70,temporal,2023-06-01,2,781,0.1344686344171401,0.10273245712603214,2,0.09665387194046457
temporal_louvain_alpha70,temporal,2023-06-01,3,115,0.03911305509386555,0.10273245712603214,13,0.03620433766855757
temporal_louvain_alpha70,temporal,2023-06-01,4,1,0.0,0.10273245712603214,1,0.0
temporal_louvain_alpha70,temporal,2023-06-01,6,187,0.09468702372001636,0.10273245712603214,0,0.1072868339169681
temporal_louvain_alpha70,temporal,2023-06-01,7,15,0.10586723515539855,0.10273245712603214,0,0.16128154258079908
temporal_louvain_alpha70,temporal,2023-06-01,8,158,0.041618522562306234,0.10273245712603214,0,0.10804082744508041
temporal_louvain_alpha70,temporal,2023-06-01,9,166,0.029563893653439262,0.10273245712603214,11,0.05421801278660589
temporal_leiden_alpha70,temporal,2023-06-01,0,1149,0.18134390710176507,0.11648409310705453,1,0.11554836807072748
temporal_leiden_alpha70,temporal,2023-06-01,3,300,0.10343806643216197,0.11648409310705453,3,0.08465347510424734
temporal_leiden_alpha70,temporal,2023-06-01,4,158,0.39774084091842915,0.11648409310705453,0,0.26097056005145336
temporal_leiden_alpha70,temporal,2023-06-01,6,51,0.04615473867042213,0.11648409310705453,2,0.10747893717115652
temporal_leiden_alpha70,temporal,2023-06-01,8,230,0.04533119213639853,0.11648409310705453,37,0.047239715524254
temporal_leiden_alpha70,temporal,2023-06-01,9,14,0.09437806734709195,0.11648409310705453,0,0.18821551715395138
temporal_leiden_alpha70,temporal,2023-06-01,10,1,0.0,0.11648409310705453,1,0.0
temporal_leiden_alpha70,temporal,2023-06-01,11,1,0.0,0.11648409310705453,1,0.0
temporal_louvain_alpha70,temporal,2023-07-01,0,268,0.06667145109057979,0.10375681109308749,0,0.11641666613549606
temporal_louvain_alpha70,temporal,2023-07-01,1,219,0.37072720182107316,0.10375681109308749,0,0.13297770279338522
temporal_louvain_alpha70,temporal,2023-07-01,2,719,0.12581680674300766,0.10375681109308749,0,0.1544691212575587
temporal_louvain_alpha70,temporal,2023-07-01,3,115,0.04244930946251271,0.10375681109308749,10,0.02892796411323618
temporal_louvain_alpha70,temporal,2023-07-01,4,1,0.0,0.10375681109308749,1,0.0
temporal_louvain_alpha70,temporal,2023-07-01,6,247,0.09584837773243093,0.10375681109308749,0,0.13940773708053472
temporal_louvain_alpha70,temporal,2023-07-01,7,15,0.10278489815638196,0.10375681109308749,0,0.28930076882333977
temporal_louvain_alpha70,temporal,2023-07-01,8,156,0.04032566812333917,0.10375681109308749,1,0.07740372711289646
temporal_louvain_alpha70,temporal,2023-07-01,9,164,0.02737983057541276,0.10375681109308749,13,0.05841774786434038
temporal_leiden_alpha70,temporal,2023-07-01,0,1121,0.16703871547388566,0.11642726921695984,1,0.10690751611347349
temporal_leiden_alpha70,temporal,2023-07-01,3,269,0.07183985979741085,0.11642726921695984,5,0.08798381763832944
temporal_leiden_alpha70,temporal,2023-07-01,4,200,0.4385252791968487,0.11642726921695984,0,0.1545333367135766
temporal_leiden_alpha70,temporal,2023-07-01,6,68,0.05859622653506474,0.11642726921695984,1,0.03627217092738014
temporal_leiden_alpha70,temporal,2023-07-01,8,230,0.047329799115999424,0.11642726921695984,36,0.05038624704592377
temporal_leiden_alpha70,temporal,2023-07-01,9,14,0.08420989698917115,0.11642726921695984,0,0.30200321074691305
temporal_leiden_alpha70,temporal,2023-07-01,10,1,0.0,0.11642726921695984,1,0.0
temporal_leiden_alpha70,temporal,2023-07-01,11,1,0.0,0.11642726921695984,1,0.0
temporal_louvain_alpha70,temporal,2023-08-01,0,300,0.07013084164943861,0.09388607152835585,0,0.10298242718523518
temporal_louvain_alpha70,temporal,2023-08-01,1,215,0.360755095748377,0.09388607152835585,0,0.15190524898378882
temporal_louvain_alpha70,temporal,2023-08-01,2,623,0.11479205909753362,0.09388607152835585,0,0.10961665200244775
temporal_louvain_alpha70,temporal,2023-08-01,3,114,0.04265622540187622,0.09388607152835585,8,0.03160521097827031
temporal_louvain_alpha70,temporal,2023-08-01,4,1,0.0,0.09388607152835585,1,0.0
temporal_louvain_alpha70,temporal,2023-08-01,5,1,0.0,0.09388607152835585,1,0.0
temporal_louvain_alpha70,temporal,2023-08-01,6,312,0.10388394605235567,0.09388607152835585,0,0.11380903965495566
temporal_louvain_alpha70,temporal,2023-08-01,7,17,0.12162616488046255,0.09388607152835585,0,0.23132486961956156
temporal_louvain_alpha70,temporal,2023-08-01,8,155,0.040261298393254874,0.09388607152835585,1,0.09075457716571075
temporal_louvain_alpha70,temporal,2023-08-01,9,166,0.027353811479456775,0.09388607152835585,7,0.05369120302200379
temporal_leiden_alpha70,temporal,2023-08-01,0,1048,0.15047172239252465,0.08885151182197312,1,0.08519139368054165
temporal_leiden_alpha70,temporal,2023-08-01,1,1,0.0,0.08885151182197312,1,0.0
temporal_leiden_alpha70,temporal,2023-08-01,3,250,0.0661747241884983,0.08885151182197312,4,0.062245707438328995
temporal_leiden_alpha70,temporal,2023-08-01,4,206,0.4091232313873388,0.08885151182197312,0,0.14607896090728217
temporal_leiden_alpha70,temporal,2023-08-01,5,39,0.02370994651044218,0.08885151182197312,5,0.03152817138808251
temporal_leiden_alpha70,temporal,2023-08-01,6,154,0.05887565985656471,0.08885151182197312,2,0.04079817209030123
temporal_leiden_alpha70,temporal,2023-08-01,8,190,0.021862339993325174,0.08885151182197312,20,0.04350883832962446
temporal_leiden_alpha70,temporal,2023-08-01,9,14,0.05924149097632926,0.08885151182197312,0,0.17905016558800035
temporal_leiden_alpha70,temporal,2023-08-01,10,1,0.0,0.08885151182197312,1,0.0
temporal_leiden_alpha70,temporal,2023-08-01,11,1,0.0,0.08885151182197312,1,0.0
temporal_louvain_alpha70,temporal,2023-09-01,0,326,0.07576925368989748,0.09722514216880894,0,0.11912490062899114
temporal_louvain_alpha70,temporal,2023-09-01,1,208,0.3438055720737973,0.09722514216880894,0,0.14977256751626034
temporal_louvain_alpha70,temporal,2023-09-01,2,550,0.10642512209081723,0.09722514216880894,0,0.12751055291149338
temporal_louvain_alpha70,temporal,2023-09-01,3,113,0.044786934431336904,0.09722514216880894,7,0.029100789923050072
temporal_louvain_alpha70,temporal,2023-09-01,4,2,0.04698099168288529,0.09722514216880894,0,0.2555868844161645
temporal_louvain_alpha70,temporal,2023-09-01,5,1,0.0,0.09722514216880894,1,0.0
temporal_louvain_alpha70,temporal,2023-09-01,6,358,0.10181187653850494,0.09722514216880894,0,0.09891875166870291
temporal_louvain_alpha70,temporal,2023-09-01,7,19,0.1541896058823649,0.09722514216880894,0,0.26907712668179345
temporal_louvain_alpha70,temporal,2023-09-01,8,159,0.04265086713268665,0.09722514216880894,0,0.11094726490268118
temporal_louvain_alpha70,temporal,2023-09-01,9,168,0.028852603452220533,0.09722514216880894,6,0.05371058328430162
temporal_leiden_alpha70,temporal,2023-09-01,0,936,0.1309373655147549,0.09342629086006564,0,0.13234711662774828
temporal_leiden_alpha70,temporal,2023-09-01,1,1,0.0,0.09342629086006564,1,0.0
temporal_leiden_alpha70,temporal,2023-09-01,3,240,0.06975225869806607,0.09342629086006564,3,0.05862656923452347
temporal_leiden_alpha70,temporal,2023-09-01,4,207,0.39432425278287087,0.09342629086006564,0,0.1516767022696477
temporal_leiden_alpha70,temporal,2023-09-01,5,42,0.026611909265128537,0.09342629086006564,7,0.03494097390296848
temporal_leiden_alpha70,temporal,2023-09-01,6,271,0.075469594445027,0.09342629086006564,0,0.10405810236119514
temporal_leiden_alpha70,temporal,2023-09-01,8,187,0.022488518256739958,0.09342629086006564,19,0.05199541765448535
temporal_leiden_alpha70,temporal,2023-09-01,9,18,0.1532632834243713,0.09342629086006564,0,0.24346259059362588
temporal_leiden_alpha70,temporal,2023-09-01,10,1,0.0,0.09342629086006564,1,0.0
temporal_leiden_alpha70,temporal,2023-09-01,11,1,0.0,0.09342629086006564,1,0.0
temporal_louvain_alpha70,temporal,2023-10-01,0,337,0.07670162634874833,0.0847516188265159,0,0.13017575818433486
temporal_louvain_alpha70,temporal,2023-10-01,1,198,0.3093831768495459,0.0847516188265159,0,0.1626070636198757
temporal_louvain_alpha70,temporal,2023-10-01,2,505,0.11040807043950945,0.0847516188265159,0,0.12630997320845067
temporal_louvain_alpha70,temporal,2023-10-01,3,114,0.04129905570032003,0.0847516188265159,6,0.035623670602075504
temporal_louvain_alpha70,temporal,2023-10-01,4,2,0.027440856413662576,0.0847516188265159,0,0.2019793796299111
temporal_louvain_alpha70,temporal,2023-10-01,5,1,0.0,0.0847516188265159,1,0.0
temporal_louvain_alpha70,temporal,2023-10-01,6,386,0.09936578959770363,0.0847516188265159,0,0.09095305525618544
temporal_louvain_alpha70,temporal,2023-10-01,7,26,0.1335177960377714,0.0847516188265159,0,0.31905489974190776
temporal_louvain_alpha70,temporal,2023-10-01,8,167,0.04395861839477158,0.0847516188265159,0,0.1021455909523177
temporal_louvain_alpha70,temporal,2023-10-01,9,167,0.027048274357487523,0.0847516188265159,5,0.06903947394107283
temporal_louvain_alpha70,temporal,2023-10-01,11,1,0.0,0.0847516188265159,1,0.0
temporal_leiden_alpha70,temporal,2023-10-01,0,231,0.08287215701395871,0.09379311112436275,0,0.13769619367723085
temporal_leiden_alpha70,temporal,2023-10-01,1,631,0.10784523766190061,0.09379311112436275,0,0.13692229262914918
temporal_leiden_alpha70,temporal,2023-10-01,3,226,0.0693414414044496,0.09379311112436275,2,0.05647415761576882
temporal_leiden_alpha70,temporal,2023-10-01,4,209,0.35464568260343077,0.09379311112436275,0,0.13763868147845093
temporal_leiden_alpha70,temporal,2023-10-01,5,60,0.048648595744470474,0.09379311112436275,5,0.0702700372848388
temporal_leiden_alpha70,temporal,2023-10-01,6,359,0.07985121838446667,0.09379311112436275,0,0.11897198634716105
temporal_leiden_alpha70,temporal,2023-10-01,8,168,0.02058003708866628,0.09379311112436275,23,0.04130730855701458
temporal_leiden_alpha70,temporal,2023-10-01,9,18,0.11593039953736285,0.09379311112436275,0,0.23352068218899044
temporal_leiden_alpha70,temporal,2023-10-01,10,1,0.0,0.09379311112436275,1,0.0
temporal_leiden_alpha70,temporal,2023-10-01,11,1,0.0,0.09379311112436275,1,0.0
temporal_louvain_alpha70,temporal,2023-11-01,0,336,0.07743678245691842,0.08701596864889191,0,0.13083574467225545
temporal_louvain_alpha70,temporal,2023-11-01,1,195,0.28641308932590476,0.08701596864889191,0,0.1885711763523569
temporal_louvain_alpha70,temporal,2023-11-01,2,451,0.11216517005591416,0.08701596864889191,0,0.13317324544404596
temporal_louvain_alpha70,temporal,2023-11-01,3,114,0.04299177599900157,0.08701596864889191,7,0.03194005236006235
temporal_louvain_alpha70,temporal,2023-11-01,4,2,0.029706687312920806,0.08701596864889191,0,0.22099207550695135
temporal_louvain_alpha70,temporal,2023-11-01,5,1,0.0,0.08701596864889191,1,0.0
temporal_louvain_alpha70,temporal,2023-11-01,6,424,0.09016784057473415,0.08701596864889191,1,0.07317279260223188
temporal_louvain_alpha70,temporal,2023-11-01,7,36,0.14070274129447236,0.08701596864889191,0,0.34679332110822525
temporal_louvain_alpha70,temporal,2023-11-01,8,167,0.04457125870271619,0.08701596864889191,0,0.11888187943098712
temporal_louvain_alpha70,temporal,2023-11-01,9,167,0.02685943314758007,0.08701596864889191,4,0.04830321018090865
temporal_louvain_alpha70,temporal,2023-11-01,11,11,0.06517045591833524,0.08701596864889191,0,0.20539532158294802
temporal_leiden_alpha70,temporal,2023-11-01,1,879,0.14327047738419751,0.10027061244150648,1,0.07887611030078752
temporal_leiden_alpha70,temporal,2023-11-01,3,206,0.06419767105721753,0.10027061244150648,2,0.06600091834909128
temporal_leiden_alpha70,temporal,2023-11-01,4,210,0.3323786550968317,0.10027061244150648,0,0.1536678404362521
temporal_leiden_alpha70,temporal,2023-11-01,5,66,0.04955173558860079,0.10027061244150648,8,0.062498269755992646
temporal_leiden_alpha70,temporal,2023-11-01,6,361,0.07984530121230227,0.10027061244150648,0,0.10212863343205911
temporal_leiden_alpha70,temporal,2023-11-01,8,163,0.0209459339172183,0.10027061244150648,28,0.04176429479326091
temporal_leiden_alpha70,temporal,2023-11-01,9,17,0.12420007901461033,0.10027061244150648,0,0.167610728455994
temporal_leiden_alpha70,temporal,2023-11-01,10,1,0.0,0.10027061244150648,1,0.0
temporal_leiden_alpha70,temporal,2023-11-01,11,1,0.0,0.10027061244150648,1,0.0
temporal_louvain_alpha70,temporal,2023-12-01,0,324,0.06894859219825969,0.08778371236802317,0,0.1069700755646133
temporal_louvain_alpha70,temporal,2023-12-01,1,198,0.2917621751025613,0.08778371236802317,0,0.14989105385199333
temporal_louvain_alpha70,temporal,2023-12-01,2,351,0.12349477194457904,0.08778371236802317,0,0.11922399701618862
temporal_louvain_alpha70,temporal,2023-12-01,3,109,0.04424545644485454,0.08778371236802317,8,0.040437454711032335
temporal_louvain_alpha70,temporal,2023-12-01,4,2,0.020782309695775446,0.08778371236802317,0,0.19985109136522555
temporal_louvain_alpha70,temporal,2023-12-01,5,1,0.0,0.08778371236802317,1,0.0
temporal_louvain_alpha70,temporal,2023-12-01,6,451,0.09466273953676219,0.08778371236802317,0,0.11719087250230249
temporal_louvain_alpha70,temporal,2023-12-01,7,40,0.16191200479127155,0.08778371236802317,0,0.3281470478253285
temporal_louvain_alpha70,temporal,2023-12-01,8,174,0.04470708527655355,0.08778371236802317,0,0.09452590722602577
temporal_louvain_alpha70,temporal,2023-12-01,9,172,0.027679327171696484,0.08778371236802317,4,0.0655522699675594
temporal_louvain_alpha70,temporal,2023-12-01,11,82,0.054229136848216834,0.08778371236802317,0,0.10373108056739441
temporal_leiden_alpha70,temporal,2023-12-01,1,873,0.16369948549286645,0.10206181079779018,0,0.10744995916531623
temporal_leiden_alpha70,temporal,2023-12-01,3,204,0.06570421771579993,0.10206181079779018,2,0.0885399907891144
temporal_leiden_alpha70,temporal,2023-12-01,4,205,0.3331258751297774,0.10206181079779018,0,0.12742905196127705
temporal_leiden_alpha70,temporal,2023-12-01,5,99,0.04180970032741187,0.10206181079779018,10,0.04493506451374814
temporal_leiden_alpha70,temporal,2023-12-01,6,374,0.07714038582212855,0.10206181079779018,1,0.09614600617542449
temporal_leiden_alpha70,temporal,2023-12-01,8,129,0.01678519014440066,0.10206181079779018,17,0.03245284235576301
temporal_leiden_alpha70,temporal,2023-12-01,9,18,0.1454808164568528,0.10206181079779018,0,0.25118792177214094
temporal_leiden_alpha70,temporal,2023-12-01,10,1,0.0,0.10206181079779018,1,0.0
temporal_leiden_alpha70,temporal,2023-12-01,11,1,0.0,0.10206181079779018,1,0.0
temporal_louvain_alpha70,temporal,2024-01-01,0,285,0.06753249838504859,0.08335262973341678,0,0.08707808461400565
temporal_louvain_alpha70,temporal,2024-01-01,1,201,0.27397026909181854,0.08335262973341678,0,0.16772191278224532
temporal_louvain_alpha70,temporal,2024-01-01,2,227,0.12484098884764014,0.08335262973341678,0,0.09734821522792755
temporal_louvain_alpha70,temporal,2024-01-01,3,104,0.03446175112063538,0.08335262973341678,7,0.0339732155574492
temporal_louvain_alpha70,temporal,2024-01-01,4,2,0.02365385935866089,0.08335262973341678,0,0.1914475597419528
temporal_louvain_alpha70,temporal,2024-01-01,5,1,0.0,0.08335262973341678,1,0.0
temporal_louvain_alpha70,temporal,2024-01-01,6,437,0.09187819792011981,0.08335262973341678,0,0.11820470132446782
temporal_louvain_alpha70,temporal,2024-01-01,7,42,0.1558013043677602,0.08335262973341678,0,0.37406207137788655
temporal_louvain_alpha70,temporal,2024-01-01,8,189,0.04619246966971516,0.08335262973341678,0,0.0936939505491471
temporal_louvain_alpha70,temporal,2024-01-01,9,177,0.02816734762026491,0.08335262973341678,8,0.05722516501486292
temporal_louvain_alpha70,temporal,2024-01-01,10,2,0.06146908229843347,0.08335262973341678,0,0.3374694809745575
temporal_louvain_alpha70,temporal,2024-01-01,11,237,0.09249539854045807,0.08335262973341678,0,0.10982485911731481
temporal_leiden_alpha70,temporal,2024-01-01,1,881,0.15915321624351966,0.10114756875907735,1,0.08832757099728217
temporal_leiden_alpha70,temporal,2024-01-01,3,200,0.054408439515168355,0.10114756875907735,1,0.10089532036509609
temporal_leiden_alpha70,temporal,2024-01-01,4,185,0.34475456323811543,0.10114756875907735,0,0.19777184458100483
temporal_leiden_alpha70,temporal,2024-01-01,5,177,0.053128808384026664,0.10114756875907735,22,0.029963822898893943
temporal_leiden_alpha70,temporal,2024-01-01,6,391,0.08256461840832448,0.10114756875907735,1,0.07415600715791015
temporal_leiden_alpha70,temporal,2024-01-01,8,50,0.006509492322778956,0.10114756875907735,27,0.05025886362297433
temporal_leiden_alpha70,temporal,2024-01-01,9,18,0.1281781458237213,0.10114756875907735,0,0.25224802357929516
temporal_leiden_alpha70,temporal,2024-01-01,10,1,0.0,0.10114756875907735,1,0.0
temporal_leiden_alpha70,temporal,2024-01-01,11,1,0.0,0.10114756875907735,1,0.0
temporal_louvain_alpha70,temporal,2024-02-01,0,215,0.062126794775176956,0.0861490858797267,0,0.09315114214123646
temporal_louvain_alpha70,temporal,2024-02-01,1,206,0.28422976995805244,0.0861490858797267,0,0.16724664088275173
temporal_louvain_alpha70,temporal,2024-02-01,2,93,0.10623914411668342,0.0861490858797267,0,0.15227624915790006
temporal_louvain_alpha70,temporal,2024-02-01,3,104,0.039359900533857566,0.0861490858797267,9,0.03577091615869241
temporal_louvain_alpha70,temporal,2024-02-01,4,2,0.029965015848880193,0.0861490858797267,0,0.21048633037283193
temporal_louvain_alpha70,temporal,2024-02-01,5,1,0.0,0.0861490858797267,1,0.0
temporal_louvain_alpha70,temporal,2024-02-01,6,379,0.09251223962496165,0.0861490858797267,0,0.11555582956160725
temporal_louvain_alpha70,temporal,2024-02-01,7,43,0.16778775672328777,0.0861490858797267,0,0.3010128872999231
temporal_louvain_alpha70,temporal,2024-02-01,8,206,0.04912650908766292,0.0861490858797267,0,0.08693123495252919
temporal_louvain_alpha70,temporal,2024-02-01,9,177,0.029669278496937398,0.0861490858797267,4,0.06087779116385346
temporal_louvain_alpha70,temporal,2024-02-01,10,2,0.06304696955329508,0.0861490858797267,0,0.306090281211264
temporal_louvain_alpha70,temporal,2024-02-01,11,476,0.1446563809806082,0.0861490858797267,2,0.06514799622981013
temporal_leiden_alpha70,temporal,2024-02-01,1,879,0.15103189919489732,0.11221631273793653,0,0.11323218942963707
temporal_leiden_alpha70,temporal,2024-02-01,3,200,0.05659931776407744,0.11221631273793653,4,0.09134739887302458
temporal_leiden_alpha70,temporal,2024-02-01,4,178,0.35513883473939567,0.11221631273793653,0,0.20620304510257909
temporal_leiden_alpha70,temporal,2024-02-01,5,230,0.04767353448169065,0.11221631273793653,35,0.04869823544382969
temporal_leiden_alpha70,temporal,2024-02-01,6,397,0.08448476299175192,0.11221631273793653,4,0.09495048118117476
temporal_leiden_alpha70,temporal,2024-02-01,9,18,0.11099170487608315,0.11221631273793653,0,0.28876854480279274
temporal_leiden_alpha70,temporal,2024-02-01,10,1,0.0,0.11221631273793653,1,0.0
temporal_leiden_alpha70,temporal,2024-02-01,11,1,0.0,0.11221631273793653,1,0.0
temporal_louvain_alpha70,temporal,2024-03-01,0,193,0.05720455667579163,0.08809630613849179,0,0.10089622856379497
temporal_louvain_alpha70,temporal,2024-03-01,1,202,0.2879296390488929,0.08809630613849179,0,0.1918599388703262
temporal_louvain_alpha70,temporal,2024-03-01,2,22,0.11421731409238445,0.08809630613849179,0,0.27141852692743185
temporal_louvain_alpha70,temporal,2024-03-01,3,104,0.03799097811406235,0.08809630613849179,8,0.02265303223939784
temporal_louvain_alpha70,temporal,2024-03-01,4,2,0.03399597608800905,0.08809630613849179,0,0.2146783003957238
temporal_louvain_alpha70,temporal,2024-03-01,5,1,0.0,0.08809630613849179,1,0.0
temporal_louvain_alpha70,temporal,2024-03-01,6,286,0.08371264137950425,0.08809630613849179,1,0.0795018433037824
temporal_louvain_alpha70,temporal,2024-03-01,7,40,0.17193310589537172,0.08809630613849179,0,0.35190389224011953
temporal_louvain_alpha70,temporal,2024-03-01,8,216,0.05560213042511039,0.08809630613849179,1,0.08543257235595741
temporal_louvain_alpha70,temporal,2024-03-01,9,175,0.03131127993339146,0.08809630613849179,6,0.06213811201187483
temporal_louvain_alpha70,temporal,2024-03-01,10,3,0.08319998464688343,0.08809630613849179,0,0.26891825332434105
temporal_louvain_alpha70,temporal,2024-03-01,11,660,0.16048051205614683,0.08809630613849179,0,0.11753040781278626
temporal_leiden_alpha70,temporal,2024-03-01,1,868,0.15373893329188867,0.11236943219766818,0,0.11598147150214534
temporal_leiden_alpha70,temporal,2024-03-01,3,201,0.05472452841411079,0.11236943219766818,5,0.07296037382988795
temporal_leiden_alpha70,temporal,2024-03-01,4,179,0.345225606122089,0.11236943219766818,0,0.21648866112442713
temporal_leiden_alpha70,temporal,2024-03-01,5,231,0.04681896609427502,0.11236943219766818,30,0.03169173960872004
temporal_leiden_alpha70,temporal,2024-03-01,6,406,0.08252137793472658,0.11236943219766818,1,0.07540062167002837
temporal_leiden_alpha70,temporal,2024-03-01,9,17,0.1250915028581961,0.11236943219766818,0,0.28812361832612227
temporal_leiden_alpha70,temporal,2024-03-01,10,1,0.0,0.11236943219766818,1,0.0
temporal_leiden_alpha70,temporal,2024-03-01,11,1,0.0,0.11236943219766818,1,0.0
temporal_louvain_alpha70,temporal,2024-04-01,0,182,0.05476944230696685,0.09469249317752604,1,0.09090067467274722
temporal_louvain_alpha70,temporal,2024-04-01,1,188,0.2805544960116292,0.09469249317752604,0,0.242639126544866
temporal_louvain_alpha70,temporal,2024-04-01,2,2,0.17814731679344367,0.09469249317752604,0,0.504969457083005
temporal_louvain_alpha70,temporal,2024-04-01,3,101,0.04142280563190836,0.09469249317752604,8,0.022666849707940747
temporal_louvain_alpha70,temporal,2024-04-01,4,2,0.03781214062702932,0.09469249317752604,0,0.23933115534568783
temporal_louvain_alpha70,temporal,2024-04-01,5,1,0.0,0.09469249317752604,1,0.0
temporal_louvain_alpha70,temporal,2024-04-01,6,129,0.0780551416692375,0.09469249317752604,0,0.1311519886138641
temporal_louvain_alpha70,temporal,2024-04-01,7,40,0.23425554256827558,0.09469249317752604,0,0.24672884060178055
temporal_louvain_alpha70,temporal,2024-04-01,8,219,0.0595371312600886,0.09469249317752604,2,0.07856222813076391
temporal_louvain_alpha70,temporal,2024-04-01,9,178,0.0317909843847986,0.09469249317752604,8,0.06710387533780421
temporal_louvain_alpha70,temporal,2024-04-01,10,10,0.1315982443896432,0.09469249317752604,0,0.33965658012715927
temporal_louvain_alpha70,temporal,2024-04-01,11,852,0.16325698439829633,0.09469249317752604,0,0.09959992697266556
temporal_leiden_alpha70,temporal,2024-04-01,1,763,0.12722795571933476,0.08501839556586782,0,0.11738051983612992
temporal_leiden_alpha70,temporal,2024-04-01,2,129,0.08742360750732438,0.08501839556586782,0,0.1295787115945834
temporal_leiden_alpha70,temporal,2024-04-01,3,201,0.05923332105292442,0.08501839556586782,0,0.08847607345423263
temporal_leiden_alpha70,temporal,2024-04-01,4,167,0.3000284972576067,0.08501839556586782,0,0.2522268825016382
temporal_leiden_alpha70,temporal,2024-04-01,5,229,0.051251907498785464,0.08501839556586782,15,0.04785857740535312
temporal_leiden_alpha70,temporal,2024-04-01,6,262,0.09212003996778799,0.08501839556586782,0,0.08662303486446903
temporal_leiden_alpha70,temporal,2024-04-01,7,132,0.03775951712130338,0.08501839556586782,0,0.09999110442628564
temporal_leiden_alpha70,temporal,2024-04-01,9,18,0.11955859161085208,0.08501839556586782,0,0.3010736296348684
temporal_leiden_alpha70,temporal,2024-04-01,10,1,0.0,0.08501839556586782,1,0.0
temporal_leiden_alpha70,temporal,2024-04-01,11,1,0.0,0.08501839556586782,1,0.0
temporal_leiden_alpha70,temporal,2024-04-01,12,1,0.0,0.08501839556586782,1,0.0
temporal_louvain_alpha70,temporal,2024-05-01,0,166,0.05950379684418224,0.0968070954077655,1,0.09608054770096106
temporal_louvain_alpha70,temporal,2024-05-01,1,170,0.28095683761016627,0.0968070954077655,0,0.1973780332883419
temporal_louvain_alpha70,temporal,2024-05-01,3,101,0.035446397146390606,0.0968070954077655,9,0.0355766633643959
temporal_louvain_alpha70,temporal,2024-05-01,4,2,0.04012677642584103,0.0968070954077655,0,0.23706359109048342
temporal_louvain_alpha70,temporal,2024-05-01,5,1,0.0,0.0968070954077655,1,0.0
temporal_louvain_alpha70,temporal,2024-05-01,6,22,0.06491960149026571,0.0968070954077655,0,0.12826801465281598
temporal_louvain_alpha70,temporal,2024-05-01,7,38,0.2666574463260107,0.0968070954077655,0,0.3742567887267887
temporal_louvain_alpha70,temporal,2024-05-01,8,212,0.05729972224326736,0.0968070954077655,3,0.060020719775015115
temporal_louvain_alpha70,temporal,2024-05-01,9,178,0.027425783237501142,0.0968070954077655,14,0.05855612213341469
temporal_louvain_alpha70,temporal,2024-05-01,10,45,0.13581154833550366,0.0968070954077655,0,0.15524560661261133
temporal_louvain_alpha70,temporal,2024-05-01,11,969,0.16581735061674466,0.0968070954077655,0,0.12189924624169468
temporal_leiden_alpha70,temporal,2024-05-01,1,776,0.13040162382361245,0.08558770874597797,1,0.07558481845983636
temporal_leiden_alpha70,temporal,2024-05-01,2,258,0.15403634202001132,0.08558770874597797,0,0.16758844644745985
temporal_leiden_alpha70,temporal,2024-05-01,3,106,0.031936302547145405,0.08558770874597797,0,0.08930107230420131
temporal_leiden_alpha70,temporal,2024-05-01,4,133,0.2685206891553587,0.08558770874597797,0,0.18827635385616917
temporal_leiden_alpha70,temporal,2024-05-01,5,281,0.05818225973675703,0.08558770874597797,17,0.04011676063740461
temporal_leiden_alpha70,temporal,2024-05-01,6,2,0.18348905743152047,0.08558770874597797,0,0.48493831035777535
temporal_leiden_alpha70,temporal,2024-05-01,7,325,0.06381033042537317,0.08558770874597797,0,0.085840491157227
temporal_leiden_alpha70,temporal,2024-05-01,9,19,0.16446024278785618,0.08558770874597797,0,0.26093729142695254
temporal_leiden_alpha70,temporal,2024-05-01,10,1,0.0,0.08558770874597797,1,0.0
temporal_leiden_alpha70,temporal,2024-05-01,11,1,0.0,0.08558770874597797,1,0.0
temporal_leiden_alpha70,temporal,2024-05-01,12,1,0.0,0.08558770874597797,1,0.0
temporal_leiden_alpha70,temporal,2024-05-01,13,1,0.0,0.08558770874597797,1,0.0
temporal_louvain_alpha70,temporal,2024-06-01,0,82,0.05839336793297775,0.0959358186159121,0,0.1149627400541805
temporal_louvain_alpha70,temporal,2024-06-01,1,155,0.24286580277431163,0.0959358186159121,0,0.17005770049266378
temporal_louvain_alpha70,temporal,2024-06-01,3,100,0.040385309198529125,0.0959358186159121,9,0.04337983408384794
temporal_louvain_alpha70,temporal,2024-06-01,4,2,0.038654976412540946,0.0959358186159121,0,0.22813089591019978
temporal_louvain_alpha70,temporal,2024-06-01,5,1,0.0,0.0959358186159121,1,0.0
temporal_louvain_alpha70,temporal,2024-06-01,7,39,0.2158940853947988,0.0959358186159121,0,0.32651107242068433
temporal_louvain_alpha70,temporal,2024-06-01,8,202,0.05487745105263351,0.0959358186159121,0,0.11080022058140514
temporal_louvain_alpha70,temporal,2024-06-01,9,177,0.0260672762860416,0.0959358186159121,12,0.06027018796629615
temporal_louvain_alpha70,temporal,2024-06-01,10,153,0.09023783795618341,0.0959358186159121,3,0.08567478919809864
temporal_louvain_alpha70,temporal,2024-06-01,11,993,0.15299202234250203,0.0959358186159121,0,0.14799984637561017
temporal_leiden_alpha70,temporal,2024-06-01,1,738,0.11577703736105781,0.08056277103025536,1,0.07313662050471093
temporal_leiden_alpha70,temporal,2024-06-01,2,315,0.1591349675766617,0.08056277103025536,0,0.15186119617899727
temporal_leiden_alpha70,temporal,2024-06-01,4,130,0.24587685527564565,0.08056277103025536,0,0.1439379898415473
temporal_leiden_alpha70,temporal,2024-06-01,5,285,0.06514246178736106,0.08056277103025536,20,0.04526046487122424
temporal_leiden_alpha70,temporal,2024-06-01,6,1,0.0,0.08056277103025536,1,0.0
temporal_leiden_alpha70,temporal,2024-06-01,7,413,0.07453754261348951,0.08056277103025536,0,0.0879358872532205
temporal_leiden_alpha70,temporal,2024-06-01,9,18,0.12486470459065997,0.08056277103025536,0,0.3132831794610618
temporal_leiden_alpha70,temporal,2024-06-01,10,1,0.0,0.08056277103025536,1,0.0
temporal_leiden_alpha70,temporal,2024-06-01,11,1,0.0,0.08056277103025536,1,0.0
temporal_leiden_alpha70,temporal,2024-06-01,12,1,0.0,0.08056277103025536,1,0.0
temporal_leiden_alpha70,temporal,2024-06-01,13,1,0.0,0.08056277103025536,1,0.0
temporal_louvain_alpha70,temporal,2024-07-01,0,28,0.06779812415573293,0.09538166611786766,0,0.12335954830951135
temporal_louvain_alpha70,temporal,2024-07-01,1,151,0.2573092160269997,0.09538166611786766,0,0.2003921231615143
temporal_louvain_alpha70,temporal,2024-07-01,3,100,0.04066551916385036,0.09538166611786766,7,0.03292493363553523
temporal_louvain_alpha70,temporal,2024-07-01,4,2,0.042954746896655474,0.09538166611786766,0,0.24381738677026826
temporal_louvain_alpha70,temporal,2024-07-01,5,1,0.0,0.09538166611786766,1,0.0
temporal_louvain_alpha70,temporal,2024-07-01,7,40,0.20790914806409347,0.09538166611786766,0,0.275100225647815
temporal_louvain_alpha70,temporal,2024-07-01,8,184,0.04545783749734382,0.09538166611786766,2,0.08916780651680245
temporal_louvain_alpha70,temporal,2024-07-01,9,179,0.02507755516084086,0.09538166611786766,9,0.05737218726144246
temporal_louvain_alpha70,temporal,2024-07-01,10,228,0.07607090883376846,0.09538166611786766,2,0.08341504600822523
temporal_louvain_alpha70,temporal,2024-07-01,11,991,0.14652316734275322,0.09538166611786766,1,0.08080047768154405
temporal_leiden_alpha70,temporal,2024-07-01,1,568,0.07662644252889235,0.08183837691239261,0,0.10558602780416733
temporal_leiden_alpha70,temporal,2024-07-01,2,491,0.21101342767446218,0.08183837691239261,0,0.17082258158763605
temporal_leiden_alpha70,temporal,2024-07-01,4,132,0.2705190817955891,0.08183837691239261,0,0.15956003793078008
temporal_leiden_alpha70,temporal,2024-07-01,5,285,0.06516260481398549,0.08183837691239261,16,0.05704598671377236
temporal_leiden_alpha70,temporal,2024-07-01,6,1,0.0,0.08183837691239261,1,0.0
temporal_leiden_alpha70,temporal,2024-07-01,7,405,0.07317307662652192,0.08183837691239261,0,0.09859716157351726
temporal_leiden_alpha70,temporal,2024-07-01,9,18,0.11390527877478407,0.08183837691239261,0,0.2902504784634563
temporal_leiden_alpha70,temporal,2024-07-01,10,1,0.0,0.08183837691239261,1,0.0
temporal_leiden_alpha70,temporal,2024-07-01,11,1,0.0,0.08183837691239261,1,0.0
temporal_leiden_alpha70,temporal,2024-07-01,12,1,0.0,0.08183837691239261,1,0.0
temporal_leiden_alpha70,temporal,2024-07-01,13,1,0.0,0.08183837691239261,1,0.0
temporal_louvain_alpha70,temporal,2024-08-01,0,18,0.0765510978990232,0.09240048197070075,0,0.1545879971692019
temporal_louvain_alpha70,temporal,2024-08-01,1,150,0.22609119867031482,0.09240048197070075,0,0.21696494037662542
temporal_louvain_alpha70,temporal,2024-08-01,3,99,0.040979135902878085,0.09240048197070075,9,0.048239755312987125
temporal_louvain_alpha70,temporal,2024-08-01,4,2,0.03900863449124426,0.09240048197070075,0,0.23728639631867662
temporal_louvain_alpha70,temporal,2024-08-01,5,1,0.0,0.09240048197070075,1,0.0
temporal_louvain_alpha70,temporal,2024-08-01,7,40,0.1925078304356963,0.09240048197070075,0,0.30439523176857025
temporal_louvain_alpha70,temporal,2024-08-01,8,171,0.03596778533049792,0.09240048197070075,2,0.05316872603998744
temporal_louvain_alpha70,temporal,2024-08-01,9,183,0.026042663153214324,0.09240048197070075,5,0.059050596873544844
temporal_louvain_alpha70,temporal,2024-08-01,10,261,0.07882092779566682,0.09240048197070075,1,0.08029877801811476
temporal_louvain_alpha70,temporal,2024-08-01,11,979,0.1378156331632438,0.09240048197070075,0,0.1196416034875072
temporal_leiden_alpha70,temporal,2024-08-01,2,1095,0.15528329314098335,0.07936177971910682,0,0.12486645737391593
temporal_leiden_alpha70,temporal,2024-08-01,4,133,0.2401352174174148,0.07936177971910682,0,0.1868829070693959
temporal_leiden_alpha70,temporal,2024-08-01,5,285,0.0634736656775521,0.07936177971910682,9,0.056322911066320897
temporal_leiden_alpha70,temporal,2024-08-01,6,1,0.0,0.07936177971910682,1,0.0
temporal_leiden_alpha70,temporal,2024-08-01,7,368,0.06531700951098973,0.07936177971910682,1,0.05458346080817904
temporal_leiden_alpha70,temporal,2024-08-01,9,18,0.10562002227146365,0.07936177971910682,0,0.2861680387869193
temporal_leiden_alpha70,temporal,2024-08-01,10,1,0.0,0.07936177971910682,1,0.0
temporal_leiden_alpha70,temporal,2024-08-01,11,1,0.0,0.07936177971910682,1,0.0
temporal_leiden_alpha70,temporal,2024-08-01,12,1,0.0,0.07936177971910682,1,0.0
temporal_leiden_alpha70,temporal,2024-08-01,13,1,0.0,0.07936177971910682,1,0.0
temporal_louvain_alpha70,temporal,2024-09-01,0,4,0.08539836969609312,0.09450069810171047,0,0.26679196613648565
temporal_louvain_alpha70,temporal,2024-09-01,1,143,0.22766492448896047,0.09450069810171047,0,0.2035552376020004
temporal_louvain_alpha70,temporal,2024-09-01,3,99,0.03983876290413729,0.09450069810171047,10,0.040453241754718816
temporal_louvain_alpha70,temporal,2024-09-01,4,2,0.05236750388071218,0.09450069810171047,0,0.27027253309541716
temporal_louvain_alpha70,temporal,2024-09-01,5,1,0.0,0.09450069810171047,1,0.0
temporal_louvain_alpha70,temporal,2024-09-01,7,39,0.20379081134914606,0.09450069810171047,0,0.2772618469718513
temporal_louvain_alpha70,temporal,2024-09-01,8,169,0.03627636967969656,0.09450069810171047,3,0.06843712778507371
temporal_louvain_alpha70,temporal,2024-09-01,9,187,0.028492785777202132,0.09450069810171047,6,0.047890770144525065
temporal_louvain_alpha70,temporal,2024-09-01,10,279,0.08314657087519847,0.09450069810171047,0,0.09809584386354296
temporal_louvain_alpha70,temporal,2024-09-01,11,981,0.13606209551991613,0.09450069810171047,0,0.09606755218591095
temporal_leiden_alpha70,temporal,2024-09-01,2,1127,0.1542892567426113,0.07878632463211051,0,0.11149512967696994
temporal_leiden_alpha70,temporal,2024-09-01,4,142,0.23372169915564078,0.07878632463211051,0,0.18535395622040426
temporal_leiden_alpha70,temporal,2024-09-01,5,288,0.06516967550795516,0.07878632463211051,12,0.04254636876265499
temporal_leiden_alpha70,temporal,2024-09-01,6,1,0.0,0.07878632463211051,1,0.0
temporal_leiden_alpha70,temporal,2024-09-01,7,324,0.05973733419462552,0.07878632463211051,1,0.025376311069559312
temporal_leiden_alpha70,temporal,2024-09-01,9,18,0.10781052930279751,0.07878632463211051,0,0.2173386717117106
temporal_leiden_alpha70,temporal,2024-09-01,10,1,0.0,0.07878632463211051,1,0.0
temporal_leiden_alpha70,temporal,2024-09-01,11,1,0.0,0.07878632463211051,1,0.0
temporal_leiden_alpha70,temporal,2024-09-01,12,1,0.0,0.07878632463211051,1,0.0
temporal_leiden_alpha70,temporal,2024-09-01,13,1,0.0,0.07878632463211051,1,0.0
temporal_louvain_alpha70,temporal,2024-10-01,0,2,0.12542773976982996,0.09589247486269153,0,0.5033621303835178
temporal_louvain_alpha70,temporal,2024-10-01,1,138,0.21711823050141665,0.09589247486269153,0,0.11874310783074576
temporal_louvain_alpha70,temporal,2024-10-01,3,98,0.040046051513161283,0.09589247486269153,11,0.05342896749993305
temporal_louvain_alpha70,temporal,2024-10-01,4,2,0.04037525548826291,0.09589247486269153,0,0.24470268446682067
temporal_louvain_alpha70,temporal,2024-10-01,5,1,0.0,0.09589247486269153,1,0.0
temporal_louvain_alpha70,temporal,2024-10-01,7,36,0.20068694929026792,0.09589247486269153,0,0.35883372754821374
temporal_louvain_alpha70,temporal,2024-10-01,8,164,0.036163754243265324,0.09589247486269153,3,0.06036415513252904
temporal_louvain_alpha70,temporal,2024-10-01,9,187,0.03067055648445674,0.09589247486269153,7,0.06471766172118759
temporal_louvain_alpha70,temporal,2024-10-01,10,305,0.09009098539131326,0.09589247486269153,2,0.08145138066253882
temporal_louvain_alpha70,temporal,2024-10-01,11,971,0.1389571508472188,0.09589247486269153,0,0.1503475832386141
temporal_leiden_alpha70,temporal,2024-10-01,2,1135,0.15778657711848534,0.07994141588307829,0,0.14101218830054604
temporal_leiden_alpha70,temporal,2024-10-01,4,138,0.2431613672403833,0.07994141588307829,0,0.09194581094584961
temporal_leiden_alpha70,temporal,2024-10-01,5,288,0.06678456583697352,0.07994141588307829,12,0.05228300397453464
temporal_leiden_alpha70,temporal,2024-10-01,6,1,0.0,0.07994141588307829,1,0.0
temporal_leiden_alpha70,temporal,2024-10-01,7,320,0.0618918141064803,0.07994141588307829,0,0.09649726193515272
temporal_leiden_alpha70,temporal,2024-10-01,9,18,0.10943867303680567,0.07994141588307829,0,0.2943427276777983
temporal_leiden_alpha70,temporal,2024-10-01,10,1,0.0,0.07994141588307829,1,0.0
temporal_leiden_alpha70,temporal,2024-10-01,11,1,0.0,0.07994141588307829,1,0.0
temporal_leiden_alpha70,temporal,2024-10-01,12,1,0.0,0.07994141588307829,1,0.0
temporal_leiden_alpha70,temporal,2024-10-01,13,1,0.0,0.07994141588307829,1,0.0
temporal_louvain_alpha70,temporal,2024-11-01,0,2,0.1255684384715212,0.09550629608092719,0,0.5044784108582974
temporal_louvain_alpha70,temporal,2024-11-01,1,141,0.21508783966787415,0.09550629608092719,0,0.25075463550590066
temporal_louvain_alpha70,temporal,2024-11-01,3,98,0.038752293017768454,0.09550629608092719,9,0.03705186761749854
temporal_louvain_alpha70,temporal,2024-11-01,4,2,0.04656766436300126,0.09550629608092719,0,0.2544463337336703
temporal_louvain_alpha70,temporal,2024-11-01,5,1,0.0,0.09550629608092719,1,0.0
temporal_louvain_alpha70,temporal,2024-11-01,7,29,0.18776847089144064,0.09550629608092719,0,0.32548767231391906
temporal_louvain_alpha70,temporal,2024-11-01,8,153,0.031554441918370146,0.09550629608092719,3,0.06808093948061314
temporal_louvain_alpha70,temporal,2024-11-01,9,186,0.0276270790432445,0.09550629608092719,10,0.05696992694227687
temporal_louvain_alpha70,temporal,2024-11-01,10,327,0.09068868556613444,0.09550629608092719,0,0.09992641667494749
temporal_louvain_alpha70,temporal,2024-11-01,11,965,0.148530346170418,0.09550629608092719,0,0.09889468994188969
temporal_leiden_alpha70,temporal,2024-11-01,2,1137,0.16710695784419805,0.07932458235370991,0,0.1301995858090545
temporal_leiden_alpha70,temporal,2024-11-01,4,137,0.22902659950293888,0.07932458235370991,0,0.24512974775282875
temporal_leiden_alpha70,temporal,2024-11-01,5,287,0.06408366718220551,0.07932458235370991,13,0.05231454170713246
temporal_leiden_alpha70,temporal,2024-11-01,6,1,0.0,0.07932458235370991,1,0.0
temporal_leiden_alpha70,temporal,2024-11-01,7,320,0.059941308142338605,0.07932458235370991,0,0.09689841159805092
temporal_leiden_alpha70,temporal,2024-11-01,9,18,0.1090804038873696,0.07932458235370991,0,0.22081777776415204
temporal_leiden_alpha70,temporal,2024-11-01,10,1,0.0,0.07932458235370991,1,0.0
temporal_leiden_alpha70,temporal,2024-11-01,11,1,0.0,0.07932458235370991,1,0.0
temporal_leiden_alpha70,temporal,2024-11-01,12,1,0.0,0.07932458235370991,1,0.0
temporal_leiden_alpha70,temporal,2024-11-01,13,1,0.0,0.07932458235370991,1,0.0
temporal_louvain_alpha70,temporal,2024-12-01,0,2,0.14347365123998598,0.09842659866037241,0,0.5493558621201453
temporal_louvain_alpha70,temporal,2024-12-01,1,141,0.2127460868287888,0.09842659866037241,0,0.21398083519920347
temporal_louvain_alpha70,temporal,2024-12-01,3,98,0.03889993769932112,0.09842659866037241,9,0.024535266371529356
temporal_louvain_alpha70,temporal,2024-12-01,4,2,0.02811767162276055,0.09842659866037241,0,0.22061541319597394
temporal_louvain_alpha70,temporal,2024-12-01,5,1,0.0,0.09842659866037241,1,0.0
temporal_louvain_alpha70,temporal,2024-12-01,7,29,0.23455045308947328,0.09842659866037241,0,0.32831524551368235
temporal_louvain_alpha70,temporal,2024-12-01,8,153,0.031474718964769874,0.09842659866037241,2,0.08851430297500004
temporal_louvain_alpha70,temporal,2024-12-01,9,186,0.02758073042834028,0.09842659866037241,8,0.06355951432183024
temporal_louvain_alpha70,temporal,2024-12-01,10,327,0.09090510166853456,0.09842659866037241,1,0.08758829237948797
temporal_louvain_alpha70,temporal,2024-12-01,11,965,0.16103118084302806,0.09842659866037241,1,0.08879260756205495
temporal_leiden_alpha70,temporal,2024-12-01,2,1140,0.1818117092120919,0.08111523238698123,0,0.09893814149436156
temporal_leiden_alpha70,temporal,2024-12-01,4,140,0.22108927123973657,0.08111523238698123,0,0.2057661440041678
temporal_leiden_alpha70,temporal,2024-12-01,5,283,0.05922289923995621,0.08111523238698123,11,0.05246312328432168
temporal_leiden_alpha70,temporal,2024-12-01,6,1,0.0,0.08111523238698123,1,0.0
temporal_leiden_alpha70,temporal,2024-12-01,7,318,0.05803972110632947,0.08111523238698123,0,0.10554210160265252
temporal_leiden_alpha70,temporal,2024-12-01,9,18,0.13780449172128287,0.08111523238698123,0,0.16231546976034236
temporal_leiden_alpha70,temporal,2024-12-01,10,1,0.0,0.08111523238698123,1,0.0
temporal_leiden_alpha70,temporal,2024-12-01,11,1,0.0,0.08111523238698123,1,0.0
temporal_leiden_alpha70,temporal,2024-12-01,12,1,0.0,0.08111523238698123,1,0.0
temporal_leiden_alpha70,temporal,2024-12-01,13,1,0.0,0.08111523238698123,1,0.0
static_louvain_alpha50,static,2024-12-01,0,296,0.11115972607914479,0.09437365770076406,0,0.10926327977111805
static_louvain_alpha50,static,2024-12-01,1,393,0.08710576032020212,0.09437365770076406,1,0.08972391475470645
static_louvain_alpha50,static,2024-12-01,2,63,0.03891202508869145,0.09437365770076406,7,0.04543568900892871
static_louvain_alpha50,static,2024-12-01,3,192,0.024743102076825965,0.09437365770076406,10,0.04565498270210071
static_louvain_alpha50,static,2024-12-01,4,164,0.16712992485160497,0.09437365770076406,0,0.18457993254803992
static_louvain_alpha50,static,2024-12-01,5,19,0.11511756007954253,0.09437365770076406,0,0.21711756498621085
static_louvain_alpha50,static,2024-12-01,6,241,0.048665516884310416,0.09437365770076406,1,0.08181205520705799
static_louvain_alpha50,static,2024-12-01,7,238,0.0700961805130501,0.09437365770076406,2,0.07261328417519158
static_louvain_alpha50,static,2024-12-01,8,298,0.05848757280012736,0.09437365770076406,2,0.09076252348967019
static_louvain_alpha90,static,2024-12-01,0,302,0.10574623349225054,0.07828181306421897,0,0.12684255486062856
static_louvain_alpha90,static,2024-12-01,1,17,0.1770081416017098,0.07828181306421897,0,0.1569890147096022
static_louvain_alpha90,static,2024-12-01,2,2,0.0451523896691747,0.07828181306421897,0,0.2650155188889
static_louvain_alpha90,static,2024-12-01,3,344,0.04754398570044216,0.07828181306421897,0,0.091129213577835
static_louvain_alpha90,static,2024-12-01,4,2,0.060578018226443396,0.07828181306421897,0,0.271307853550735
static_louvain_alpha90,static,2024-12-01,5,165,0.07458944269780003,0.07828181306421897,0,0.12444643227924115
static_louvain_alpha90,static,2024-12-01,6,264,0.09254929235571899,0.07828181306421897,0,0.10701124043726126
static_louvain_alpha90,static,2024-12-01,7,2,0.022836232196087214,0.07828181306421897,0,0.22784790732384627
static_louvain_alpha90,static,2024-12-01,8,202,0.02414576866991004,0.07828181306421897,13,0.04073873782560262
static_louvain_alpha90,static,2024-12-01,9,268,0.049712947933414534,0.07828181306421897,2,0.07084420853055166
static_louvain_alpha90,static,2024-12-01,10,203,0.08591328914571982,0.07828181306421897,1,0.07457642599815954
static_louvain_alpha90,static,2024-12-01,11,131,0.21255255024347,0.07828181306421897,0,0.15526870417608798
static_louvain_alpha90,static,2024-12-01,12,2,0.03731084943686235,0.07828181306421897,0,0.2501062777116722
