path,bytes,sha256
configs/alpha_50_50.yaml,120,26afb60b7f9c28bc97af49c32730e17540e81ba20da17fcace126377dfcb6795
configs/alpha_90_10.yaml,120,6fe49d49b01b30cf9df597827a51803c6b48b549c01bb228c616b186addf7374
configs/baseline.yaml,1170,3a3aadc0c8e174a5388999e1a1b8ea472600b186c0d22f392f4c91ecddeb12d2
configs/benchmark_canonical.yaml,629,5b743196aaa1dfbbe170adb806d119f3bc0ce4d554282d269082bb8e51c82b8f
configs/competition_artifacts.yaml,1042,a8ffc86156ada0f00d83c0c4e4774b312fc06b3ebb70c0924628994b2869a44f
configs/evidence_freeze_v2_2_0.yaml,2036,845d6a6bb9f0aa37482d1a421f8a7d08d391f09d5789eb500025cfdf72b3839b
configs/k30.yaml,73,ae8d21fda67309ffbb27aa35040b96c82f70564bcc86f3270c08281c7691a9c6
configs/leiden.yaml,473,55a63ed6ce8362666a46ea7186aef53458c0a4e703c266bcf921cf6c4dad8add
configs/omega4.yaml,82,7b269420665ad59ac8f4db046f482f91bcf18f95b2c1ef6f7e91692c5838aa03
configs/perturbation_highrep.yaml,807,a5ee486b337419a7d83224eead4864d415d8ac26b9abcf0e78194ef8ac4b7055
configs/perturbation_v2.yaml,957,70df833cc1d83ed1b30ca7596ed6fe1f22613be7ddcbf00f9804639de9b8fe6e
configs/region_null.yaml,337,cc87e73af7185c6a760bca9217d85a77197ba7e4a470f73772409da3d1d38537
configs/resolution_sensitivity.yaml,266,6a4ed7b8c604062c5f081bf43c111b39875a5ae5bf12f10ea7a75e8c781b90db
configs/round16_decomposition.yaml,601,262db9c3d82cf4126dbd5d6b3e5154a06020a4e967fc317d3be96b61858067cd
configs/round16_protocol_gate.yaml,146,84e586ed5fe2774b42306d7ccaddb1a5290c6f5ec033c2aa49fcae4ad94cdf0e
configs/spatial_block.yaml,582,ee2eddcd73fb042290f9c58f5cecb1c2d17878b2eb651f324f5861af50497207
docs/alpha_sensitivity.md,9091,c02ae21bc65c30abe7ebfb86b53a3a5e809993e59116b0ec1c93f042a13b481e
docs/ARTIFACT_INDEX.md,5041,86e4312eb451dc9915facb1813a4a0aac77873b1c7016a894788dda418d06c33
docs/CODEX_START_HERE.md,2763,5541284c121383177617b1bf7e32eafee41058ac8958025673ef7188a8735612
docs/COMPETITION_ROUND16_CORRECTION_MAP.md,3029,aba1e80445906128bf15b60f206fcaee09065b5f7dedf2e574a7ddb3121efe2b
docs/CONTEXTUAL_EVIDENCE_RECOVERY.md,3564,96b914b87fb4d255525ee5d9211b60b2bc165ac8530312fb91d01cb59fb79117
docs/DATA_PASSPORT.md,6566,dc8504de9349e32504ab67f0c4187cc4d4f92e9e4fdc8259d8b35e673111fdf4
docs/evidence_governance.md,1233,8e9f996d996be156bdd19fc2b5d55c873598b83a48df7aa24cb3f0ffcfa9f8dd
docs/HYPOTHESIS_LEDGER.md,5735,fb7179d4cd1a072f60856db39d4e982968779a4739d5713b5f7d7c86dfc4da60
docs/methodology.md,1829,99b6f0d5a488077243aff4db8433f8946d77341b1bd9bbc13897d7f4e7251078
docs/PERTURBATION_PILOT_PROVENANCE_RESOLUTION.md,2012,e1ba3ff9b926e1a59d379b011195efef851f56f239fa2d3765e80f37363fa20a
docs/PERTURBATION_PILOT_REFERENCE.md,2779,98b1b49e47d583f6b414fcbfdc8315341fd347925d31b1e49d4a91f299892bca
docs/PERTURBATION_V2_PROTOCOL.md,3476,0a6fb7ea8fa7d0e669d3220ea9ef86e727c4c7dcf4076703265617ef51aa2870
docs/reproducibility.md,907,1399d1fd6e66f32d6cc81d5bcd9f50eb13da02d0587c31dcebbd518c421ea4d4
docs/RESEARCH_STATE.md,15420,06597327f9fb685d5cb9239161950f71b0aa9ddb5548793f8384fa6801931690
docs/RESULT_INTERPRETATION_RULES.md,1982,de2ec51ff051057f04c498689ae83b8a022da7670dc173018631b8cdfccd3847
docs/ROBUSTNESS_V2_COMMANDS.md,2383,c035b5f05d5b10a5c21f520abe41ced0faa24ea2253d0278582f10246b50443b
docs/spatial_block_robustness.md,2668,66fc816a614b669d719f03c45dcbb671d566d7ac61e13c3edb3537eff5564c13
docs/spatial_region_robustness.md,5127,2d03995bebdb35ffdae05f534c2d20adbb4350cce42a4d2f88bd6b4a4d4b778e
docs/TEMPORAL_MODEL_SPECIFICATION.md,2545,d6593f53f8d6409766cc41673bb7fd202c8e4e551aa08e90866491378a70c6ef
outputs/round16_benchmark/benchmark_old_vs_canonical_diff.csv,8324,209adc1e723715783c4077dccdc61ac4e27978a177efce35a3322e437bb2f7c6
outputs/round16_benchmark/CANONICAL_BENCHMARK_AUDIT.md,1189,f84655e27571ff403d739b238cc9f41ba7cd1c0d59b587ad448ed4fbd45109d4
outputs/round16_benchmark/canonical_method_benchmark.csv,2320,269acd22fbe653f6ba07a695491fbe70245ec72b0edfa943619918d158e2e989
outputs/round16_benchmark/canonical_method_benchmark_metadata.csv,6491,a0ee0419e7118b4e2561e7a6935e11b1aef7da262734b2d8b0f8f1cc4f56e8dd
outputs/round16_benchmark/Greedy_labels.csv,145029,ee0869adb09f182f72829cf174e1e5af1443920cd871bbc09da1defffc979920
outputs/round16_benchmark/KMeans_labels.csv,145029,174e07b788427e0516d5d41e3a46fb2dd558026a0abcee3880b7e546d2a0b5c3
outputs/round16_benchmark/Louvain_labels.csv,145029,d3620406677df9167f0e4097fbe0c7b8f426752a218ae4e19c9e51904d4d55a0
outputs/round16_benchmark/run_manifest.json,6643,9c77b6860ca20c050c68fe558a216736ec04bdb0dc60141d7b5f3713f11ef94f
outputs/round16_benchmark/Spectral_labels.csv,145029,2e4a10cb9ec2ae7d670a8f0e23f09bd1b77cbc1e5fa63c66a15b959175beb09e
outputs/round16_benchmark/Ward_labels.csv,145029,b608f24d3677c3563d4712362a59083e389eeefd2c6396a456501b14f866e6e1
outputs/round16_competition/B_WITHIN_FEDERAL_INTRACITY_PROFILE.csv,2785,8277f9a19ad4951e06686c6e1ab303e85578ae24179d3a380b1af90f0fc4a7a9
outputs/round16_competition/B_WITHIN_FEDERAL_INTRACITY_PROFILE.md,818,669118ffbecaa4e7dc2b273122a96d4aaecc7f8a1dedb25f9636ce5e96f38f88
outputs/round16_competition/case_studies_3_municipalities.csv,3969,ec8491ef180727a8c246af3a67e9a9fa5a2319b298dd58a58a365e859d00ef62
outputs/round16_competition/case_studies_network_analogs.csv,5871,9c6779647bab501abd2e85840f5b9dc8f05961af1b94381f2f31b05b0eae8591
outputs/round16_competition/case_studies_temporal_trajectories.csv,22467,0ba4d39f3f95f6f3abd3e5c07065bea0417df334f0cb6c9c0daeefc700253b22
outputs/round16_competition/COMPLETED.json,2520,94c27a172f1e4aeac2d055ffbc0342221b3401206b58318b64783cf84974fc9c
outputs/round16_competition/december_municipality_features.csv,471497,f6b586a6b41c540dcc091b49a1e107219df768c9a1918bdb1e926f2792cec9f7
outputs/round16_competition/figure_A_profile_matrix.csv,1398,3ab5ce8cd73095afe084c3543faaecf0cfa256460d95d7842d7f062f151032e4
outputs/round16_competition/figure_A_profile_matrix.png,207341,047a73f31d8badbcfe54ef1fcc8bdf33b8cd1669f51740ec760500f1bdbd540e
outputs/round16_competition/figure_A_profile_matrix.svg,93885,f0ccaa44d5e6c14a2ef43238fbec7a577c5fdc6131835f04f4cc9e3f1d39c983
outputs/round16_competition/figure_B_core_boundary.png,67928,132c09678c2691609c0adbd109020a211f63d815c00a4d93a3dc1ef721b12ae7
outputs/round16_competition/figure_B_core_boundary.svg,69165,1c67276b65942bc3268a61a8240b0a7c824f9f1f61616cd73915a4342001e033
outputs/round16_competition/figure_B_core_boundary_distributions.csv,31254,1d26c477fa7e021a49e6f45eb41c773c69546d2f0ca3ea519cbfa92e7f0dbcb3
outputs/round16_competition/figure_C_perturbation_stability.csv,34914,c262740a9f7d1f4a481ae3448db640497404dea39a6b1658abc4e67e99c2a60f
outputs/round16_competition/figure_C_perturbation_stability.png,173728,b19b2d9fe85dad52678058a591b22c64d2534e7e8194b345a50199653d9a4903
outputs/round16_competition/figure_C_perturbation_stability.svg,58904,38b6b988fc0d7a99c011f10eb44768eb4ca24c1189526b5e217de974cfa007cb
outputs/round16_competition/figure_D_pair_instability.csv,5259,8d5f434bd9d06982567f5a5430e7187883f0a1374362272467dfd6d1e8935357
outputs/round16_competition/figure_D_pair_instability.png,43278,d3bbf8ed89e61c73ce07d11c4fc27fa21acaf14cb46aafaed90c5947704ff3c4
outputs/round16_competition/figure_D_pair_instability.svg,33444,19e64ae1331ae955e74cb6a666ece99df9271e5dee19d49ae17bd46a39cb10b0
outputs/round16_competition/figure_E_municipal_cases.png,273703,606c0f398ab6148a354622357786184e0745539c9c933e52a01b826767e306b1
outputs/round16_competition/figure_E_municipal_cases.svg,137200,970174b15041a4c4d956336743bc3ea7b11db2e1da13dbbc5ba20cf1a231bace
outputs/round16_competition/municipality_perturbation_stability.csv,261867,df9d8764493224512ea3e911989040bee1f8cb8832dbe20e1aa8df38519608a7
outputs/round16_competition/run_manifest.json,26915,574f6db7a3a0c8def0222777bec5b23a847795808c586bd1f2f623c1df57d515
outputs/round16_competition/THREE_MUNICIPAL_CASE_STUDIES.md,1861,d28d910df503ab78bad2981dee19eeae5348f43aba270892179dfc4878ac899b
outputs/round16_evidence/ACCEPTANCE_CRITERIA.csv,667,f6e03663591ad2ce54b8275e2fdb6c0c65c90869062fa6a98dbf6a696a46d866
outputs/round16_evidence/archetype_status_round16.csv,1895,058ed7ca230bef73bde83cf8c7f3fcf18ee48f642a3f81e8077e665a046f8b9c
outputs/round16_evidence/CONTEXTUAL_EVIDENCE_REPRODUCIBILITY_MATRIX.csv,2422,3870e339785d1139848014bd75ef9c2599508752b64b7201b798405b36e81bfd
outputs/round16_evidence/MASTER_PROFILE_EVIDENCE_MATRIX_v2.3.0.csv,14780,63f104b776d57aed8a880a4532f037088f6d7102b2bfc09e8431037ce0246a6c
outputs/round16_evidence/MATRIX_FIELD_LINEAGE_ROUND16.csv,1143,8de1094e2f1cace47772b17b63472121243adc29dd420af0dc8f84bdd94b4274
outputs/round16_evidence/ROUND16_FINAL_PRESUBMISSION_AUDIT.md,8394,f7619fcbc262cd5defdb98676ee261690306158d1bbe82055ed77586ebc0dbeb
outputs/round16_evidence/ROUND16_VERIFICATION.json,1252,285077d73baeb650fae247cebd14d34cdc536ddb99046ad52c1e721e1459d772
outputs/round16_evidence/run_manifest.json,4819,f1b1f17544fad4ec001c91e5de15fcb01b4c7638cd8cb45cddbdc37adb7d9cce
outputs/round16_evidence/tests.log,101,e7ded7113c129b05ad23518949b3c5960d813e20445ec84961bfa28a7abec043
outputs/round16_perturbation_decomposition/aggregate/COMPLETED.json,955,58c10c7c64b4a6c1857b9f60e846523d1a560fd6cf51de6ecf7ef78c01766985
outputs/round16_perturbation_decomposition/perturbation_collapse_archetypes.csv,3371,e120418e478e32d2e1c44c9e62070249987a074549069f6fabf481c5e7d35920
outputs/round16_perturbation_decomposition/perturbation_collapse_cases.csv,3174,edd71c4f97557c49ac1c4d4a3010332442ec10adff71234676bd88e5b18d9719
outputs/round16_perturbation_decomposition/PERTURBATION_COLLAPSE_CASES_24_39.md,1991,7f65643fca3747bcfd584d2f66fb7e0013128a71f9a6d59be72202d241aa5393
outputs/round16_perturbation_decomposition/perturbation_collapse_pairs.csv,3874,acbf60ed3a1a499773dec806b64cdb1bf724368c0a682cd76c2e33a661aeb174
outputs/round16_perturbation_decomposition/perturbation_decomposition_archetypes.csv,68265,4dccc33df3aecc88130be23641d273085c840f7d94f2bf437971e57a109e9ead
outputs/round16_perturbation_decomposition/PERTURBATION_DECOMPOSITION_AUDIT.md,1829,78acf42818a68b5d09d6063fccc7694a2b66ee8063161fcfe343ca39b882edf5
outputs/round16_perturbation_decomposition/perturbation_decomposition_monthly.csv,271812,55c7a169958b8ce5ae76bc494d94938803321b78d46f8c8e75c00e8abd45448d
outputs/round16_perturbation_decomposition/perturbation_decomposition_pairs.csv,76243,dc58ed3bbcdf8e83c1e01c9aae1e50fe74df9fb3c9deea3c935f084c6d7a8ea0
outputs/round16_perturbation_decomposition/perturbation_decomposition_runs.csv,22185,0784776c59f3e87b3560f1ae850a439be01c73bab697d1796e3cec15a4b260e6
outputs/round16_perturbation_decomposition/perturbation_decomposition_summary.csv,38417,c059e411b2c593da55469fa1d7d0edbfc14171933723f9fa830fa52d453cf0d4
outputs/round16_perturbation_decomposition/run_manifest.json,6904,910a4eaf3ac6e8670d37043fe4316c563d8114e1a9cefd5a33dc7cdd134118a8
outputs/round16_perturbation_decomposition/runs/collapse_fixed_24/COMPLETED.json,311,7f237567784dc573b723bbe730be48c4ea293bdab477c2651e396060f716e54a
outputs/round16_perturbation_decomposition/runs/collapse_fixed_24/graph_identity.json,1181,f563e3bc40142b138f8eba8d2a8184c1c2b59b73991f65b2c00b6f3fb36d26ea
outputs/round16_perturbation_decomposition/runs/collapse_fixed_24/raw_results.json,34731,819e2cf21c1159d9ed810daf76a98844a777bf95e1c08bbd5d042165b20ffbb6
outputs/round16_perturbation_decomposition/runs/collapse_fixed_24/supra_labels.npy,365696,12e6d04972d545b5737c23e495756ae3ffbefece0c0997a249c9a2462feb491a
outputs/round16_perturbation_decomposition/runs/collapse_fixed_39/COMPLETED.json,311,c948bb1c437a74d1394b0441f65f49198c26096a4c7fc4c872972dac1784c464
outputs/round16_perturbation_decomposition/runs/collapse_fixed_39/graph_identity.json,1181,8dca2ead54de44b3dbeb8b54eca2677ef609b72b3ef9f1f16a203f32d886651b
outputs/round16_perturbation_decomposition/runs/collapse_fixed_39/raw_results.json,34768,98998b9479d4e266ef3059f9fbef01385ffac783cc93f3f66e6e426434959e5d
outputs/round16_perturbation_decomposition/runs/collapse_fixed_39/supra_labels.npy,365696,33e1737b69d2ac65ac2860529e52f1799285feab56aa89ca54e5e7cef4959959
outputs/round16_perturbation_decomposition/runs/graph_only_0/COMPLETED.json,311,28da48ca6a1769afdc85ae5efb126af751e3822d98825c902feb84d611014a5f
outputs/round16_perturbation_decomposition/runs/graph_only_0/graph_identity.json,1180,b7f7b19d450cd8a5888f8e45df1b44e3dc7aece7d350c56ef0965be07305f45a
outputs/round16_perturbation_decomposition/runs/graph_only_0/raw_results.json,15580,5ee88ded5553d9c0b72c1a8b1b026003668e49ff01b5124ca11fcfd79cebc2d5
outputs/round16_perturbation_decomposition/runs/graph_only_0/supra_labels.npy,365696,2d760a7792313894244140d745e50aa1d44a1cff6a594baa73ab28e107eb286c
outputs/round16_perturbation_decomposition/runs/graph_only_1/COMPLETED.json,311,519658052fbda53300a295fb2a28a27be28d27c0ee59846a2816b20203a4c49a
outputs/round16_perturbation_decomposition/runs/graph_only_1/graph_identity.json,1180,ede1db4cf3145c59a3989caadd79ce15f0c391bb73a584e2b45f1ffe3440daf5
outputs/round16_perturbation_decomposition/runs/graph_only_1/raw_results.json,15679,480348c8f4a2578564c6c9112e5c49b75af812a9163131c5532f7d42713df94c
outputs/round16_perturbation_decomposition/runs/graph_only_1/supra_labels.npy,365696,bcf7835ce0a33e39299a00d5ebc3936bcfbe0f46fb9b424fb81f7441dc1c550b
outputs/round16_perturbation_decomposition/runs/graph_only_10/COMPLETED.json,311,ce6f3813181bea72ef0e431d4a3acb77d0a685cb375869a2cffff3a1018d7bc2
outputs/round16_perturbation_decomposition/runs/graph_only_10/graph_identity.json,1181,059f0979a3567c9bbe95b27bafdb7ee2aae04bcf703987372dd7587c75301b23
outputs/round16_perturbation_decomposition/runs/graph_only_10/raw_results.json,15879,02d4e4783b29b685fb0cfb9d694b505d835f0fe5273cef4def1239d8f45796b3
outputs/round16_perturbation_decomposition/runs/graph_only_10/supra_labels.npy,365696,b0cece58ec63fe3e7654d9b831230268f24ee632575885f5b17d972e9467734e
outputs/round16_perturbation_decomposition/runs/graph_only_11/COMPLETED.json,311,583d4bfedd60cac0bd4b99673633bf0becff1a45234c7521df27ead678cead0b
outputs/round16_perturbation_decomposition/runs/graph_only_11/graph_identity.json,1181,1ff1372b27364c1edd30bbbc7c2af30f2ddda3eed6fd6addf45c70b3795d8988
outputs/round16_perturbation_decomposition/runs/graph_only_11/raw_results.json,15724,035757774432d7632ccc2868fe79829eaa1ea07923d8197367a697da6349777b
outputs/round16_perturbation_decomposition/runs/graph_only_11/supra_labels.npy,365696,68256e9702d09f18ed7c1603cb7a22abe56b92a4868e2c167042386df5d2ebe7
outputs/round16_perturbation_decomposition/runs/graph_only_12/COMPLETED.json,311,c15d655166f825ebf857e065cf4e7867f9f832cabf1162fec21ac006b9665e83
outputs/round16_perturbation_decomposition/runs/graph_only_12/graph_identity.json,1181,d78ed8c9c2246a8bd410b2a445ceb497c1ed73c22c321b7fc231d00230aa0bdd
outputs/round16_perturbation_decomposition/runs/graph_only_12/raw_results.json,15809,8267876b9182c9657c0b46681fa418cacd6f38bb0e124518a8711887f01e4093
outputs/round16_perturbation_decomposition/runs/graph_only_12/supra_labels.npy,365696,11c3cf6a5ce7313bb68317f325d093d9f0134e310c33f15b0a2d542d31d73b63
outputs/round16_perturbation_decomposition/runs/graph_only_13/COMPLETED.json,311,3d56a33cacb65b1aa08da8997c7bfd8f0ffaf7cc06fbd6bedf94c86f416b4237
outputs/round16_perturbation_decomposition/runs/graph_only_13/graph_identity.json,1181,f9d94f02015cc964fbad2320a4d1fb619247a3ff478763ee140c541ff1a74daf
outputs/round16_perturbation_decomposition/runs/graph_only_13/raw_results.json,15737,009beefd4504967963de27fae2fe5cc85b840ba407cf238010daaa61cc0b1b0f
outputs/round16_perturbation_decomposition/runs/graph_only_13/supra_labels.npy,365696,29da1a29911a00dc8a397759c3ec4cfebf6e28d394d88ae9f7bc08d4d885b1cd
outputs/round16_perturbation_decomposition/runs/graph_only_14/COMPLETED.json,311,af647f31b3eca0f8b9a13bec9d4217cff37fabc3224c60e941c875dd0ff33d52
outputs/round16_perturbation_decomposition/runs/graph_only_14/graph_identity.json,1181,4b5bcfdd71d456cb6db42ea309651c9ef2483319c32d0de45f4d2f132717f0ed
outputs/round16_perturbation_decomposition/runs/graph_only_14/raw_results.json,15801,860c593fb415269c496d364a8baa98217fe30c36815475536ca6a72b720c6896
outputs/round16_perturbation_decomposition/runs/graph_only_14/supra_labels.npy,365696,7f4fff930e78deffb4d0c2a3e22ce2f9dc32457ee4be3b52868c35730df465ef
outputs/round16_perturbation_decomposition/runs/graph_only_15/COMPLETED.json,311,c2f893c98c1e50516846eba454500f8c4cab8a5a2211dd102203b04dc93b419b
outputs/round16_perturbation_decomposition/runs/graph_only_15/graph_identity.json,1181,4ba0fcb4a4806081330d182fdd3af0df07b369859b8362b4e93bd65ca07f96ba
outputs/round16_perturbation_decomposition/runs/graph_only_15/raw_results.json,15755,1f8ae3bda0503020e0ae60cca38c9083de09a7cc045c2473b1f5393ffa5bb546
outputs/round16_perturbation_decomposition/runs/graph_only_15/supra_labels.npy,365696,0d3d06967de813b64727bd14fdb7dc08d8aa8764c0d15a9e0f794ff536e13d0f
outputs/round16_perturbation_decomposition/runs/graph_only_16/COMPLETED.json,311,e9489235f938b20e19627a9e8288a2a15e5d966885fda7ea852415ef01e6a336
outputs/round16_perturbation_decomposition/runs/graph_only_16/graph_identity.json,1181,f9b31317b47a3caa379ef5ff5d936c77f11445a4c753f3bb5589dccf79b13bc7
outputs/round16_perturbation_decomposition/runs/graph_only_16/raw_results.json,15762,1f86b5602bbb0a3e51c588ebad88b7979076073cf0bca9886b6f3e7887221dc2
outputs/round16_perturbation_decomposition/runs/graph_only_16/supra_labels.npy,365696,1ed9d194e43dbdb1b53ac5a4d413d9a8495581193ee72650db64fd838efc4142
outputs/round16_perturbation_decomposition/runs/graph_only_17/COMPLETED.json,311,e32d5df809ab7730f65cf386c78be4a87b5c7848cc3a1382f2e844348b58ffae
outputs/round16_perturbation_decomposition/runs/graph_only_17/graph_identity.json,1181,8bff738da3fd27f9ac2f0c36c33e51ba8988a51f68c56450e53f717e6a6bc2f7
outputs/round16_perturbation_decomposition/runs/graph_only_17/raw_results.json,15749,3c6131b06f0603a5945962b59905e0675a728f6048c008b1d841ab4dfa02e90b
outputs/round16_perturbation_decomposition/runs/graph_only_17/supra_labels.npy,365696,911bf3092f69f5fa06893dc75826e85fe39314516346b52a00a9e1958c03fd92
outputs/round16_perturbation_decomposition/runs/graph_only_18/COMPLETED.json,311,11b5028a2c75aef2662d07a79ed83f07db4545e51075aeb454991bb5deaf69a5
outputs/round16_perturbation_decomposition/runs/graph_only_18/graph_identity.json,1181,1fd6b30d3cf8588ba7f66e07b3e41265df30e767af0d5f3721ed808290083546
outputs/round16_perturbation_decomposition/runs/graph_only_18/raw_results.json,15768,7106a2396f744d7a248d126440a2a755cf8f847b895fa31337b2ee9c5e2cd35f
outputs/round16_perturbation_decomposition/runs/graph_only_18/supra_labels.npy,365696,12cd7bf324c260b3064ead1318e99ddf3eaec9872976f87cc247e593dc61af5e
outputs/round16_perturbation_decomposition/runs/graph_only_19/COMPLETED.json,311,679cb65779276f5844f238a0068c54c77d1c115b2b2846282f1bbe2ce5cc7cd2
outputs/round16_perturbation_decomposition/runs/graph_only_19/graph_identity.json,1181,6bb91258ba33fccf6a58e3b7ac3f9317a53c39ad2511cb59711f769b6cb6091c
outputs/round16_perturbation_decomposition/runs/graph_only_19/raw_results.json,15793,567f677c7505d1270d58b6bf6719143dff2fb9df039944f69e39cf69c42e0793
outputs/round16_perturbation_decomposition/runs/graph_only_19/supra_labels.npy,365696,cfa84c938f0d8919c1e454bcdea22b54c375f59cb61b1f4ec50230b71691fb1e
outputs/round16_perturbation_decomposition/runs/graph_only_2/COMPLETED.json,311,6a8740d47c739bf058c5cdb0610cb1c1c4b8393d0466a8676bc6b79a1f56bbb5
outputs/round16_perturbation_decomposition/runs/graph_only_2/graph_identity.json,1180,a92e71c1c7c744399b781c782b6545a34f1c2dfd025f0265d09b6b96a1632db9
outputs/round16_perturbation_decomposition/runs/graph_only_2/raw_results.json,15735,dcd3836b1cd7a23c22b60c15728fc3d57af7efaa1c7ae9920ed26964379f6e45
outputs/round16_perturbation_decomposition/runs/graph_only_2/supra_labels.npy,365696,7f9564a6db345fed3076420ef9e254ce82cf18ec7b258267010a2e8812f337c5
outputs/round16_perturbation_decomposition/runs/graph_only_3/COMPLETED.json,311,5232b0e8dcc2dd9818554dc527d09151cee5a6ffc6f7679f2daf9ef1877c26b5
outputs/round16_perturbation_decomposition/runs/graph_only_3/graph_identity.json,1180,20ca30613bab12771af03f9c05ed11880246927157f4d7a33d14cc629f6ec700
outputs/round16_perturbation_decomposition/runs/graph_only_3/raw_results.json,15692,ba363b1ef6850407274fceb6d91389972e665e12473ac10e4acdda09d4e8ce4f
outputs/round16_perturbation_decomposition/runs/graph_only_3/supra_labels.npy,365696,969749d027fae367da8019c7739f2303f8760b1cbdf28081f3fa737dcd646729
outputs/round16_perturbation_decomposition/runs/graph_only_4/COMPLETED.json,311,3644ef4da62a714bdee504431f03fdf497b379e3991c871ed54b229ed32575f9
outputs/round16_perturbation_decomposition/runs/graph_only_4/graph_identity.json,1180,0eedd7df68cde41266f546c0e0fe8bb56a089c2f02f883aea0c746007d38bbf8
outputs/round16_perturbation_decomposition/runs/graph_only_4/raw_results.json,15765,b8087659a5d14d6151d03f3a106164dd013c1f5612c638232ab403cb06f84d67
outputs/round16_perturbation_decomposition/runs/graph_only_4/supra_labels.npy,365696,931dc2fb61890d549592a410a41609b22197df221e1d025b96cbf1948031ddd5
outputs/round16_perturbation_decomposition/runs/graph_only_5/COMPLETED.json,311,3fd296c72e0bba760336c976d07776c385635c4b3a4fa4d15e5b459901807a37
outputs/round16_perturbation_decomposition/runs/graph_only_5/graph_identity.json,1180,b9e8a37a6879e797ce979a58221c02dd7edca0fd74bb4f22367f05b39c9fc08b
outputs/round16_perturbation_decomposition/runs/graph_only_5/raw_results.json,15679,1fff44b16cb7f3de6cbab5c01e589b5eed1c2a970598661bae4c3cd80ca33d17
outputs/round16_perturbation_decomposition/runs/graph_only_5/supra_labels.npy,365696,13362f2d6506e9a9b472f8fcbdd20ae8fa24a59a26bfe3d894b9045c35d73c86
outputs/round16_perturbation_decomposition/runs/graph_only_6/COMPLETED.json,311,9da067321fb23bc388b37d686862ff057de0c0744da334a70fee8f2e01c6cc77
outputs/round16_perturbation_decomposition/runs/graph_only_6/graph_identity.json,1180,db2f8d88318658c782fd60c000ac01e0f1f1be07d6c3a7bd902adb514ee88db9
outputs/round16_perturbation_decomposition/runs/graph_only_6/raw_results.json,15727,1096a6c984af0c72b51f6320a934d09bd972fe661ea89522e5998f89f8fc4292
outputs/round16_perturbation_decomposition/runs/graph_only_6/supra_labels.npy,365696,a6c3c7e42c0d5929d1ddc9f0a050e072e290155d66546fd7fe860ca52f3a21be
outputs/round16_perturbation_decomposition/runs/graph_only_7/COMPLETED.json,311,a5a5c4f455867fe5887ef28624b6a9226c5dd701bd63f8b7959cd06a3e184e6f
outputs/round16_perturbation_decomposition/runs/graph_only_7/graph_identity.json,1180,a8b75a53dca1e1d47ff38e22d36b3deb57836e889c40146e5e68e8a03dd19e34
outputs/round16_perturbation_decomposition/runs/graph_only_7/raw_results.json,15690,8542f9603ce2c9141f4048b6e16bbe587d732c1622ffabdc52b7e3f60f7d3a8f
outputs/round16_perturbation_decomposition/runs/graph_only_7/supra_labels.npy,365696,6eb9838d6ffc1642e17a2927a6ce288072096b0266f14934964734ec98b86c1c
outputs/round16_perturbation_decomposition/runs/graph_only_8/COMPLETED.json,311,6ce4dca964def0d6db1cdc6396ed188969b777ef4748b281752e72795494b4e0
outputs/round16_perturbation_decomposition/runs/graph_only_8/graph_identity.json,1180,3f2696bf536a61abf223fa26957b0b1e4345b369674b0d309cf6c8dfec731e0c
outputs/round16_perturbation_decomposition/runs/graph_only_8/raw_results.json,15713,07e20981e1e1eb8be77573e7be94533e66b19c0c59d2633af7af5afd65e94c1e
outputs/round16_perturbation_decomposition/runs/graph_only_8/supra_labels.npy,365696,4106db894a14a998b8d8543b0f0104dbc12b2d538da3ff4ca537af526881b795
outputs/round16_perturbation_decomposition/runs/graph_only_9/COMPLETED.json,311,d54b981efc9bca55a894b30f76232d22d6891a19261424f27ff9135c6f66fb50
outputs/round16_perturbation_decomposition/runs/graph_only_9/graph_identity.json,1180,4e2ddf30c1d53a4bf1760143c0f1b0961fe796d0ee1a4306623c456af4ab982e
outputs/round16_perturbation_decomposition/runs/graph_only_9/raw_results.json,15622,80371ed1cc36fae18d11231510111d4bb79267a086452e2539d941e3e9afc008
outputs/round16_perturbation_decomposition/runs/graph_only_9/supra_labels.npy,365696,040eba3c3d2b070b10211302eeabb9eaa390b9be7451478ed8202ac9ac318935
outputs/round16_perturbation_decomposition/runs/optimizer_only_0/COMPLETED.json,311,6a2288e874b85a17295fc3d58e31dbc4b209d2ce170d4a5a0e1c2300c124d80e
outputs/round16_perturbation_decomposition/runs/optimizer_only_0/graph_identity.json,287,00ab5a354fe554c9de24c812a1aa85492856b94a78b9cadc7ae51aef98cae32a
outputs/round16_perturbation_decomposition/runs/optimizer_only_0/raw_results.json,14548,4fe2d18caf28afb894df21c1d648253028d858ee13486ed158de55c4e923125c
outputs/round16_perturbation_decomposition/runs/optimizer_only_0/supra_labels.npy,365696,7ae83cffbfa71482ef53581c5fa121a776d12d7c5c204c6ffdce3a7d1601ed03
outputs/round16_perturbation_decomposition/runs/optimizer_only_1/COMPLETED.json,311,75c46109ee46c68c90a26c403fbb5cd7a0b1edd26c05c09898c04ec27fa65e4e
outputs/round16_perturbation_decomposition/runs/optimizer_only_1/graph_identity.json,287,00ab5a354fe554c9de24c812a1aa85492856b94a78b9cadc7ae51aef98cae32a
outputs/round16_perturbation_decomposition/runs/optimizer_only_1/raw_results.json,15929,5e40a701c8c7edc75ea28c34fbc690b23d0a171abc94b7444386fb7c91a35434
outputs/round16_perturbation_decomposition/runs/optimizer_only_1/supra_labels.npy,365696,0e0db785ccca8d4fbf74b5ba61ddda08514fbec2da112ecdfd651a36f57f9425
outputs/round16_perturbation_decomposition/runs/optimizer_only_10/COMPLETED.json,311,82250954f3823533d9a3930d9bb917b3e6c7087c38ddc4a97313b32110037e78
outputs/round16_perturbation_decomposition/runs/optimizer_only_10/graph_identity.json,287,00ab5a354fe554c9de24c812a1aa85492856b94a78b9cadc7ae51aef98cae32a
outputs/round16_perturbation_decomposition/runs/optimizer_only_10/raw_results.json,15927,99ca9eba7f3c46380be8692947725f7cec5d14ca7e9f4555a63bd6dd6bd09fca
outputs/round16_perturbation_decomposition/runs/optimizer_only_10/supra_labels.npy,365696,9b9b1171c418b175dfa28279228493a7d23b3c559ec12cd14e01b02bfc9b050f
outputs/round16_perturbation_decomposition/runs/optimizer_only_11/COMPLETED.json,311,d0c273ed73976631e0305cdd2ea4a637ca53491cc46820c8fc10ade71b1f552f
outputs/round16_perturbation_decomposition/runs/optimizer_only_11/graph_identity.json,287,00ab5a354fe554c9de24c812a1aa85492856b94a78b9cadc7ae51aef98cae32a
outputs/round16_perturbation_decomposition/runs/optimizer_only_11/raw_results.json,15977,fc503e9fbd76562d33f14302563dc01ee2f7831b229177c81c2d3589f3ffbb1c
outputs/round16_perturbation_decomposition/runs/optimizer_only_11/supra_labels.npy,365696,c276eebfb851522b4d9f725c549cf44e071ae84a50bf878307d341e68b1e2335
outputs/round16_perturbation_decomposition/runs/optimizer_only_12/COMPLETED.json,311,7187380fac48bd698f1da87a724dd19ef20353757e941603a1f1d47ea6dcfb63
outputs/round16_perturbation_decomposition/runs/optimizer_only_12/graph_identity.json,287,00ab5a354fe554c9de24c812a1aa85492856b94a78b9cadc7ae51aef98cae32a
outputs/round16_perturbation_decomposition/runs/optimizer_only_12/raw_results.json,15992,67291f222a2adad0e9213363ce7ec0bf4bf0f974e19c785dadc52f5f7e590a59
outputs/round16_perturbation_decomposition/runs/optimizer_only_12/supra_labels.npy,365696,8068037befc7b552ebdc7bc7c886df6a956f01600133073a280a9ea9e8671e36
outputs/round16_perturbation_decomposition/runs/optimizer_only_13/COMPLETED.json,311,ac7188d4226a23bff440f7a7090ec0c6c348358cfdbb2173368e73cf48d2e463
outputs/round16_perturbation_decomposition/runs/optimizer_only_13/graph_identity.json,287,00ab5a354fe554c9de24c812a1aa85492856b94a78b9cadc7ae51aef98cae32a
outputs/round16_perturbation_decomposition/runs/optimizer_only_13/raw_results.json,16002,267f734472296762878f1c4ac179261c5e91d34bb17ba46773c3d100fd7c4604
outputs/round16_perturbation_decomposition/runs/optimizer_only_13/supra_labels.npy,365696,fba6845440e696f8d9979bad3ab8700bfacb2f16b20ac19e457533b2640017a0
outputs/round16_perturbation_decomposition/runs/optimizer_only_14/COMPLETED.json,311,3b84d909ad78bd91e2447b9d82ea1f7712d9dcbefdf0703500cbfa4b526cfdcd
outputs/round16_perturbation_decomposition/runs/optimizer_only_14/graph_identity.json,287,00ab5a354fe554c9de24c812a1aa85492856b94a78b9cadc7ae51aef98cae32a
outputs/round16_perturbation_decomposition/runs/optimizer_only_14/raw_results.json,15956,8407ac762065e268a78982caaf83fddde93db76e3f0472cd5a6f83d9c3b29512
outputs/round16_perturbation_decomposition/runs/optimizer_only_14/supra_labels.npy,365696,ccc8ec1f0bf1d9afc1e0e3f268ed0643ad46108517e27cb0ea6e3ff7bad614d3
outputs/round16_perturbation_decomposition/runs/optimizer_only_15/COMPLETED.json,311,899fad31f03d8ac489a20d4b7e3a73ca3c441c11b7380d49d1d720d7e42000a4
outputs/round16_perturbation_decomposition/runs/optimizer_only_15/graph_identity.json,287,00ab5a354fe554c9de24c812a1aa85492856b94a78b9cadc7ae51aef98cae32a
outputs/round16_perturbation_decomposition/runs/optimizer_only_15/raw_results.json,16024,05b8447be4d15b3b8609c6e153a518c015eb5ec36aed1c07ec43e55f4d5ec203
outputs/round16_perturbation_decomposition/runs/optimizer_only_15/supra_labels.npy,365696,94380fe98962e5ebca5f3e87325d790436555d956de7a3d5cf079b034d5cf18b
outputs/round16_perturbation_decomposition/runs/optimizer_only_16/COMPLETED.json,311,fc2b40b9de113dc697b647f77e19fdc7e2918f4f1c13d9784e63599a1cbd9b6f
outputs/round16_perturbation_decomposition/runs/optimizer_only_16/graph_identity.json,287,00ab5a354fe554c9de24c812a1aa85492856b94a78b9cadc7ae51aef98cae32a
outputs/round16_perturbation_decomposition/runs/optimizer_only_16/raw_results.json,16046,78b8380a26377717895d9da4d317a386898a484a110ec51c5d45088d020e1b9c
outputs/round16_perturbation_decomposition/runs/optimizer_only_16/supra_labels.npy,365696,c38f0264253cc93c20983ffe0cf5074ab2814e53f8fb10d3aa1b88c0157dea74
outputs/round16_perturbation_decomposition/runs/optimizer_only_17/COMPLETED.json,311,3b2840ae903f2ded7fbd923f49c234b1f288a3bec5c1384aa8a01bd7a7ed2e53
outputs/round16_perturbation_decomposition/runs/optimizer_only_17/graph_identity.json,287,00ab5a354fe554c9de24c812a1aa85492856b94a78b9cadc7ae51aef98cae32a
outputs/round16_perturbation_decomposition/runs/optimizer_only_17/raw_results.json,16010,1c7ae880e6c84c31827c0a1d0802b3c4f5f8a915da2904b9ec472f3d8c39ae8e
outputs/round16_perturbation_decomposition/runs/optimizer_only_17/supra_labels.npy,365696,b4bc51709389db83f03052247777d453c2bd29fdb06844810ab8c91be6ef01ae
outputs/round16_perturbation_decomposition/runs/optimizer_only_18/COMPLETED.json,311,9567753f7b765e590dc271dff2587dfa3c22fb7453e36cf31d771f384e140d5d
outputs/round16_perturbation_decomposition/runs/optimizer_only_18/graph_identity.json,287,00ab5a354fe554c9de24c812a1aa85492856b94a78b9cadc7ae51aef98cae32a
outputs/round16_perturbation_decomposition/runs/optimizer_only_18/raw_results.json,15986,8d7d6b92da9e5963291dd4907348dbfb966c55528b763d50a16bf02088e58624
outputs/round16_perturbation_decomposition/runs/optimizer_only_18/supra_labels.npy,365696,f5db8d05504b8afca9e70ca528b5284edddfa3055a86766718b7e40b9ca5c3a5
outputs/round16_perturbation_decomposition/runs/optimizer_only_19/COMPLETED.json,311,4a145831aef700b2ec738e2cd955f830457b1726291d60878411a8d5d97198c1
outputs/round16_perturbation_decomposition/runs/optimizer_only_19/graph_identity.json,287,00ab5a354fe554c9de24c812a1aa85492856b94a78b9cadc7ae51aef98cae32a
outputs/round16_perturbation_decomposition/runs/optimizer_only_19/raw_results.json,16001,bdc60f24c95a55eea2481e2191a93d5f9e5b46918471d3e4db82bafa9e62dab2
outputs/round16_perturbation_decomposition/runs/optimizer_only_19/supra_labels.npy,365696,0dbbccb85c208fb604b1315c5f0dfe42c369fcd1389e12e7cd3aa94ab262dd28
outputs/round16_perturbation_decomposition/runs/optimizer_only_2/COMPLETED.json,311,549873da9fb82a9c4c7654dde1f113d898a16b8d677b92fccff64ec7caa93c99
outputs/round16_perturbation_decomposition/runs/optimizer_only_2/graph_identity.json,287,00ab5a354fe554c9de24c812a1aa85492856b94a78b9cadc7ae51aef98cae32a
outputs/round16_perturbation_decomposition/runs/optimizer_only_2/raw_results.json,15828,ad7a0bb2fbd5f5f05342908613e6de56ca94d8b0aa27046384cdfbc89555fe85
outputs/round16_perturbation_decomposition/runs/optimizer_only_2/supra_labels.npy,365696,a72147544602c4e66bd1d24a8bdf411592c9e8ad87eb45fafa96b766a58d9800
outputs/round16_perturbation_decomposition/runs/optimizer_only_3/COMPLETED.json,311,99b748437006a7ad819dc63276d26b1a7b9f35607210fd79260869f582c88dc5
outputs/round16_perturbation_decomposition/runs/optimizer_only_3/graph_identity.json,287,00ab5a354fe554c9de24c812a1aa85492856b94a78b9cadc7ae51aef98cae32a
outputs/round16_perturbation_decomposition/runs/optimizer_only_3/raw_results.json,15944,91e5e704e53541ecda13c4ec8589ec7809ad2354a25051f4b67f17d21b2acb74
outputs/round16_perturbation_decomposition/runs/optimizer_only_3/supra_labels.npy,365696,62eb45c399cd8e96408540a53f0888020faf1ce534d9f057316c632a9b39066d
outputs/round16_perturbation_decomposition/runs/optimizer_only_4/COMPLETED.json,311,064ed4c43c0924101b6d49440300b5a26a4e2f4a3fb714e3560d257fba9782ac
outputs/round16_perturbation_decomposition/runs/optimizer_only_4/graph_identity.json,287,00ab5a354fe554c9de24c812a1aa85492856b94a78b9cadc7ae51aef98cae32a
outputs/round16_perturbation_decomposition/runs/optimizer_only_4/raw_results.json,15912,1a286e3e15ad8b89afb6e5a80dd582cdbdf369fe118add133ed35f9d990fdb3f
outputs/round16_perturbation_decomposition/runs/optimizer_only_4/supra_labels.npy,365696,82c5a36ab91b71081f9920b42a38cda01323b6f8551c266c817d38c962e49a37
outputs/round16_perturbation_decomposition/runs/optimizer_only_5/COMPLETED.json,311,c61d76588f76354519dc4b74e1033dc6d633a9798807208c1267e082a02da7e1
outputs/round16_perturbation_decomposition/runs/optimizer_only_5/graph_identity.json,287,00ab5a354fe554c9de24c812a1aa85492856b94a78b9cadc7ae51aef98cae32a
outputs/round16_perturbation_decomposition/runs/optimizer_only_5/raw_results.json,15855,75a631418b7f908dc12a26266bb2b4b9a2f7c367bda8961563d3a9c374b1c80d
outputs/round16_perturbation_decomposition/runs/optimizer_only_5/supra_labels.npy,365696,bbae2edf9b6770fa6c2ce83da4c1d9ef4ebc14d789d08fcc6d8be6cebca2382e
outputs/round16_perturbation_decomposition/runs/optimizer_only_6/COMPLETED.json,311,db2abd9020c6ba869071da4b5dd8b051d8bd6d2df5af549c45d4a939ff90cbce
outputs/round16_perturbation_decomposition/runs/optimizer_only_6/graph_identity.json,287,00ab5a354fe554c9de24c812a1aa85492856b94a78b9cadc7ae51aef98cae32a
outputs/round16_perturbation_decomposition/runs/optimizer_only_6/raw_results.json,15864,2aca60e3e201c358583cba507ce1a185237d898e8e7303e9d0658508eff668cf
outputs/round16_perturbation_decomposition/runs/optimizer_only_6/supra_labels.npy,365696,f0b724c0684fe39299815db7306d0ce5f64327d5f78d1c0d7d93dbef322cbb54
outputs/round16_perturbation_decomposition/runs/optimizer_only_7/COMPLETED.json,311,a6760bfdd24581e11a60226d44b0f6632d60769a39f6ec2616c1912c386d726c
outputs/round16_perturbation_decomposition/runs/optimizer_only_7/graph_identity.json,287,00ab5a354fe554c9de24c812a1aa85492856b94a78b9cadc7ae51aef98cae32a
outputs/round16_perturbation_decomposition/runs/optimizer_only_7/raw_results.json,15900,a79a87b73347eb267e8b8b257a3776b8c3bc496fbcfb0aee0b4dd8c8c054c4ab
outputs/round16_perturbation_decomposition/runs/optimizer_only_7/supra_labels.npy,365696,8b2f4152374061bcd6d6c7171d02f91cf78b278c177b19a01afa899350f4eab2
outputs/round16_perturbation_decomposition/runs/optimizer_only_8/COMPLETED.json,311,8a86d9146b6a643b0bdc8bbfcdbca37aaabcacef2bd456c9873cc862bd786d7b
outputs/round16_perturbation_decomposition/runs/optimizer_only_8/graph_identity.json,287,00ab5a354fe554c9de24c812a1aa85492856b94a78b9cadc7ae51aef98cae32a
outputs/round16_perturbation_decomposition/runs/optimizer_only_8/raw_results.json,15853,fddf1a4ea887520113e44d73fdf2a173cb6df126dd3da08a353a270f0c49f28e
outputs/round16_perturbation_decomposition/runs/optimizer_only_8/supra_labels.npy,365696,5497c42cc73b2f521cf30c84a52b7163ef962faadcaa430ad7b11dfcb212807d
outputs/round16_perturbation_decomposition/runs/optimizer_only_9/COMPLETED.json,311,cc5748a2197a8abb00269045a8b63428f57db87f58dbb739dd288884fbad1f19
outputs/round16_perturbation_decomposition/runs/optimizer_only_9/graph_identity.json,287,00ab5a354fe554c9de24c812a1aa85492856b94a78b9cadc7ae51aef98cae32a
outputs/round16_perturbation_decomposition/runs/optimizer_only_9/raw_results.json,15945,60f2d4e63a97b027212094176e1ca2159a1e7be43ed41fbff2dbab28d25d45e6
outputs/round16_perturbation_decomposition/runs/optimizer_only_9/supra_labels.npy,365696,cb4a21a42e4b3bda1245b680c904e3f8b2ed3047fb6f83daa77a135688f72c7d
outputs/round16_protocol_gate/gate/fresh_process.json,867,c22c573495864492de3efca9060c26dde6ff42927912b5e5b3a98949063ea747
outputs/round16_protocol_gate/gate/gate.json,1492,34ab6275aeac2a8bc256c0551e98c2b65f6d4ae6ac8da6dfe23bd2a2edd8cdff
outputs/round16_protocol_gate/gate/reversed_insertion.json,867,c22c573495864492de3efca9060c26dde6ff42927912b5e5b3a98949063ea747
outputs/round16_protocol_gate/gate/run_manifest.json,6885,c606c9c664a68fd1bd9b483a00d6c9a3c0077c68e9c02748043955f336e54706
outputs/round16_protocol_gate/gate/same_process_first.json,867,c22c573495864492de3efca9060c26dde6ff42927912b5e5b3a98949063ea747
outputs/round16_protocol_gate/gate/same_process_second.json,867,c22c573495864492de3efca9060c26dde6ff42927912b5e5b3a98949063ea747
outputs/round16_protocol_gate/PERTURBATION_V2_REPRODUCIBILITY_GATE.md,1895,3c1c89b34b16a74d7aecad7c6c0e3641952f27c28cd32f92c6a5b87d1efb0dec
outputs/round16_reproducibility/baseline_gate.json,573,5e9a6651ecccee3f1c7f79271352938d1f159da230ca18225c7ee75b0f1a1964
outputs/round16_reproducibility/baseline_graphs.pkl,29166988,cf86e9547e0718175942b2ba4316fdab8b2e104e832607b5b8ebc67325e9b14f
outputs/round16_reproducibility/feature_integrity.csv,3576,d13643d89f433aa7dc6c857f628bdafb4a9efad11a999de6f63bba11726add47
outputs/round16_reproducibility/graph_checksums.json,800,bafcf813febb667fb3aad2d1f7ec2bb024bbbbeb6214e7dbe55ea9808b2fcf35
outputs/round16_reproducibility/input_integrity.csv,903,754a27f65bfd2b6ad5fa5b53b4e0aa684324a5a10c02dc75d97922ce27df6a72
outputs/round16_reproducibility/resolved_config.yaml,1227,55a1aa9f6309798f377d43be87fcfdd2ab3e0c2ddbd0a7bcce2d45441b52df4f
outputs/round16_reproducibility/run_manifest.json,1063,865b04461b3740a957b00eaf936bc80c4a4d4923153701691cbd7dd785183478
outputs/round16_reproducibility/static_dec2024_labels.csv,145029,d3620406677df9167f0e4097fbe0c7b8f426752a218ae4e19c9e51904d4d55a0
outputs/round16_reproducibility/supra_labels.csv,244940,45c6fe6d11b89f2a0cf7891e893ed7398c730f04146cb8072c97e6ec026c3238
outputs/round16_resolution/aggregate/COMPLETED.json,486,4e76ab5dfc2512109ec2aafcc062d0da76c7d1a5407d903a5bfa8132d10bdf62
outputs/round16_resolution/resolution_sensitivity_archetypes.csv,2626,c0823e1e006bb9aaba34c0ed31a99a7f21f42059d34fd656a7b11e3a430331c1
outputs/round16_resolution/RESOLUTION_SENSITIVITY_AUDIT.md,1342,7b7b231b343498ddd1dda04da6b2c7b14a5c6823e8fc76c433d15cd3124d1a0a
outputs/round16_resolution/RESOLUTION_SENSITIVITY_FINDINGS.md,1059,4613088f09795a46cbf5dc993bb494e6b8eafabe831abce3e62503a070d88745
outputs/round16_resolution/resolution_sensitivity_monthly.csv,11164,ca549b63a9bd1319bd968b82fcd64c0c0d71252103bc80fe2c2a0701ee55b6a9
outputs/round16_resolution/resolution_sensitivity_pairs.csv,2826,a83c071dfb79d9add8f4653ea82808e8b92cf0d874eb1b469e16b5b30cfc0de7
outputs/round16_resolution/resolution_sensitivity_summary.csv,2028,48613d992e64b493c3c7e65f456369847053ba0c18acd6d353fb4a781ecdb8b4
outputs/round16_resolution/run_manifest.json,6280,7dd7c1ecabdba23195d8bcddfa3b095db7951a3460e7d6e984eb1db8e99e8596
outputs/round16_resolution/runs/resolution_0.25/COMPLETED.json,405,385073cf09d873316a0abd1d4cbb8670f5fd41f692525eb41dfa12d8be1059a5
outputs/round16_resolution/runs/resolution_0.25/graph_identity.json,287,00ab5a354fe554c9de24c812a1aa85492856b94a78b9cadc7ae51aef98cae32a
outputs/round16_resolution/runs/resolution_0.25/raw_results.json,16146,f67f8ae660566d4dbb2ed00fefe05c2e011b2f00c3477478593be3cf637d02b5
outputs/round16_resolution/runs/resolution_0.25/static_labels.npy,15360,6b71a4e30bb4235c0fdf4607d51aa4c096ff3f27aa3428acb21a9e5f1a94f6aa
outputs/round16_resolution/runs/resolution_0.25/supra_labels.npy,365696,3109f46d15eb6e22713df82fdb3ac55b6bd993d5a40c5a69a57d316bd575b09f
outputs/round16_resolution/runs/resolution_0.5/COMPLETED.json,405,08fcf389476419efa873375ade02ca974cf61d7114e6fdb2d01588b7ee681956
outputs/round16_resolution/runs/resolution_0.5/graph_identity.json,287,00ab5a354fe554c9de24c812a1aa85492856b94a78b9cadc7ae51aef98cae32a
outputs/round16_resolution/runs/resolution_0.5/raw_results.json,14823,1eee7ea11df8e48e20456e583febfc5322d38bbbba9f4c6cd4806a58b846bfe6
outputs/round16_resolution/runs/resolution_0.5/static_labels.npy,15360,9a2513b45ea5aa26d16fbb8994ae80a0d66d585b38e2ab3fd071bdd4377894e0
outputs/round16_resolution/runs/resolution_0.5/supra_labels.npy,365696,7ae83cffbfa71482ef53581c5fa121a776d12d7c5c204c6ffdce3a7d1601ed03
outputs/round16_resolution/runs/resolution_0.75/COMPLETED.json,405,544cb8dd9b3a8b89bf87a0bad8952929994c9705d40fa32200d191aca51ac916
outputs/round16_resolution/runs/resolution_0.75/graph_identity.json,287,00ab5a354fe554c9de24c812a1aa85492856b94a78b9cadc7ae51aef98cae32a
outputs/round16_resolution/runs/resolution_0.75/raw_results.json,16251,649bd7326cc183d3f3331f7b441f9e1919227329df5d5b71eb7b1ce366b9ca2c
outputs/round16_resolution/runs/resolution_0.75/static_labels.npy,15360,23e39ad496f2fb31cdfb472be3e6f96d2f95cc9ceadcec52f335f4ff36608e3c
outputs/round16_resolution/runs/resolution_0.75/supra_labels.npy,365696,784cb3443edcb4d3e4d82a42b63d159dd2a9c787daf0b84a1b1a0dbca212d98d
outputs/round16_resolution/runs/resolution_1.0/COMPLETED.json,405,6382a205f7f032c67c27e5a490d748d820ada0efa2840d71e48869aadd6f6f20
outputs/round16_resolution/runs/resolution_1.0/graph_identity.json,287,00ab5a354fe554c9de24c812a1aa85492856b94a78b9cadc7ae51aef98cae32a
outputs/round16_resolution/runs/resolution_1.0/raw_results.json,15914,8a073e364f6e94675a526c21b8aa0f8383fe0a1b70270f3e9cc38bead4c911a6
outputs/round16_resolution/runs/resolution_1.0/static_labels.npy,15360,2969e4905ef89606b5968a2ce4dc96133b5e1b42280c76c67bea507aafa2198e
outputs/round16_resolution/runs/resolution_1.0/supra_labels.npy,365696,778ddb79f0b038192923d69d59449155f5068c39adb1eefea74f8118e5fe675a
reference/round16/competition_source.docx,670690,07c36598788c4288be1b6263070ac3e314a5d78aebdadf7ee728a9f004b82b64
reference/round16/competition_source.txt,62130,20eed3a2ac59cb2e53e76d2cba9e76564c621dfc570239508a73c9aaa7fe72f5
reference/round16/competition_tables.json,24803,764de044ad734db3bf2b938eb76ee50e55e6a293438e359e6c82fe7437e1a5b5
reference/round16/external_review.txt,32096,e9b5500d025cc36dd790cd66013491c23342904b312d6a1737660569d7a099f6
reference/round16/INITIAL_MISSING_INPUTS_RESOLVED.md,4484,6dd45e3e6a564be04bad148ac605ea45029051e2bbe1a3b5e4da96befbce5719
reference/round16/pre_hardening/cli.py,851,b2271d1d5f13cf8b25fe5b03e04265add97c6bcd78433fca102c1c65eada608d
reference/round16/pre_hardening/io.py,1765,7cd7b7d141b6beef9cc7de1b01ac565c19b33af954e8daaf095cba27e474c7fb
reference/round16/pre_hardening/pipeline.py,5430,abed677e0053a07a1563a3b31dbfd04a96c421759294112bc162137ec70c9ddd
scripts/build_competition_artifacts.py,17497,e5e0030e67ac9e8bc27c6d5abe51f35a48c6505c8d91b241f9a834d77ebba6a2
scripts/build_robustness_evidence.py,20137,61391e86371664e704da665ed1155ce0aeebc33d9bf6c92eb87a752b7326f9f5
scripts/build_submission_audit.py,21108,300ea90a73c1861384d9d434c283d885fb6f5d88ca32014940af6104622f614f
scripts/canonical_evidence_freeze.py,13805,b97c6ece92e5aa143a5d2c5d260bc8f897bd9cdc92961d964129b1decf4fc6df
scripts/forensic_sdbw.py,10425,74963eb301fd495f770ce7545d1fd9253eb4d6185ef9f077dada7025534bec3e
scripts/plot_robustness_v2.py,2191,87b4a89b9d764114a44d91bd73e4ceb3cf1a6da4969708db0e18443ecf24d8e9
scripts/prepare_submission_reproduction.py,1842,d07296fc027f4f9f10f6cc41688ca356960d9b229a462bf650fd273b8c78ddca
scripts/rebuild_method_benchmark.py,8263,b2636e30516479a9837a0cf78dc818f7f621339b35a964389774bf2ba32e3f82
scripts/round16_common.py,2904,e1350f2a680dc5b40c682e794c0eba57df21e57aa067e659b04e49d07be06e15
scripts/run_round16_sensitivity.py,10403,c2be85663a2e19ca88807e1b6fe5284ebfbf7e644edbdedf5fc61e1234a769a3
scripts/verify_robustness_artifacts.py,4428,9085cb4600ec23d8b32d9c0341edb9cb3f0771ac075583ded38392d8dbfb6ced
scripts/verify_submission_artifacts.py,7865,ad7516367719c119b489dfb4d38de1cf3aa5ef16468291d6634e254ba6dc2703
src/sbernet/__init__.py,22,91447944015cec709e8aa7655f7e9d64e1e4508e7023a57fe3746911c0fc6fed
src/sbernet/cli.py,989,1382329fd1018386d086f55a6a525a1c06aa43286b5c68da21e121cbe92631e6
src/sbernet/clustering.py,482,f6d9e2cd6fa399f5b4077fb005dbfd9aea0848da84f935830c5670bb83a5d132
src/sbernet/config.py,844,3927577f577df70d95df4311667b24468dcdc0d234063a20260f19abb9c4663d
src/sbernet/features.py,2188,f127adc50c41de3bf1c07158aa7da4269f1f262c6c090be7cef92856de90d590
src/sbernet/graph.py,1383,f6870275652ef41f7310d79bb952aacacbdde0f3ff842a621f45c9d674e5d220
src/sbernet/io.py,2523,605965592b2c48bbe51bdaf6fb3638d3ab130a46d9ec8f0e1bf2aae356a1833a
src/sbernet/metrics.py,731,2c0adec31e50171bf7b818fffabe8236256d060f417a0c8ae960b1037521255a
src/sbernet/pipeline.py,6579,461c66f021170abb70c2350d2c1944bd78f4ad2f79a1018670c5864107bfb345
src/sbernet/robustness/__init__.py,63,b43188fb61af4483b9f406f8abc1109fe523035387640a95b4f852b9b399401c
src/sbernet/robustness/alpha_sensitivity.py,1375,7323e28c0a33f7da63b6f472b9da6f7bd1784ba671b12dd191616c2d49fcc684
src/sbernet/robustness/experiment_common.py,7877,e1c3e6b6a19f82fdf0e6ae3329d6c0be8a592e4c753169a0fe55879c1b0cada7
src/sbernet/robustness/leiden.py,4419,8fea246ed2c39fc21c24d623646e0114036d93fff460f355ecec46dbbe80c24c
src/sbernet/robustness/perturbation_v2.py,13792,8f552a6fb483910fb273b233ea04e4c60dee466d8b0c252aa1ef26de04e789f0
src/sbernet/robustness/pilot_gate.py,9359,ea8127735158581317e7e435be69eda54a72769a838d0b19963363f007cc379e
src/sbernet/robustness/region_null.py,7482,e7dae0b71b996b44a6867c55c088fafc3f8fd6e7a774c6a2b128a04206bb1f7b
src/sbernet/robustness/reproduction_gate.py,7232,b991ac2d9485e7e815139ee1a365ec9886e377caf92473b660278610f740f7e9
src/sbernet/robustness/spatial_block.py,4386,8c0d877e920626337e0261aa4437ea00a2bcd69d1d9677fcb7d562b0502160fd
src/sbernet/robustness/spatial_block_reference_script.py,12486,15d68f37ac37bd46ef4f6a821f7635b1567fb144466a9427612dc9ca1d32f5d0
src/sbernet/temporal.py,1172,bbf89ed5168b174422d8dc27318251e56f516d4575f6fd7a90910fc6985a01bc
tests/test_alpha_sensitivity.py,465,a9a6c16910966b9247165d85ff6020677f4d1dd1ac222a21dd64d5127620ecc3
tests/test_canonical_freeze.py,1440,99ff45c59fdde12e7066526bc2c486bb9c8560049092947dd4d011ce7fa3cf16
tests/test_config.py,407,e208594a21e5a24bc0c2e90f4a1a37d9b28f75fe4d14750193385ee978abc5ed
tests/test_features.py,362,1109765b9095336ac7e3e0d3ca1857c2c54095cd849c01683a46b2b4ae28b71d
tests/test_forensic_sdbw.py,1629,886d53b57eb0f1d13f8556eb9723a2701c0a9bcc9bb46710b592bcae7cf41f07
tests/test_leiden_metrics.py,1142,5a16490a96d4d6547665545e35310d0cc14ee1887b6ee1e938cab6068b593011
tests/test_perturbation_v2.py,3932,dcc7b08ed7cdc94bd0485b9c2b70311ae9b031623b3279a41961c269e91fac65
tests/test_region_null.py,705,8915801501f0187c3a1e8a3a1c63fcf2bbb6829697cbbb8aab10f18b6209968f
tests/test_reproduction_gate.py,2419,cece890ba03d926c82fe7beb7b974269f73c83c62b03c797575d737fb63c5856
tests/test_round16.py,4101,b28d200b905d30b77961cf8cb4990d2445a0ee17a7494dc81d6fa3947f5224c3
tests/test_spatial_block.py,831,86218da4107d3a186f6ccef6de6bb290e4c221b7a68bea1f842ac91680157796
