ARI_all_supra,NMI_all_supra,ARI_Dec2024,NMI_Dec2024,K_supra,K_Dec2024,mean_switches,median_switches,share_zero_switches,share_le2_switches,mean_adjacent_ARI,mean_adjacent_NMI,seed,canonical_base_edge_sha256,keep_mask_sha256,jitter_array_sha256,perturbed_intralayer_edge_sha256,temporal_edge_sha256,final_supra_edge_weight_sha256,final_supra_graph_sha256,node_count,base_intralayer_count,retained_intralayer_count,temporal_edge_count,edge_count
0.5688699266484374,0.6752610910334176,0.7047769940063069,0.7921104565231675,12,9,1.584033613445378,1.0,0.15913865546218486,0.7993697478991597,0.8618571888287978,0.878845737632479,0,132d7a6b7c163ea04d69bc93df184b89b97e9d46495939d582b679cf227e9087,8224e97d4ee094542544154fef05f134f23443b61d8e886887536226442af7d8,a452718cea693d40cca8e3eb1d29cb7195c4eae392e4c245f5d0da62163447dd,e04e53f8fa3298011b685b24956b4a9dcac421e5fa659921e3b5eb298ee6c815,a4970bcc696bae2fa02cbfbffe182a9908f3d72a974b2a29ab7b8f07bac03de1,53a39ea0c2cf79ae610e09f3a1bdbb1c31b73d56a05be1f83780003040b5f376,0f3123225470c4689de1a79828a11f1cdd59eef612e6c99d61c5f6a47709a4b3,45696,283120,268717,43792,312509
0.5279288367544793,0.5928302001963187,0.7778993506618662,0.7241157747816637,13,8,2.3718487394957983,2.0,0.0,0.7547268907563025,0.8417886977313769,0.8438816672263298,1,132d7a6b7c163ea04d69bc93df184b89b97e9d46495939d582b679cf227e9087,7fc1346d5c9e2b03120fd6eb1a619164f5652fe529b7a21eac1399db843d9466,5904ec4c52bc1771836d9b4f52a244f0b0cfcd89c73fc6bca3482d9906507670,db9e20299c0f447848c38a1bad759f8b402c971260b4e483d37715a5516ed6e0,a4970bcc696bae2fa02cbfbffe182a9908f3d72a974b2a29ab7b8f07bac03de1,1809bc932f9f296ecb4f603f07535e025c7824a09157c15699eb9bc3ff3d0cef,574510e8cfe8d3ebbd215c9ae634772dbb79fa2ed00af28730b38f34d9b0fd71,45696,283120,269150,43792,312942
0.47249777720639735,0.6177016206418511,0.4446128215330966,0.650164492206792,13,11,1.414390756302521,1.0,0.17384453781512604,0.8282563025210085,0.8755010071579051,0.8835276496283437,2,132d7a6b7c163ea04d69bc93df184b89b97e9d46495939d582b679cf227e9087,200de85454d74676a9a86aac23c746e097a8f660c86d0ffbec93577bd12f7f16,6254360760fe6c2cd95b2d18f8173caec37152c29c2abc9bc210eb51dc698bec,9fc59110ba97b2dc93dc02d5eb0415856b93af2d0c93f213e0471d270cd3bed0,a4970bcc696bae2fa02cbfbffe182a9908f3d72a974b2a29ab7b8f07bac03de1,01e408c480e42b3944b605d1d758794acd0da5359e290f0b746cbfec267e70c0,c02f99c1e3ecd3ce5bc032b28c1ba02e72bf729316d02b0238af470109aa279c,45696,283120,268891,43792,312683
0.46283013257116057,0.5815870564226249,0.6723129000646803,0.6781351627354104,12,8,2.5409663865546217,2.0,0.004201680672268907,0.6113445378151261,0.8372840578124198,0.8457859705007066,3,132d7a6b7c163ea04d69bc93df184b89b97e9d46495939d582b679cf227e9087,b65242e62860c9f8d9852fb3496a9d10b8f849557c26b5b134ae3baed137b4c7,e3bcaacca094c6bddbc114eddef48fe178c1e136020f9e6a8bf254b6101ba26a,fa1981919fb6668236c26b937f889dff94014c7939619b51eb9a6e9e8efd3a79,a4970bcc696bae2fa02cbfbffe182a9908f3d72a974b2a29ab7b8f07bac03de1,c9cd91c284bb42e338c407e2eeb3f40d473241fa24fe26b428490e55b415f116,26a3b6e129114fbd0ec3c7d8b9b13e9bff8d4d59f7cdc8e39dccc9c2e66cf754,45696,283120,268809,43792,312601
0.2996489198270645,0.4914327452291461,0.67786827634039,0.6758142913608383,15,9,3.340861344537815,3.0,0.0,0.026260504201680673,0.733461127579164,0.7599171407552474,4,132d7a6b7c163ea04d69bc93df184b89b97e9d46495939d582b679cf227e9087,cdb7d6d6e6529a312c47fcf8656d71e410add9856f2504657982b56c60304425,785dd59cb75ffdb20c3906bba47f820d4e289670db9f91f47bf9f17410c3c003,8f39483240a28d437b07d159c57241debc1f6289ed2ab539b830953157da0484,a4970bcc696bae2fa02cbfbffe182a9908f3d72a974b2a29ab7b8f07bac03de1,9ca8923c4efa026f58d6ce7e5da72aa9a4a3c70949e66a44c94d465160e03f3e,68b8148daeeba11496c6f71a248726c87c940e4d727347ef3686d9713d95a840,45696,283120,268820,43792,312612
0.530214666672176,0.5937606067407588,0.8271540675576458,0.7782616644531869,15,9,2.4096638655462184,2.0,0.0005252100840336134,0.7011554621848739,0.8395589472963547,0.845801515283389,5,132d7a6b7c163ea04d69bc93df184b89b97e9d46495939d582b679cf227e9087,2060e6b7d9f397174a21cd1da9443cd168e480d775a9178f6e94313eef5fced4,000fe9a1a67c1e83d31b8248b4b7086e33804f31fdd79b5c9350d2a12ac94709,a82258f6fac2378041dc12cce1753a5df27839861118c59414871e052e6dbab4,a4970bcc696bae2fa02cbfbffe182a9908f3d72a974b2a29ab7b8f07bac03de1,a64060a604671b7e3a6b6b2ceaa5fb062f3a09b797d6946eeef25c0a6a0d30e4,c82f3744b3272ec3011d0d191dd3588948401d6de24dc872bd0017d7dec654a7,45696,283120,268925,43792,312717
0.5766352395524658,0.639549179402659,0.8474367722210399,0.7860843658039304,10,8,1.3581932773109244,1.0,0.15808823529411764,0.8881302521008403,0.8830089773168676,0.8865657913572199,6,132d7a6b7c163ea04d69bc93df184b89b97e9d46495939d582b679cf227e9087,563881677ed5fd8a39916e6bc12064a6b75d5301abc4304b7f4b8bf16110d386,43e871adc84a869d0c6a4fa5300f853c89777afe33ecb38603eabc6b909cd03f,451c69d8f92eb4b1cba389aa14fe6dd2a15268588ce12c5afab37c4dbdbfbd46,a4970bcc696bae2fa02cbfbffe182a9908f3d72a974b2a29ab7b8f07bac03de1,03545d9463ba1405a56218d38ec964dbb1acb7efee33185a0090a221b36765ff,0eca6d202e2c1e8227725df46f4d65864cbbca319c5a5158c9c128dfaf33cdcd,45696,283120,268848,43792,312640
0.4728571288034984,0.6367755938767998,0.7720521190389014,0.7756241669987575,12,9,1.762079831932773,2.0,0.20220588235294118,0.7211134453781513,0.8403401010521473,0.8729343180898548,7,132d7a6b7c163ea04d69bc93df184b89b97e9d46495939d582b679cf227e9087,4b8e99e1d7ee1d0e69f5fb4a88fc4d3ebc3eb7b6201731065b4ed776eb45a41f,7716c8758f6cee9121c77c2453ada706e1a85398cead81b7d416eeee2a61fb38,800044744b3dd5fb2c9ef78c361d620af568c05c5f462410ca2dcdf65244cd41,a4970bcc696bae2fa02cbfbffe182a9908f3d72a974b2a29ab7b8f07bac03de1,f3bedd4d97770f3fe7e7cc90fad37c7b183169f5bb3dd9fa22433e5fc44e3e34,1b1119322568a2eabfee84ddbdb787bbdcf3748b2ff69cb67eab281a38a56ecb,45696,283120,268972,43792,312764
0.4728900334050765,0.6279953044433164,0.6270827496836099,0.7161506088287314,10,9,1.5535714285714286,2.0,0.20063025210084034,0.8440126050420168,0.8608730602110564,0.8787681124679783,8,132d7a6b7c163ea04d69bc93df184b89b97e9d46495939d582b679cf227e9087,bdeeab0ed10ffb53bfb113cf38fe6f0189e540d003b71a856d548aa3dace3543,0707dfe3585517002449396ebff4ba36abbc3bb3cfe9459824b97570633e9085,e91a8585ca9bbe69dc0a87d6c8583c2a90cc9b417235411c4e946c095e92f2b6,a4970bcc696bae2fa02cbfbffe182a9908f3d72a974b2a29ab7b8f07bac03de1,2905bd273da9a249cfb0329044d33c30ad78bc2f74618e791ddcf7794ab04ad9,1580236c40439212721420da3c3fdf822d8ba3f4168094b0d809a4447e6643bc,45696,283120,268875,43792,312667
0.6026862087942435,0.6803262401586309,0.848392483085165,0.8208601764059659,12,8,1.584033613445378,2.0,0.2027310924369748,0.8560924369747899,0.8612389733619914,0.8816017627899752,9,132d7a6b7c163ea04d69bc93df184b89b97e9d46495939d582b679cf227e9087,9f1839d1856c8570a8cd96c282ea7f41ce656a843232591243a3004a38611d41,b44998e909a7a97f8dcc100fb500a21f6a8900f8ec9f3838e5c1db3b28f75d35,c8771a05c24bac9d2bc9c3fbcbe89edfb01afe24893d9dfb98bb5874b9d029b8,a4970bcc696bae2fa02cbfbffe182a9908f3d72a974b2a29ab7b8f07bac03de1,f690db8d4f6e2761cc3c62539ec8b7e94bf5b0b333b52ff4bd92af94ab3578ef,d5996e31dd26d57da88db174c2c4013ca46f35741cc168f938df0c4e88861195,45696,283120,268941,43792,312733
0.5097345000759614,0.60204481754668,0.7837939143542038,0.7848901050491044,14,11,2.249474789915966,2.0,0.008403361344537815,0.6822478991596639,0.8366406058649649,0.850749067254288,10,132d7a6b7c163ea04d69bc93df184b89b97e9d46495939d582b679cf227e9087,92f2edb8f106e53719eb13600cda495f5fec971c63cdf8ac8381ce84d398afe8,eedd5db35c09f6d36428c15b8f83d62dcb8d2fde4229a97b37da9e8cfabf45c3,7b04ebe5fa84bc0c6d22ed4e3aedc667314d9793197fe8efd8a5e6169a97fb61,a4970bcc696bae2fa02cbfbffe182a9908f3d72a974b2a29ab7b8f07bac03de1,7d601e378e8fd313e794df0650573b3b837c447f55cdd5b728b2573547234d7e,b689bbdc47d9af4bcb3563bd47726b47e479a9c9f1391fb2f745d1cb52f61e38,45696,283120,269039,43792,312831
0.5196349599590475,0.5905129919840943,0.6904824177041757,0.7119668459334351,14,11,1.789390756302521,2.0,0.007352941176470588,0.8277310924369747,0.8648316380566363,0.8627980748934497,11,132d7a6b7c163ea04d69bc93df184b89b97e9d46495939d582b679cf227e9087,b7ecaef0baf0b957b9f4530fca35336baf20641568773b44aece867258655774,2521cb477831ac0e91af2ff9ac937c3e27f61d51722261d0fd6f00a1c2e1e553,c3dcab302e99c004b1433e3894f5d83b73b135fe340c45fdecb77322da874dd8,a4970bcc696bae2fa02cbfbffe182a9908f3d72a974b2a29ab7b8f07bac03de1,386acb5dd89e26c099335928615a058d39d4cb68096160c6a0d2cf85dbd77fa5,b23ebbd99052b655f48032584cc3582f52d0000d9c0805d0897b6b86cec25a3e,45696,283120,268939,43792,312731
0.4195297185504736,0.526375837469669,0.594358260211063,0.5889120085849879,13,9,2.8592436974789917,2.0,0.0021008403361344537,0.5336134453781513,0.8032243406774411,0.8024897699653136,12,132d7a6b7c163ea04d69bc93df184b89b97e9d46495939d582b679cf227e9087,6cf0733f079d3395ac4a63124c695bd93bb1e84db92f4a8e3c0c0072e3ae3dea,424adc6488e24a3820c3fa353aea09f998ae6c2e9fa1daa6e98d5d3d814829bc,333b6ab2aa735f75aebcb880f486f48a2d8dc2f66f78edc44f1f91cfa0952599,a4970bcc696bae2fa02cbfbffe182a9908f3d72a974b2a29ab7b8f07bac03de1,4b7d5a2ee2f054925270fcd2aa47a813848e67c59b3c0a24051d33e2391643f0,09ad3b8225a8c334eac6f450899aaaadba4f2e454134f822c2e7ecf865dc0ced,45696,283120,268990,43792,312782
0.5278045815054652,0.6492746832332784,0.758017011830043,0.7299714716323042,10,8,1.4915966386554622,2.0,0.2599789915966387,0.8602941176470589,0.8549317876065728,0.8798681526337948,13,132d7a6b7c163ea04d69bc93df184b89b97e9d46495939d582b679cf227e9087,551a30b212566a77d11af16c0a22db7fba357b678be32a14fb32ac61b1e2a02d,f1bdcad6a7cc638649cba4d81aa8ad69949336adf1f8d970fa0e018b94d2cd42,ca6df85d3e67971e33c0f0a8c77e8363629590ffa0ed2843d9fbfb8b2e7725bb,a4970bcc696bae2fa02cbfbffe182a9908f3d72a974b2a29ab7b8f07bac03de1,520e90491a13a64cdba750017e6f03044ad93012da519f760b9a8ad63ef7bcc8,0bc8ec6afe9c646af6da24f14b6b52af63ae17f093f57ad30b4285a85371c14d,45696,283120,268998,43792,312790
0.6068374988415791,0.64394297744072,0.7908241367552135,0.731609197219563,13,10,1.4464285714285714,1.0,0.08455882352941177,0.8807773109243697,0.87693324415482,0.880885434379762,14,132d7a6b7c163ea04d69bc93df184b89b97e9d46495939d582b679cf227e9087,2eb4b1b88944d3208695e46acf24958baf5d935d516ee033f3e5145bf9a619e7,4b7662e1d6b5d82773c3c45b2e9458b8150953210573b052c597b20cd2d5c9a1,2df93394ad383bae94150cc4b4ebbd685fa909fc1a690e599087ba13c69b1354,a4970bcc696bae2fa02cbfbffe182a9908f3d72a974b2a29ab7b8f07bac03de1,dab7a1a7676cd0a6586609a52edf41d273d1435c69b4cc5787cabd5db73c935f,8580a34eea6af7e0cd184dda9eca0acf4d75d9fd49f3fc8094a323becc900c4a,45696,283120,268873,43792,312665
0.5050934573544422,0.659901224903559,0.890180122100349,0.8484470995528867,12,9,1.521533613445378,2.0,0.25,0.8629201680672269,0.8599267914445337,0.884410788563495,15,132d7a6b7c163ea04d69bc93df184b89b97e9d46495939d582b679cf227e9087,486481c611a3a73348e5dea976f1ba7a502a2d610b9379a94ecf3b21198d612a,195f2686b65b71d41c575bff4597ba0ce202d8435f01d2dc3413b62c93264920,f950158949d5089e3b848288ae61609baec52d398143948b377ab027a16f9726,a4970bcc696bae2fa02cbfbffe182a9908f3d72a974b2a29ab7b8f07bac03de1,0f82591d86b18859e54b3f3af126f4e9c012241767595ba794c9eae231fc2608,c39cd780369648fe1048896120e647d944721f9c2a5f49df022bf3f340048bc7,45696,283120,268980,43792,312772
0.641304987391102,0.661957383441797,0.6927876544641225,0.6929453520771891,12,10,1.3644957983193278,1.0,0.06932773109243698,0.8928571428571429,0.8813719790601833,0.8823464006075601,16,132d7a6b7c163ea04d69bc93df184b89b97e9d46495939d582b679cf227e9087,2a7ff512cce640bc4ed0accbb32ffb2b678de4ae71bc7fd3a55222d3fcded2e0,1b4bcbfd9002372bc772c23d7bd3a8480a83f9601c640b8b90d50aaffefb9ac9,04864f4db0d68ec9bd45ce4dc12e3f5846cddad79a0c4005c9c6bf451a0f2a7c,a4970bcc696bae2fa02cbfbffe182a9908f3d72a974b2a29ab7b8f07bac03de1,1540cd1f862d97dd378829fa9f916d8c9ec08f3321ea19fba33a773c928db130,04e9b9fe70808851b3e79afe04ea86bb8c733cafd49e45c94fa29b1205a69a0b,45696,283120,268966,43792,312758
0.4819367236024447,0.6282345782135419,0.8397549908713275,0.8017432901507823,12,9,1.6869747899159664,2.0,0.148109243697479,0.819327731092437,0.8567321331288278,0.8795102291623004,17,132d7a6b7c163ea04d69bc93df184b89b97e9d46495939d582b679cf227e9087,024a51589f1055e2a8e283d5291a6ca00f7478a0818829779242c1193e253410,25b5167f0f7c1793dea38191c16211caad914df428b95754a31460971ac3ec0d,b77cc7f9e093718e899dc544fc4afdc7c0584c84203e4b4a82e1e11b434e5eac,a4970bcc696bae2fa02cbfbffe182a9908f3d72a974b2a29ab7b8f07bac03de1,4e8ae616a8f18a34445af15495fad9ef4e2f008af4e3548c91a48d4b3da50e07,6601936b7151f7b2ce057d7cb32bda613fef4f90c0475e8b4ab414ebfdca0df0,45696,283120,268993,43792,312785
0.4963078259337435,0.6231791330922372,0.7308863445729172,0.7561880920123076,14,11,1.7195378151260505,2.0,0.11081932773109243,0.8503151260504201,0.8610031445587522,0.8788145842566216,18,132d7a6b7c163ea04d69bc93df184b89b97e9d46495939d582b679cf227e9087,446f9d6b71d45ea43e4e36df5df4d071ffb506efad1ee4517a477cd021678336,1b75ede040bb32822eb10aa022f44fce2cd50cd7b499bad495bccede7af7b7f3,aa1213e38bb39da2898fe7ed9e0488f0e76de7ad358894fa23fab4a97b2beb7e,a4970bcc696bae2fa02cbfbffe182a9908f3d72a974b2a29ab7b8f07bac03de1,4cda84ec9d0c7bfd947c921c3ca7dcc3145fdb94d871d2aa909a3363d0d8d020,31a93646d54df15eea11963aa2d195ec9aaae449b7a213aa2a7da6b83ed34ccb,45696,283120,269180,43792,312972
0.49191636115403753,0.6234069628177372,0.6819440339248058,0.686284710017181,13,10,2.3781512605042017,2.0,0.0031512605042016808,0.7195378151260504,0.8195496761765438,0.8389760032447855,19,132d7a6b7c163ea04d69bc93df184b89b97e9d46495939d582b679cf227e9087,bc3a11d2423c9637c62e42897b6cf3b41083a75b49d24c9cac4d826836b6737b,e4dab71aa003c5ca5bd401d070c4d98cdb124eac36631241916645d250115761,499dab84070b41b7dfa63cfeccbd7d9b65c26dad57914e9a11e0771a5978e5e9,a4970bcc696bae2fa02cbfbffe182a9908f3d72a974b2a29ab7b8f07bac03de1,bf387cd6b58a8ab8f1c939aa9d747f5416b23d5519ffbf8ebff16bd892bb5a87,9fe53951e2975069152c27287b5a9e73d7a8f0f2c88edde8db1ec5dd63e08c7e,45696,283120,268834,43792,312626
0.4789048122606597,0.6142571328139158,0.5004427173240523,0.6896583589207895,14,11,1.5021008403361344,1.0,0.15073529411764705,0.8413865546218487,0.8694924130188465,0.8851361299957444,20,132d7a6b7c163ea04d69bc93df184b89b97e9d46495939d582b679cf227e9087,f500d6bbfaf353b3a3605cd61d94e13baf59ffb0b31a943926c6496f8ec8e316,9074d3594cb7a72a0272eab9f632e05c323fd77d90d7bd77091803b60a2d126f,f7f6a0eac5e14a3d39400f99d01fa108692f95d6afd3fa8311855f3c586dca0e,a4970bcc696bae2fa02cbfbffe182a9908f3d72a974b2a29ab7b8f07bac03de1,3501a68f21b0d634b34d4898f185c20b389876d728955796a618b6712522eef9,8487730ccdc688146348feecb51b517cfc2b25e9c3bf8bee9c62f8dde7a59a29,45696,283120,268852,43792,312644
0.4888483040885407,0.6497770924381531,0.8073989026929568,0.8463935073431181,12,10,1.6197478991596639,2.0,0.20063025210084034,0.8613445378151261,0.8587591952937743,0.8820234082107238,21,132d7a6b7c163ea04d69bc93df184b89b97e9d46495939d582b679cf227e9087,ee607001afadfbc6834093b591cdde7a6cf7db2e7316c93095197ea0438505de,cabf872e4f050cb97353b743ee521b1ead3b898bca20e303b5364503370990c8,67317671a39b1b44c59379f5e8477c23929b8bd93c9a6d334f140cbbaf1f68e4,a4970bcc696bae2fa02cbfbffe182a9908f3d72a974b2a29ab7b8f07bac03de1,a7b5519e1538e89c4c163cad1487a86781b9c752623643039046138f3d52c7a5,b639867764b3c963035d3a143f27e157b784bdf15c2fb3cd8155828c4dcf4319,45696,283120,268963,43792,312755
0.40242208299831095,0.5675414382198399,0.6260069144815078,0.5994412281632118,13,10,2.2668067226890756,2.0,0.0031512605042016808,0.7815126050420168,0.8198812792548208,0.8374324572693361,22,132d7a6b7c163ea04d69bc93df184b89b97e9d46495939d582b679cf227e9087,740038c5aa09908c128f634b8c7d81debbe8071b2f049f6264af5b6a327b2282,66af5bf20cbdf48e9b12ca743f6084996d1168b4d7fbd04cd86ccb0c12d610a0,607900526478530930e3a3dbf54a61b0cfa81f7576b81a4c01160583cbb7e11f,a4970bcc696bae2fa02cbfbffe182a9908f3d72a974b2a29ab7b8f07bac03de1,ac842bd4a60dbc99e96ab560a8002f85a9b4513d2078112ef28738b5245c3d20,f25d554aa8801fb92c19b16547e06a16dadeeb37ac4c704476402ba77aadd6b6,45696,283120,268909,43792,312701
0.5417656059099341,0.5946153172865248,0.8468707919008805,0.800929897966446,13,9,2.1570378151260505,2.0,0.0005252100840336134,0.845063025210084,0.8765033915765933,0.8653488869010616,23,132d7a6b7c163ea04d69bc93df184b89b97e9d46495939d582b679cf227e9087,ac7c683cc0221b97f20b829d27654cda90610cdcff1df994edc18c56ba954188,0ea53671d73ec883f6ac62adf1c944a70619a9b06faf2fa9ba80c5dcfa55fc9f,b6869fcd1eaa79f0a3b9898d48f8240bc0296297fc216dfd95c580f12a2bc34c,a4970bcc696bae2fa02cbfbffe182a9908f3d72a974b2a29ab7b8f07bac03de1,8f91d32878f149a21e4808f9c8d435b56b219bf7a8004e65a1b565a4d405928b,15bdd6359b286007d24163ffba17d7e05ec1de0875ec4b18e404510570a69a12,45696,283120,269102,43792,312894
0.5691900558406252,0.6582433893150884,0.021394148890465876,0.06795452010371164,12,10,1.721638655462185,1.0,0.007352941176470588,0.8177521008403361,0.8472706921678658,0.8574218712203756,24,132d7a6b7c163ea04d69bc93df184b89b97e9d46495939d582b679cf227e9087,086b8d2419a871ae791e64451836c1cb5268e4560251fb4a9baa25d3e05175a9,d3e00a3531ed67a0e14ba17e168e6b598b4e2ffcaf75cc3b982fe9557bfa7928,1254103906a9f24ba2cc26999fece4e51f8fd5a19b3c2c7eddec2389fd3942f2,a4970bcc696bae2fa02cbfbffe182a9908f3d72a974b2a29ab7b8f07bac03de1,501a41a0cfede9f8bae8bda52f41a3058942d91dd1c1a8810efa2553100eef3c,028db09bcf9ea63cefb714a6564abd28dad7369c07c7f146b5d24d9c642f68c8,45696,283120,268993,43792,312785
0.5119767447249292,0.6663437757797998,0.7408120640438777,0.7805944794519375,12,10,1.4642857142857142,2.0,0.3072478991596639,0.8534663865546218,0.859692217210949,0.8868931468501122,25,132d7a6b7c163ea04d69bc93df184b89b97e9d46495939d582b679cf227e9087,a00b909d9aa2b4e65ef5595780b96818da2cc973c8dff6381e1554972a760588,2dc5d9144f132e8ae500978a4e1f30adb7c2f32d0aa881e40002c173367c0ce3,8791058e2d81204c029cb9d3f88bb9be583e44eef48a6c5c1422bb60597979f3,a4970bcc696bae2fa02cbfbffe182a9908f3d72a974b2a29ab7b8f07bac03de1,6f6c14f9b79ee7de9534eb2659886fe3076d425f5d4203a47d422f893df90eaa,95e421045e292612a0e63004a0246226fafab82f4889ae3c1b7bb712cce0cf9b,45696,283120,268963,43792,312755
0.5580392704204087,0.6676958574482356,0.804380659766018,0.7910058667718162,10,9,1.2641806722689075,1.0,0.2347689075630252,0.8639705882352942,0.8742214614210425,0.8933970519827794,26,132d7a6b7c163ea04d69bc93df184b89b97e9d46495939d582b679cf227e9087,fab99b187f59e5d611fa53e0292f805e5bafe1b12a06e6347d21d3ffa827be51,1d210c646c5cc6bb796580183df0f544e11e99a3a91e0f7f57e91b80ad1083ac,fbee08d03bf9c5857fd530ee668bec777470a4c665689c9bc3f0d066baf77ab3,a4970bcc696bae2fa02cbfbffe182a9908f3d72a974b2a29ab7b8f07bac03de1,04fedc15acb19d3bbe56cdf218c20cfdd16b50454dde37e27eeb5a3d15db1553,77cbcc094294e22c4dc5f324b45de053e8cc466a37ef83ee873152c3a81dc241,45696,283120,269073,43792,312865
0.45703824850621994,0.6101269786971582,0.4703490225230944,0.6828785401892973,12,10,1.5982142857142858,1.0,0.16228991596638656,0.8025210084033614,0.8656490955721761,0.8784745591953325,27,132d7a6b7c163ea04d69bc93df184b89b97e9d46495939d582b679cf227e9087,b742710c9f264be8cf4a9b6eb369616a8d25d91994efda7299383e0394f12649,92b1060120b1386d47eaca1db9b656d989b11a0b1addd0191f59c94b8ec762e6,70d55ad1c4ffa31f5bde0952d1df43a20d2f52dcff9b997c21c5b207187047c9,a4970bcc696bae2fa02cbfbffe182a9908f3d72a974b2a29ab7b8f07bac03de1,787596c60d311b66c4bf39e2dcb380ba4c3556ca5e293a92c7a523c545385055,eaf2c619751ffac71ba91f989451e172a749ba8db6a886e4c439d3a61e990ec4,45696,283120,268908,43792,312700
0.5017371276459248,0.6265719243691027,0.44408851100526153,0.6517832608741287,12,10,1.4868697478991597,1.0,0.1953781512605042,0.8098739495798319,0.8720265046418518,0.8828220867754382,28,132d7a6b7c163ea04d69bc93df184b89b97e9d46495939d582b679cf227e9087,b3df26a1afb351e0904246767e45e6a15be2c91f3e6ae194290a5d4ffa2b1751,429d57ea35eb2974e64bd246c9f331eb378f125704977dba3fd664e54fef97c5,01083afab34bdcb27a6140a8f2bb6b89099a5fbfdce9b797f39fb1d7c86f628e,a4970bcc696bae2fa02cbfbffe182a9908f3d72a974b2a29ab7b8f07bac03de1,de133ac87cd1df9620acafaf7117bb89923ad6563a8533e861549bdaee00e8f8,41cc8719e4b37412acaf52cc69330f9f604d1e6e26e96d87b49306d34d7bf5d2,45696,283120,269000,43792,312792
0.6516446948106119,0.6906535551246543,0.7831701225849885,0.7866422706365424,11,9,1.271533613445378,1.0,0.18907563025210083,0.8786764705882353,0.8839477593757219,0.8899942051061799,29,132d7a6b7c163ea04d69bc93df184b89b97e9d46495939d582b679cf227e9087,7baf3f06d08449e4c413b1c0c41df3ccec0f57a07a84a4296ced9a1a16bd1b47,f893947c7de05aa345b795b13833412d4b0e31902f6dd3145d7d6bc9678c056b,4dbf4d91fb28fe44c7bf9efcca299ce9eeeefdc2da59d798a070d62a1593ebe5,a4970bcc696bae2fa02cbfbffe182a9908f3d72a974b2a29ab7b8f07bac03de1,e5deab90ce923f26ea63a98f6f83755007aac97c263f5f46a219d83ebc37ae65,b184ae2775069556ce6ea5a44d21bc03b95059ebfa492ad066fd044dbc93db30,45696,283120,269038,43792,312830
0.43157389945201374,0.5974476686423786,0.6083618479601672,0.6004362542701124,13,9,2.349264705882353,2.0,0.0063025210084033615,0.7347689075630253,0.8128259520227971,0.8331422358238739,30,132d7a6b7c163ea04d69bc93df184b89b97e9d46495939d582b679cf227e9087,d277d945924aa58507551829355ad9ce454a3fa222eb8d01752fc5511031638f,55481523584ca574496312ec4b0111194cc7064cf4a21547007c872ff97be627,d2955072ed3e3f044edc416aba7a9812a2923108ed8ca236825d23b0e1758c74,a4970bcc696bae2fa02cbfbffe182a9908f3d72a974b2a29ab7b8f07bac03de1,5f411528289c77adbf4d5d93847251eb4518f666b243539eb3b89589fe269fe6,4c0b953e1b8ae6cff02889d6b6b75f80ce7f8a77b4e72a2b80cbc495b01be4d3,45696,283120,269156,43792,312948
0.5096243996704695,0.6478656889900303,0.6698202900054884,0.7698778908241054,9,7,1.585609243697479,2.0,0.24474789915966386,0.9028361344537815,0.8491860496554048,0.8812761999850776,31,132d7a6b7c163ea04d69bc93df184b89b97e9d46495939d582b679cf227e9087,a2d1f0bd2be720bac1a13d23834ea1db5ad3621634091fc296df13f117cae7fd,6f8acb166bd9721238a50ea09469e4cd4562ba2cc6590c103996b6e25adf996e,cbdce187d937ac28565d407d7a26c2e4c07a1667a35f212aa7e7c91132b3de81,a4970bcc696bae2fa02cbfbffe182a9908f3d72a974b2a29ab7b8f07bac03de1,01934c750f16392682bd3c2c53c36759d217cdcca12d22293a6f2285be057aab,794e5dcba2a68eecdbed2f132b97b72cf4e86f5284aa6e3da2cd99246d21fce9,45696,283120,268800,43792,312592
0.4551123938149192,0.49550964695335975,0.7970822638070276,0.7714673952279738,15,8,3.581932773109244,3.0,0.0010504201680672268,0.011029411764705883,0.7825626362965147,0.7784133726016023,32,132d7a6b7c163ea04d69bc93df184b89b97e9d46495939d582b679cf227e9087,4edb51dd1b22f2d6b5578be9527784b2d47a0d19c0b7b6aa33dda8daca047687,f7dbd33663cbfa26867ca8bdd3e6ca83eb27d2b4fbcdefe90c1d9942c80bf629,3a0b2bce4d6aa293226136c00a8524ce26b436f1bed61111b3c9576c77f1f885,a4970bcc696bae2fa02cbfbffe182a9908f3d72a974b2a29ab7b8f07bac03de1,4864940ede855f22df28170fdb154019457f5937b85020cc203e039a2e8c78b3,efc2e06e948de858df7d78b964ca838007ed757539c1b122360a27b30a79b44a,45696,283120,268754,43792,312546
0.5224770898386351,0.6580621000456736,0.4425217431827993,0.6615697231472611,13,9,1.497373949579832,1.0,0.16018907563025211,0.8209033613445378,0.8661567543408147,0.8819097637275742,33,132d7a6b7c163ea04d69bc93df184b89b97e9d46495939d582b679cf227e9087,0cc4abf6816e059c9657766c62beba6ffb8f2088c228b9ec62ab7a4145e7ee17,6b050a17c71fc04097d200cf9bda6478f766bb78deb406d502fc203c1286a038,f8edaa67c834691e526e77f804a86a0bb8ebfe9a8972dca5b1bd671cb4100310,a4970bcc696bae2fa02cbfbffe182a9908f3d72a974b2a29ab7b8f07bac03de1,e1c2ecce2f5538e8bb4d2893065c11a9b69152f855d5f1b3ffb553c12cd7974d,835dcac7d9548b850fbf7672e5945b019919ead5deb3754fd8c14e94c3173c83,45696,283120,268959,43792,312751
0.4428152758385452,0.6147953669760309,0.7364143150623544,0.7394730044566744,13,10,1.780987394957983,2.0,0.0976890756302521,0.8114495798319328,0.8499087967673048,0.8708728236574699,34,132d7a6b7c163ea04d69bc93df184b89b97e9d46495939d582b679cf227e9087,e661048f58e9a564b546ff3529672ea4f115f702a91be8526dd202c1b2266d67,b31c09d657f8bb93ac4a2e6fa33240fdbfe0e4e752305f31aba9e257f2395bc0,bf6261b659bda7119aa484c4fffb12c09bda0ff4bd9d1b9320304f5a09c95e3e,a4970bcc696bae2fa02cbfbffe182a9908f3d72a974b2a29ab7b8f07bac03de1,873c12bd54ee217902434a5435179d2e1b48ec5344195660d306063af06a9757,6a3de47e5236b4bbc326748c3aa713b5afdf531a3adc5abb5067faa00c18f8bd,45696,283120,268821,43792,312613
0.5143192020673043,0.6477708331884356,0.7718490127595243,0.7591784614449879,14,10,1.7746848739495797,2.0,0.16176470588235295,0.8361344537815126,0.8515437007617226,0.8758049711593499,35,132d7a6b7c163ea04d69bc93df184b89b97e9d46495939d582b679cf227e9087,97f03aeeca187c910b8518596ea424e930d6027524b494fa9a29970629ee23f0,19f0a2cb2509baedcad697c7ed9fdc63d400bb6319970abcb43981eaa3fd52e9,7b9bbe495a9341af327b09adc070cc779c3ea3f83b6fb2566c700cbc9673e3db,a4970bcc696bae2fa02cbfbffe182a9908f3d72a974b2a29ab7b8f07bac03de1,89a187ec013aeb4a5ac86e644b2a537679082ad8e3c6cab8404368ba80e9a412,a6904c09647cbcd63022b4b03f07cb4256f2c51a8538197ce20bf08ea8807adb,45696,283120,268827,43792,312619
0.5221041667266707,0.6708882976840952,0.7113517020213741,0.7600895847890161,15,10,1.8266806722689075,2.0,0.12605042016806722,0.7773109243697479,0.8431130614636224,0.8712712328773974,36,132d7a6b7c163ea04d69bc93df184b89b97e9d46495939d582b679cf227e9087,9a1b1722e742e214d7757d0f0b7964aa43e57d43cfc93f1dc26aec85a96091bb,4e2b948e116996c8bbef4b5e93fa9ed1f86eda95789a959e69985585a59ebf78,4a5443809b981c775725b964a08f2e87bb214a29af6355c5d1984dc8e3cacf8e,a4970bcc696bae2fa02cbfbffe182a9908f3d72a974b2a29ab7b8f07bac03de1,fd58c02e5f2d2d439ee38a78b8f8b1e968ebca342837ff914a1590368c6e5b3e,f47c24a89e2f9d0c1c9b5ad7056aaefaab70ff8f8c58285d7dfbecb686836dba,45696,283120,268903,43792,312695
0.505791025936325,0.6210357568172787,0.6601046157977642,0.6751161484206742,14,10,2.2153361344537816,2.0,0.007878151260504201,0.8135504201680672,0.8339406610341082,0.8477743629927974,37,132d7a6b7c163ea04d69bc93df184b89b97e9d46495939d582b679cf227e9087,314cf0e7ecd93af7f5fd846a1e8890f30b02cea3aeef29c8cc65e0347ae6c351,e45036410efe9fb9f223bd41d874adbcdd1eef42cba6797b04d8007d51690c4c,105fd53b76a772705e270b3452534838d22e6cae93d707d3e61ff041ec13f0be,a4970bcc696bae2fa02cbfbffe182a9908f3d72a974b2a29ab7b8f07bac03de1,1696eeab6829b516ca08509c49bf91ec7b7afd3b92ebea254c15536e389d796d,a1d6f965aed354b27a7df9e47d54193ff51b9e6f44a1bc84c9c9e7a3c73d68e0,45696,283120,268968,43792,312760
0.5040674211332518,0.6403318928740018,0.7904712186380781,0.7669080107074219,11,10,1.6092436974789917,2.0,0.22058823529411764,0.7977941176470589,0.8506247195162586,0.8815687109509546,38,132d7a6b7c163ea04d69bc93df184b89b97e9d46495939d582b679cf227e9087,84ce4d3d48302e3f7aff424ed4c46a52f6b31252a0eb8670180e866d7395b38e,f324d9117a35c45fc9e27f577f3e3c6ebb8b6ceafd8580d8c64ff8783554fe4c,d132b765dba5071496b8e28a94a3ad329a64d42118c08d25b36de73f43264241,a4970bcc696bae2fa02cbfbffe182a9908f3d72a974b2a29ab7b8f07bac03de1,837f4dcb152ef752398d06021cd1185d337b4fb8ac99d5f729ca0b0fcc61609a,7ee4155d43acc88bc68a4f309eafc3acf6dc330879b440e9db3420184eb83bf6,45696,283120,268977,43792,312769
0.5074894242887913,0.6340888514870039,0.01624400083104674,0.04921473649592971,12,9,2.0141806722689077,2.0,0.006827731092436975,0.7967436974789915,0.817514798587906,0.8437288176530578,39,132d7a6b7c163ea04d69bc93df184b89b97e9d46495939d582b679cf227e9087,43ded8bdf3c612eb38feeb5278615291debac6a6788c50eea2095506021438ba,bfddc9f5b1ad43bb480113287c8ec1be46413277f876e76efaac9a2a6cfdc1f9,72572c1caea01732b01b7c4f9db98029036047fd1d76022c0aaab560b2ae1386,a4970bcc696bae2fa02cbfbffe182a9908f3d72a974b2a29ab7b8f07bac03de1,2139c3c3cda59815f681b43b0e61f1eeb495c2ca240bea7ea7c2d40701292af0,9cda562e196b5f65e6473c0ab6a43267c247f9aee2c4852193f0d15a9c8f04f5,45696,283120,268698,43792,312490
0.5137458466109291,0.6494225449434989,0.7869830062931231,0.7544781680524328,11,8,1.7279411764705883,2.0,0.19380252100840337,0.7935924369747899,0.8374109545159769,0.8691078842648635,40,132d7a6b7c163ea04d69bc93df184b89b97e9d46495939d582b679cf227e9087,840026df9cf0f39ad06db2106bb08a629f5551aad75d17e5bfe03802e384a938,fcb8a8b175ae4b9c2ef4ec5adb9bfcff58356afcf0dda4231cf3c543c558685d,5a58371874e896342c89f447d16b7f70b95172b0512ab056bef7ebbd34955da0,a4970bcc696bae2fa02cbfbffe182a9908f3d72a974b2a29ab7b8f07bac03de1,4cf4ea5a5d043bef8c6c4bb87af21a8563d278b634eb18f154f08606e092f877,c2a3cb025e09fe2caf73937c571600a1bbeed213da10e63dd8a19513b4e3abd0,45696,283120,268887,43792,312679
0.4167704060513125,0.581594042190768,0.6582974951219251,0.6439343926636821,15,10,2.9017857142857144,3.0,0.0015756302521008404,0.3088235294117647,0.8242932433110105,0.8304454576311115,41,132d7a6b7c163ea04d69bc93df184b89b97e9d46495939d582b679cf227e9087,d53da040f0a270787f2b2dc69f6f1693492aecab9ca9b9fbb32079f0e4a15cd5,321c1839296a84be370f7922697809e2a7240ef995913e8032ba1e057976b102,afda3a518e6d509c4d7e2eb7d23158543548e0e6fc53213222a2357586b897a0,a4970bcc696bae2fa02cbfbffe182a9908f3d72a974b2a29ab7b8f07bac03de1,2e0ebcb286f0dae6eee429a4bc37fff1ac1fa0fe69114af84c8754bab8c7817e,3fcd6088f2f543259c3512029d421762a12d32a2a9ab1dc0c5ea029b6e0977ed,45696,283120,269208,43792,313000
0.529571210709148,0.6160310677417157,0.7434751329809243,0.7400104376168408,10,8,1.245798319327731,1.0,0.19327731092436976,0.9180672268907563,0.8910301485173583,0.890881741856973,42,132d7a6b7c163ea04d69bc93df184b89b97e9d46495939d582b679cf227e9087,f286346d210b5bff859f9d9c20b8bbb94e60076169f39d79f1dfe59361af88e9,84a33a2634a0867f907b39c90f2a634edec8cf22cb23e6c952487ad553ed6655,332de00b0691510696643366f81be740ba1d956a52bb80e519193994ed71c330,a4970bcc696bae2fa02cbfbffe182a9908f3d72a974b2a29ab7b8f07bac03de1,dee830fd5fb4eade04ee42137698dc9501692678b05a4d1ed790765834e58bcd,44726653ea581cc4e4fbd830a07cba5da687551261fe263d4b80f9b40440341a,45696,283120,268882,43792,312674
0.47836520384796094,0.6414319683365131,0.7287829070673103,0.748892089021821,12,9,1.5635504201680672,2.0,0.20168067226890757,0.8802521008403361,0.8546334471981034,0.8769460814481029,43,132d7a6b7c163ea04d69bc93df184b89b97e9d46495939d582b679cf227e9087,5cfbd03d4b89ca0f49dd0b4ad00fc93cdbe80a4bc9656283730863da3d516bed,5d9a9a2c60becbbc506ae47be9aa1ba16b50f2992ba8b9ef425c88421c84bf2b,cea69094c4b9f43390770e8f1735f1db49954a50054950b5f8b60d58dafa243a,a4970bcc696bae2fa02cbfbffe182a9908f3d72a974b2a29ab7b8f07bac03de1,5538dae4180d732fa015829efd1f6ef22f022d35d2c668104bc6b936f86d0e55,3c2718b1675872913ac1a2f3d84a3b08aac8ea35da379ca461c52dacf646faa4,45696,283120,269048,43792,312840
0.4640187173865108,0.6124528176853008,0.4648392141166829,0.6835726133414357,13,8,2.475840336134454,2.0,0.015756302521008403,0.5246848739495799,0.8111495897897381,0.8416950772750402,44,132d7a6b7c163ea04d69bc93df184b89b97e9d46495939d582b679cf227e9087,943fb3624f5c32be9d8f216fd35d4c5d28786b6d05ace5c7d032282a2a90d64d,5107f6fc2646e83367873a0c5608604f650871fdffe3a0eb8630a1ffe474a569,2758b2d9ef052124cbf96f80a5910d04293c2bd169b5954f8ea94efeea62b26a,a4970bcc696bae2fa02cbfbffe182a9908f3d72a974b2a29ab7b8f07bac03de1,107bb7c4ad6b0e004716be4feab9f96b54f500a21bf90786d313c52fed05c730,c19f360c85b78427a32acaa9809a7be66280676da1f29c7683d023e708b71f5f,45696,283120,268787,43792,312579
0.4985530557393424,0.6547401739931444,0.6346400993929397,0.6622438829806162,14,12,1.6008403361344539,2.0,0.25630252100840334,0.8266806722689075,0.857805959647911,0.8902845237942315,45,132d7a6b7c163ea04d69bc93df184b89b97e9d46495939d582b679cf227e9087,494fd4596fd2460474dd36e3e3ff56aedae2e3e7c36646cfbc3bc28df028c484,392af16776288490f64f2b9d80b26978ffe91ef47eba85c58221c1c3c0ca4ecf,ba600342526f903eb681e4db58a88ab7620816daac9dedaa21151345be914bf9,a4970bcc696bae2fa02cbfbffe182a9908f3d72a974b2a29ab7b8f07bac03de1,2a3473d407d09868ac0249dc803d1b44ff7ed88f909d6c550b4a6e8deeb78639,6517526131a6e37e067102eb7c3438d7381e96a600b1abc7015431de37bec9b1,45696,283120,269024,43792,312816
0.38013353351929374,0.5153380038074219,0.5534045823757064,0.7004862573486936,14,8,2.3114495798319328,2.0,0.0,0.7710084033613446,0.8348367395969012,0.8236144520403752,46,132d7a6b7c163ea04d69bc93df184b89b97e9d46495939d582b679cf227e9087,fcc73a7fa1a818d33bb9a33ca7531e709f706af8a1d65df7e7bf4e89da0fe7d1,1edf6bd8ba4be6114dc0c0c6d654dbb66c8fde6b14557cb9a6d035fd6c6c6858,c9066058270369717e1ebabe80fc209d778562c07797598fd5765b5cd8476fbb,a4970bcc696bae2fa02cbfbffe182a9908f3d72a974b2a29ab7b8f07bac03de1,671e8889b76db983a004b1cabc9e8f219cffeff058f665e39bf65cd1b9858f18,3503e8b2fd75d283954140d5c00b077d67fbc17677e30adf7b0ac40d1a0df338,45696,283120,269009,43792,312801
0.27620602128236005,0.49433993727406494,0.7513852784156747,0.7204723060305619,15,8,3.7300420168067228,4.0,0.0005252100840336134,0.015756302521008403,0.7653964040270714,0.7675138996835489,47,132d7a6b7c163ea04d69bc93df184b89b97e9d46495939d582b679cf227e9087,4f1c85e15dbfa0d70375436547dac118b1b269452c9e1f06422427eea5e2fdfd,524e7a0d74650bc99d6010ba16ad288ef315b9b51ac1bb2c762f99322f5249cb,aead2e01cdc9bd0e1d36858de9746d55934a95f116caa51aab1fa868ae1525fd,a4970bcc696bae2fa02cbfbffe182a9908f3d72a974b2a29ab7b8f07bac03de1,8fff4926da41587613612871dd12ee84a0cee745d2b41edb025ad18b6654f0aa,e6e539b6d016787ead494e99dc9ec38e7722ac1c698660200a37ed1bc9bd284e,45696,283120,269060,43792,312852
0.49015886862941405,0.6038659321294881,0.7277879199446362,0.6904168411959084,11,9,1.8088235294117647,2.0,0.0898109243697479,0.7710084033613446,0.8463337778318833,0.8713789137012896,48,132d7a6b7c163ea04d69bc93df184b89b97e9d46495939d582b679cf227e9087,34bba57877b6eaf74909fc0fe7983e10f954269b149804b09d6b3aa24873e16e,947cf6e09dec5837af979caf21e6b66c51f75461ccb433739a29ef0b70cc325e,02eafcd334d2d1a81ba3748e9196ee0bb405d638f14dac3c150fec5a86179441,a4970bcc696bae2fa02cbfbffe182a9908f3d72a974b2a29ab7b8f07bac03de1,6d255a6763b0db61bf8d5517eee12bd2245dc642f617c2d2c88db5646023a513,a66b75347c4ce1ba0cedf47ff325694b12a5288d370382d5b5c2e9c1a9e58b6f,45696,283120,268850,43792,312642
0.6061198948495091,0.6649653384602525,0.8354636414807036,0.7892023538039961,11,9,1.2347689075630253,1.0,0.20903361344537816,0.8918067226890757,0.8930166897839291,0.8981917900993764,49,132d7a6b7c163ea04d69bc93df184b89b97e9d46495939d582b679cf227e9087,c18e9e57abe008e2c0c1d01ed414cd2b4581e2f7b681b199e6d3ada5e1a00f74,919f9dcaa52cc034bc7559708f507ac2b54f2940a4ecc348bb335a946ace537c,190d5abfc59469c23c7657fb9107cb80373dfdd38ffb4a371a14c393cdb7b4d9,a4970bcc696bae2fa02cbfbffe182a9908f3d72a974b2a29ab7b8f07bac03de1,238ba385b9b95f009314dad624657c8690edd65b276c23cb1ed4d3ab0a6950e1,c3ec7a6f1f95aab29fed4aaccf41df11c904d0983ee6faa5bff42bdcd19f76ed,45696,283120,268913,43792,312705
