scope,group,metric,n,mean,median,SD,min,max,q05,q10,q25,q75,q90,q95,share_ge_0.90,share_ge_0.80,share_ge_0.70,share_ge_0.50
run,all,ARI_all_supra,50,0.4983548697840434,0.504580439243847,0.07113068827801802,0.27620602128236005,0.6516446948106119,0.39016338078485147,0.4192537873005575,0.4725876151056726,0.5278977729422258,0.5792403364766435,0.6065145770451477,,,,
run,all,NMI_all_supra,50,0.6190770924000354,0.6272836144062095,0.04787684369935761,0.4914327452291461,0.6906535551246543,0.5044324075376877,0.5634248781448229,0.598596955868454,0.6496884555644895,0.6664789839466433,0.6732933340262225,,,,
run,all,ARI_Dec2024,50,0.6757362312689855,0.7282854135059733,0.17847992892981976,0.01624400083104674,0.890180122100349,0.4432267887029073,0.4628165748583243,0.6289720871109423,0.7861857333083933,0.835892776419766,0.8471820810769681,,,,
run,all,NMI_Dec2024,50,0.7022920362917866,0.7307903344259337,0.14631518986837325,0.04921473649592971,0.8484470995528867,0.5936501573951887,0.6395845788243252,0.6793210070988821,0.7776022900895796,0.7929924006674953,0.8122575775911332,,,,
run,all,K_supra,50,12.54,12.5,1.5414014296564469,9.0,15.0,10.0,10.0,12.0,14.0,15.0,15.0,,,,
run,all,K_Dec2024,50,9.3,9.0,1.0546302185881002,7.0,12.0,8.0,8.0,9.0,10.0,11.0,11.0,,,,
run,all,mean_switches,50,1.9123004201680676,1.7205882352941178,0.5925067220840599,1.2347689075630253,3.7300420168067228,1.2674894957983194,1.3638655462184874,1.5069590336134453,2.2624737394957983,2.5727941176470592,3.1432773109243684,,,,
run,all,median_switches,50,1.82,2.0,0.6288960200872896,1.0,4.0,1.0,1.0,1.0,2.0,2.0,3.0,,,,
run,all,share_zero_switches,50,0.1138235294117647,0.13707983193277312,0.09725713262504289,0.0,0.3072478991596639,0.00023634453781512613,0.0005252100840336134,0.006433823529411764,0.19931722689075632,0.2357668067226891,0.25346638655462184,,,,
run,all,share_le2_switches,50,0.7463970588235295,0.8156512605042017,0.21498192133047586,0.011029411764705883,0.9180672268907563,0.15341386554621853,0.5327205882352941,0.758797268907563,0.8554359243697478,0.8815126050420168,0.8923844537815127,,,,
run,all,mean_adjacent_ARI,50,0.8470157114655467,0.853088573979913,0.03088581095924189,0.733461127579164,0.8930166897839291,0.7918604032679316,0.8126583157994912,0.8368014688518286,0.8654447311932911,0.8773771176453563,0.8835253074492374,,,,
run,all,mean_adjacent_NMI,50,0.862064885748481,0.8763755263037264,0.03176220433060077,0.7599171407552474,0.8981917900993764,0.7892477514152724,0.8297623570720379,0.8457898566963772,0.8819949970899363,0.887203252675719,0.8906129937287394,,,,
run,all,node_count,50,45696.0,45696.0,0.0,45696.0,45696.0,45696.0,45696.0,45696.0,45696.0,45696.0,45696.0,,,,
run,all,base_intralayer_count,50,283120.0,283120.0,0.0,283120.0,283120.0,283120.0,283120.0,283120.0,283120.0,283120.0,283120.0,,,,
run,all,retained_intralayer_count,50,268941.44,268950.0,114.71173453843475,268698.0,269208.0,268768.85,268808.1,268857.25,268999.5,269075.9,269153.3,,,,
run,all,temporal_edge_count,50,43792.0,43792.0,0.0,43792.0,43792.0,43792.0,43792.0,43792.0,43792.0,43792.0,43792.0,,,,
run,all,edge_count,50,312733.44,312742.0,114.71173453843475,312490.0,313000.0,312560.85,312600.1,312649.25,312791.5,312867.9,312945.3,,,,
archetype,A,retention,50,0.9412765957446808,0.9574468085106383,0.05679256274347312,0.6524822695035462,0.9929078014184397,0.8723404255319149,0.8794326241134752,0.9219858156028369,0.9787234042553191,0.9929078014184397,0.9929078014184397,0.82,0.98,0.98,1.0
archetype,A,precision,50,0.7268135437384217,0.8852853243208112,0.29621548169150463,0.07032498668087374,0.9858156028368794,0.2262966049838584,0.27430351710519296,0.48998352515845595,0.9593125734430081,0.97730625,0.9852450980392157,,,,
archetype,A,Jaccard,50,0.6882053842730724,0.8347820813455162,0.27701203674251346,0.06998939554612937,0.972027972027972,0.22592933382407068,0.2704029649252401,0.44176736908685377,0.8867167600611309,0.9320624580898553,0.9462670678083777,,,,
archetype,A,within_pair_coassignment,50,0.8926849037487335,0.917274569402229,0.08837055671045842,0.5124620060790274,0.9858156028368794,0.7682826747720365,0.7810131712259372,0.8523302938196555,0.9578520770010132,0.9858156028368794,0.9858156028368794,,,,
archetype,A,n_destinations,50,3.2,3.0,0.8081220356417685,2.0,5.0,2.0,2.0,3.0,4.0,4.0,4.549999999999997,,,,
archetype,B,retention,50,0.9720408163265306,1.0,0.09710708989829739,0.5510204081632653,1.0,0.7535714285714286,0.9887755102040816,1.0,1.0,1.0,1.0,0.92,0.94,0.94,1.0
archetype,B,precision,50,0.6145776954211677,0.6227305737109659,0.2824970152009738,0.05114544485881726,1.0,0.24680476190476192,0.33691385076692426,0.34446717500464946,0.8596491228070176,1.0,1.0,,,,
archetype,B,Jaccard,50,0.601487178885548,0.5779793398841018,0.2766563182979579,0.05109100585417775,1.0,0.21628230131643103,0.33691385076692426,0.34446717500464946,0.8596491228070176,0.9898062255205112,1.0,,,,
archetype,B,within_pair_coassignment,50,0.963757626762045,1.0,0.11926705763102496,0.5001051967178624,1.0,0.6335682726698927,0.9775930990953082,1.0,1.0,1.0,1.0,,,,
archetype,B,n_destinations,50,1.16,1.0,0.3703280399090206,1.0,2.0,1.0,1.0,1.0,1.0,2.0,2.0,,,,
archetype,C,retention,50,0.7186206896551723,0.6551724137931034,0.14163910837420254,0.5862068965517241,1.0,0.5862068965517241,0.5862068965517241,0.6206896551724138,0.8879310344827587,0.9310344827586207,0.95,0.16,0.32,0.34,1.0
archetype,C,precision,50,0.8393131386968362,1.0,0.2952948808176715,0.01072961373390558,1.0,0.028470772442588728,0.4628897944720058,0.7940340909090908,1.0,1.0,1.0,,,,
archetype,C,Jaccard,50,0.5899290715372217,0.6206896551724138,0.2058905483851674,0.010678056593699947,0.9,0.028059439661811774,0.4373873873873875,0.5862068965517241,0.6811140408701385,0.7267857142857143,0.8289215686274509,,,,
archetype,C,within_pair_coassignment,50,0.5821674876847291,0.49014778325123154,0.18659574937326798,0.4064039408866995,1.0,0.4088669950738916,0.41576354679802957,0.4482758620689655,0.7869458128078818,0.8669950738916257,0.9022167487684727,,,,
archetype,C,n_destinations,50,3.22,3.0,0.8154127538760192,1.0,5.0,2.0,2.0,3.0,4.0,4.0,4.0,,,,
archetype,D,retention,50,0.9758169934640523,0.9869281045751634,0.034236623935199086,0.8235294117647058,1.0,0.9049019607843137,0.9215686274509803,0.9754901960784313,0.9934640522875817,1.0,1.0,0.96,1.0,1.0,1.0
archetype,D,precision,50,0.5116609246776777,0.45812079213246437,0.24388422401222878,0.08098028769312733,0.9931972789115646,0.24565323465490685,0.29767675258659987,0.3285882607545627,0.6514505451713396,0.941,0.9603020058598152,,,,
archetype,D,Jaccard,50,0.4993048541706833,0.44805559893799785,0.2288642636074262,0.08093716719914804,0.948051948051948,0.24527763314978726,0.29602918820310126,0.32644294664894624,0.6251275380063259,0.8632870370370371,0.93999032492139,,,,
archetype,D,within_pair_coassignment,50,0.9544805641554867,0.9740282077743379,0.06032595067306644,0.7074303405572755,1.0,0.8242733058135535,0.8542569659442725,0.9518403852769178,0.9869281045751634,1.0,1.0,,,,
archetype,D,n_destinations,50,2.02,2.0,0.6848208465261076,1.0,3.0,1.0,1.0,2.0,2.0,3.0,3.0,,,,
archetype,E,retention,50,0.8726881720430107,0.9086021505376344,0.14475817530710086,0.5645161290322581,1.0,0.6147849462365591,0.6236559139784946,0.7473118279569892,0.9946236559139785,1.0,1.0,0.6,0.72,0.78,1.0
archetype,E,precision,50,0.7628877042254889,0.7512790240062968,0.22643574927512153,0.09909429941395845,1.0,0.50874943000456,0.5344177057930336,0.6347824179680646,0.9759116377330761,0.984810266622414,0.9914007466892083,,,,
archetype,E,Jaccard,50,0.6834200830393755,0.6645545314900154,0.21636858041189072,0.09909429941395845,0.9738219895287958,0.3737583395107487,0.4073943661971831,0.6180619486557981,0.8782826912642431,0.9020234864160375,0.9594357026587086,,,,
archetype,E,within_pair_coassignment,50,0.8153513513513514,0.8320836965998256,0.18427836926650584,0.5010171461784365,1.0,0.5175443185120604,0.5280441732054635,0.6063353676256902,0.989247311827957,1.0,1.0,,,,
archetype,E,n_destinations,50,2.48,3.0,0.8861749953869041,1.0,4.0,1.0,1.0,2.0,3.0,3.1000000000000014,4.0,,,,
archetype,F,retention,50,0.7028134556574925,0.6437308868501529,0.19700039213401413,0.3547400611620795,0.9877675840978594,0.4859327217125382,0.4923547400611621,0.5160550458715596,0.9174311926605504,0.9547400611620795,0.9711009174311926,0.3,0.4,0.44,0.82
archetype,F,precision,50,0.4767619695373152,0.5050724637681159,0.23066185082678348,0.12121212121212122,0.9587301587301588,0.15420559534733874,0.16486403830694488,0.2644278618427115,0.6114456300813008,0.8247199785050967,0.8809295199182838,,,,
archetype,F,Jaccard,50,0.4009165523969318,0.366831119544592,0.2111971575172315,0.09931506849315068,0.888235294117647,0.13627560418146226,0.14756200725904398,0.21573602100710534,0.5475370771884374,0.707416682269238,0.772816679779701,,,,
archetype,F,within_pair_coassignment,50,0.6272861672388886,0.5138271326991989,0.2035968956448561,0.28430986285435544,0.975685259188383,0.3862863736140035,0.40631132624153393,0.47802105026172115,0.8455892009530779,0.9124781899026285,0.9434869889870734,,,,
archetype,F,n_destinations,50,3.88,4.0,0.7182745765700876,3.0,5.0,3.0,3.0,3.0,4.0,5.0,5.0,,,,
archetype,G,retention,50,0.9063419689119172,0.9751295336787564,0.1456993419792234,0.5098445595854922,0.9989637305699481,0.5389119170984455,0.6229015544041451,0.8772020725388601,0.9968911917098445,0.9989637305699481,0.9989637305699481,0.7,0.86,0.86,1.0
archetype,G,precision,50,0.8930402061871401,0.8987430342776255,0.10899811892163386,0.512519978689398,1.0,0.7416478370947105,0.7828001678469387,0.8463353527074149,0.9840783723762447,0.9942945432071836,0.9963782344481682,,,,
archetype,G,Jaccard,50,0.8127641568695849,0.8515453670793476,0.14524645333136563,0.4314410480349345,0.964984552008239,0.4853454627471619,0.5310354885755956,0.8109359646365533,0.9019868796946603,0.9467480992827425,0.9577741436827119,,,,
archetype,G,within_pair_coassignment,50,0.8684965063530626,0.9511437662588953,0.17219514064932667,0.45490723023670804,0.9979274611398964,0.4987031582568314,0.4999335669597747,0.7820921032829532,0.9937904456818524,0.9979274611398964,0.9979274611398964,,,,
archetype,G,n_destinations,50,3.2,3.0,0.7824607964359516,2.0,5.0,2.0,2.0,3.0,4.0,4.0,4.0,,,,
pair,A/B,cross_coassignment,50,0.03972065421913446,0.0,0.1819767002608451,0.0,0.9266174554928355,0.0,0.0,0.0,0.0047944709798813144,0.014184397163120567,0.014184397163120567,,,,
pair,A/C,cross_coassignment,50,0.10203961848862803,0.011983370017119101,0.21015937129826542,0.0,0.9244314013206163,0.0,0.0,0.002384446074834923,0.03967962827097089,0.27314746881878216,0.6170212765957445,,,,
pair,A/D,cross_coassignment,50,0.230527047698512,0.01870393547489918,0.38963732339406104,0.0002781254345709915,0.9929078014184397,0.00054698002132295,0.006508135168961202,0.007358735456357484,0.0975177304964539,0.9609929078014185,0.977008297408798,,,,
pair,A/E,cross_coassignment,50,0.06885914741096621,0.01294516891634256,0.19657233904649027,0.0,0.9361702127659575,0.00022878059940517045,0.0017349195454892097,0.0066632349576755895,0.014251124837947075,0.07469686570578853,0.36766948829405927,,,,
pair,A/F,cross_coassignment,50,0.2074153599236558,0.08661374628581343,0.26630549687998784,0.005921009824972347,0.9625436484698636,0.012575097056846033,0.015613681219771403,0.03279328518446223,0.29554622942286424,0.5368273797904874,0.8669041577200857,,,,
pair,A/G,cross_coassignment,50,0.04176077609965825,0.0010289200014698856,0.18372675487647708,0.0,0.9332598390475141,0.0,0.0,5.3283357218976226e-05,0.0050288465071840665,0.02683202880976004,0.03542424576489178,,,,
pair,B/C,cross_coassignment,50,0.030541871921182268,0.0,0.1520248442230278,0.0,0.844475721323012,0.0,0.0,0.0,0.0,0.0,0.0,,,,
pair,B/D,cross_coassignment,50,0.04426437241563292,0.0,0.1930548418015834,0.0,0.9833266639989329,0.0,0.0,0.0,0.006535947712418301,0.0196078431372549,0.058496732026143625,,,,
pair,B/E,cross_coassignment,50,0.4655859117840684,0.39532587228439764,0.393857175090328,0.0,1.0,0.0,0.009622558700899717,0.08602150537634409,0.9717741935483871,0.9946236559139785,0.9975806451612903,,,,
pair,B/F,cross_coassignment,50,0.0390245272420895,0.0,0.19095836390739013,0.0,0.9676090619734132,0.0,0.0,0.0,0.0,0.0005336079385882869,0.008038444735692431,,,,
pair,B/G,cross_coassignment,50,0.03920376440731733,0.0,0.19400964334843876,0.0,0.983641746854182,0.0,0.0,0.0,0.0,0.0,0.0,,,,
pair,C/D,cross_coassignment,50,0.06633761550597252,0.0,0.21098508233347943,0.0,0.9188640973630832,0.0,0.0,0.0,0.0,0.10344827586206896,0.6354518819021858,,,,
pair,C/E,cross_coassignment,50,0.03280682239525399,0.0,0.15436022950648443,0.0,0.8620689655172413,0.0,0.0,0.0,0.0,0.0028364849833148135,0.034176863181312536,,,,
pair,C/F,cross_coassignment,50,0.11299799641463673,0.024517557734894023,0.21032885707605375,0.0,0.9042497100073816,0.001318148265316883,0.0025202994832858798,0.00719708952863018,0.12633132974797004,0.282157545080671,0.6152167035748177,,,,
pair,C/G,cross_coassignment,50,0.1472538860103627,0.06959085224227265,0.19909537535486832,0.0009648025728068608,0.9300696801858138,0.012122565660175097,0.03090226907271753,0.036242629980346615,0.16612470966589243,0.34447739860639626,0.5475826335536886,,,,
pair,D/E,cross_coassignment,50,0.12831822334668636,0.024175978635181672,0.22913989332892515,0.005376344086021506,0.9934640522875817,0.005629348513598988,0.01074566027127697,0.014512615081875044,0.08024984187223277,0.3798369527022279,0.5097881087919034,,,,
pair,D/F,cross_coassignment,50,0.4347980252243609,0.4587455777418001,0.3098887055963028,0.011792688533109472,0.9813115868161739,0.01813475645100038,0.021234834402670346,0.13588575083448262,0.6297895304910954,0.9250704563170834,0.9498480941816073,,,,
pair,D/G,cross_coassignment,50,0.04773856209150326,0.0003386501405398083,0.19450573763713672,0.0,0.9903755630058586,0.0,0.0,0.0,0.017022249314233465,0.029600731484303575,0.053225981238782215,,,,
pair,E/F,cross_coassignment,50,0.06031600407747197,0.0062724014336917565,0.19503294173398122,0.0,0.9877675840978594,0.0,0.0,0.0026388477853408303,0.01598105948505475,0.12566505540758283,0.19476505211929881,,,,
pair,E/G,cross_coassignment,50,0.04003521087525768,0.0,0.19698245208174586,0.0,0.9968911917098445,0.0,0.0,0.0,0.00010028413839211098,0.0005838765390829574,0.004370995598640579,,,,
pair,F/G,cross_coassignment,50,0.317797784855255,0.28943131942133704,0.23501485879311917,0.034098651582133065,0.9846968040436691,0.04234856047281773,0.05311657238833167,0.10703918492814249,0.4712237169431636,0.5874066327581563,0.7193611256357841,,,,
