method,family,status,K,MQ,Q_resolution_0_5,AVI,AVU,S_Dbw,S_Dbw_status,SW,CHn,reason
Louvain,Aitchison+level,CANONICAL_REBUILT,9.0,0.7674484517761571,0.8396535378887006,0.9074499787168073,0.5062908676778485,,S_Dbw undefined under the fixed Round-14 implementation,0.16964528233789158,0.4596719066993631,
Greedy,Aitchison+level,CANONICAL_REBUILT,6.0,0.526519603238624,0.7490452010648541,0.8424313679560349,0.3455222493739695,,S_Dbw undefined under the fixed Round-14 implementation,0.18767190743413867,0.26672811526596446,
Spectral,Aitchison+level,CANONICAL_REBUILT,9.0,0.7223770241338744,0.8181547189012137,0.9105978420375958,0.4675191388395764,,S_Dbw undefined under the fixed Round-14 implementation,0.18711061771856258,0.43877900207741444,
KMeans,Aitchison+level,CANONICAL_REBUILT,9.0,0.7294461209801181,0.7921339359022097,0.8467151402540033,0.5344576298204967,,S_Dbw undefined under the fixed Round-14 implementation,0.20450652190888335,0.5905684240787298,
Ward,Aitchison+level,CANONICAL_REBUILT,9.0,0.7257852254715453,0.7939183963404225,0.8384299353486048,0.4936050360165549,,S_Dbw undefined under the fixed Round-14 implementation,0.17248094449367554,0.5036750970574652,
Cosine,Cosine,UNREPRODUCIBLE_HISTORICAL_BENCHMARK_COMPONENT,,,,,,,,,,"No historical generator/config/labels in repository or supplied DOCX: trajectory representation, normalization, lag/window/DTW constraint and graph tie rules unestablished. No guessed reconstruction."
Correlation trajectory,Correlation trajectory,UNREPRODUCIBLE_HISTORICAL_BENCHMARK_COMPONENT,,,,,,,,,,"No historical generator/config/labels in repository or supplied DOCX: trajectory representation, normalization, lag/window/DTW constraint and graph tie rules unestablished. No guessed reconstruction."
Lagged correlation,Lagged correlation,UNREPRODUCIBLE_HISTORICAL_BENCHMARK_COMPONENT,,,,,,,,,,"No historical generator/config/labels in repository or supplied DOCX: trajectory representation, normalization, lag/window/DTW constraint and graph tie rules unestablished. No guessed reconstruction."
DTW,DTW,UNREPRODUCIBLE_HISTORICAL_BENCHMARK_COMPONENT,,,,,,,,,,"No historical generator/config/labels in repository or supplied DOCX: trajectory representation, normalization, lag/window/DTW constraint and graph tie rules unestablished. No guessed reconstruction."
