method,input_period,municipalities,feature_geometry,feature_sha256,distance_metric,graph_construction,k,isolate_handling,algorithm,algorithm_parameters,requested_K,resulting_K,random_seed,silhouette_geometry,CH_geometry,AVI_definition,AVU_definition,MQ_definition,S_Dbw_status,historical_parameter_identity,status,reason
Louvain,2024-12-01,1904.0,sqrt(.70)*CLR/median_pair_distance + sqrt(.30)*robust_z(log(Total))/median_pair_distance; 7D,abdb84b73cfed7ad5af2b1143d217627cc5c2c688de1accbc863342b715af8ca,Euclidean in the fixed 7D reference geometry,undirected mutual-kNN adaptive RBF; same graph for all network metrics,20.0,static nearest-neighbor fallback enabled,Louvain,"{""resolution"": 0.5, ""seed"": 0}",,9.0,0.0,Euclidean fixed reference December 7D features,fixed reference December 7D features; CH divided by N,mean_c internal ordered adjacency count/(internal+external); unweighted,sum_c sum_d!=c block_cd/(external_c+external_d-block_cd)/K; unweighted; zero denominators=0,"weighted Newman-Girvan modularity on same reference static graph, resolution=1",S_Dbw undefined under the fixed Round-14 implementation,"UNESTABLISHED; explicit Round16 specification, not a reconstruction of undocumented old settings",,
Greedy,2024-12-01,1904.0,sqrt(.70)*CLR/median_pair_distance + sqrt(.30)*robust_z(log(Total))/median_pair_distance; 7D,abdb84b73cfed7ad5af2b1143d217627cc5c2c688de1accbc863342b715af8ca,Euclidean in the fixed 7D reference geometry,undirected mutual-kNN adaptive RBF; same graph for all network metrics,20.0,static nearest-neighbor fallback enabled,Greedy,"{""best_n"": null, ""cutoff"": 1, ""resolution"": 0.5, ""weight"": ""weight""}",,6.0,,Euclidean fixed reference December 7D features,fixed reference December 7D features; CH divided by N,mean_c internal ordered adjacency count/(internal+external); unweighted,sum_c sum_d!=c block_cd/(external_c+external_d-block_cd)/K; unweighted; zero denominators=0,"weighted Newman-Girvan modularity on same reference static graph, resolution=1",S_Dbw undefined under the fixed Round-14 implementation,"UNESTABLISHED; explicit Round16 specification, not a reconstruction of undocumented old settings",,
Spectral,2024-12-01,1904.0,sqrt(.70)*CLR/median_pair_distance + sqrt(.30)*robust_z(log(Total))/median_pair_distance; 7D,abdb84b73cfed7ad5af2b1143d217627cc5c2c688de1accbc863342b715af8ca,Euclidean in the fixed 7D reference geometry,undirected mutual-kNN adaptive RBF; same graph for all network metrics,20.0,static nearest-neighbor fallback enabled,Spectral,"{""affinity"": ""precomputed"", ""assign_labels"": ""kmeans"", ""eigen_solver"": ""arpack"", ""n_clusters"": 9, ""n_init"": 20, ""random_state"": 0}",9.0,9.0,0.0,Euclidean fixed reference December 7D features,fixed reference December 7D features; CH divided by N,mean_c internal ordered adjacency count/(internal+external); unweighted,sum_c sum_d!=c block_cd/(external_c+external_d-block_cd)/K; unweighted; zero denominators=0,"weighted Newman-Girvan modularity on same reference static graph, resolution=1",S_Dbw undefined under the fixed Round-14 implementation,"UNESTABLISHED; explicit Round16 specification, not a reconstruction of undocumented old settings",,
KMeans,2024-12-01,1904.0,sqrt(.70)*CLR/median_pair_distance + sqrt(.30)*robust_z(log(Total))/median_pair_distance; 7D,abdb84b73cfed7ad5af2b1143d217627cc5c2c688de1accbc863342b715af8ca,Euclidean in the fixed 7D reference geometry,undirected mutual-kNN adaptive RBF; same graph for all network metrics,20.0,static nearest-neighbor fallback enabled,KMeans,"{""algorithm"": ""lloyd"", ""init"": ""k-means++"", ""max_iter"": 300, ""n_clusters"": 9, ""n_init"": 50, ""random_state"": 0}",9.0,9.0,0.0,Euclidean fixed reference December 7D features,fixed reference December 7D features; CH divided by N,mean_c internal ordered adjacency count/(internal+external); unweighted,sum_c sum_d!=c block_cd/(external_c+external_d-block_cd)/K; unweighted; zero denominators=0,"weighted Newman-Girvan modularity on same reference static graph, resolution=1",S_Dbw undefined under the fixed Round-14 implementation,"UNESTABLISHED; explicit Round16 specification, not a reconstruction of undocumented old settings",,
Ward,2024-12-01,1904.0,sqrt(.70)*CLR/median_pair_distance + sqrt(.30)*robust_z(log(Total))/median_pair_distance; 7D,abdb84b73cfed7ad5af2b1143d217627cc5c2c688de1accbc863342b715af8ca,Euclidean in the fixed 7D reference geometry,undirected mutual-kNN adaptive RBF; same graph for all network metrics,20.0,static nearest-neighbor fallback enabled,Ward,"{""linkage"": ""ward"", ""metric"": ""euclidean"", ""n_clusters"": 9}",9.0,9.0,,Euclidean fixed reference December 7D features,fixed reference December 7D features; CH divided by N,mean_c internal ordered adjacency count/(internal+external); unweighted,sum_c sum_d!=c block_cd/(external_c+external_d-block_cd)/K; unweighted; zero denominators=0,"weighted Newman-Girvan modularity on same reference static graph, resolution=1",S_Dbw undefined under the fixed Round-14 implementation,"UNESTABLISHED; explicit Round16 specification, not a reconstruction of undocumented old settings",,
Cosine,UNESTABLISHED,,UNESTABLISHED,,,,,,Louvain (historical table context),,,,,,,,,,,,UNREPRODUCIBLE_HISTORICAL_BENCHMARK_COMPONENT,"No historical generator/config/labels in repository or supplied DOCX: trajectory representation, normalization, lag/window/DTW constraint and graph tie rules unestablished. No guessed reconstruction."
Correlation trajectory,UNESTABLISHED,,UNESTABLISHED,,,,,,Louvain (historical table context),,,,,,,,,,,,UNREPRODUCIBLE_HISTORICAL_BENCHMARK_COMPONENT,"No historical generator/config/labels in repository or supplied DOCX: trajectory representation, normalization, lag/window/DTW constraint and graph tie rules unestablished. No guessed reconstruction."
Lagged correlation,UNESTABLISHED,,UNESTABLISHED,,,,,,Louvain (historical table context),,,,,,,,,,,,UNREPRODUCIBLE_HISTORICAL_BENCHMARK_COMPONENT,"No historical generator/config/labels in repository or supplied DOCX: trajectory representation, normalization, lag/window/DTW constraint and graph tie rules unestablished. No guessed reconstruction."
DTW,UNESTABLISHED,,UNESTABLISHED,,,,,,Louvain (historical table context),,,,,,,,,,,,UNREPRODUCIBLE_HISTORICAL_BENCHMARK_COMPONENT,"No historical generator/config/labels in repository or supplied DOCX: trajectory representation, normalization, lag/window/DTW constraint and graph tie rules unestablished. No guessed reconstruction."
